<?xml version="1.0"?>
<COLLADA xmlns="http://www.collada.org/2005/11/COLLADASchema" version="1.4.1">
    <asset>
        <contributor>
            <authoring_tool>CINEMA4D 15.064 COLLADA Exporter</authoring_tool>
        </contributor>
        <created>2021-07-17T20:15:40Z</created>
        <modified>2021-07-17T20:15:40Z</modified>
        <unit meter="0.01" name="centimeter"/>
        <up_axis>Y_UP</up_axis>
    </asset>
    <library_images>
        <image id="ID5">
            <init_from>CHA_008_101.png</init_from>
        </image>
    </library_images>
    <library_effects>
        <effect id="ID4">
            <profile_COMMON>
                <newparam sid="ID6">
                    <surface type="2D">
                        <init_from>ID5</init_from>
                    </surface>
                </newparam>
                <newparam sid="ID7">
                    <sampler2D>
                        <source>ID6</source>
                    </sampler2D>
                </newparam>
                <technique sid="COMMON">
                    <blinn>
                        <diffuse>
                            <texture texture="ID7" texcoord="UVSET0"/>
                        </diffuse>
                    </blinn>
                </technique>
            </profile_COMMON>
        </effect>
    </library_effects>
    <library_materials>
        <material id="ID3" name="CHA_001_001_Body">
            <instance_effect url="#ID4"/>
        </material>
    </library_materials>
    <library_geometries>
        <geometry id="ID69">
            <mesh>
                <source id="ID70">
                    <float_array id="ID71" count="96">0.116842 0.384979 0.27859 0.0976155 0.375366 0.281154 0.11492 0.388825 0.277309 0.157219 0.39267 0.266413 0.157219 0.396515 0.26385 0.213618 0.391388 0.24975 0.214259 0.395874 0.246546 0.259121 0.386261 0.224755 0.259121 0.386261 0.224755 0.214259 0.386902 0.245264 0.213618 0.391388 0.24975 0.157219 0.39267 0.266413 0.15786 0.388184 0.261286 0.116842 0.384979 0.27859 0.116202 0.382416 0.274104 0.0976155 0.375366 0.281154 -0.117085 0.384979 0.27859 -0.114521 0.388825 0.277309 -0.0978578 0.375366 0.281154 -0.15682 0.39267 0.266413 -0.15682 0.396515 0.26385 -0.213219 0.391388 0.24975 -0.214501 0.395874 0.246546 -0.259364 0.386261 0.224755 -0.259364 0.386261 0.224755 -0.213219 0.391388 0.24975 -0.214501 0.386902 0.245264 -0.15682 0.39267 0.266413 -0.157461 0.388184 0.261286 -0.117085 0.384979 0.27859 -0.116444 0.382416 0.274104 -0.0978578 0.375366 0.281154</float_array>
                    <technique_common>
                        <accessor count="32" source="#ID71" stride="3">
                            <param name="X" type="float"/>
                            <param name="Y" type="float"/>
                            <param name="Z" type="float"/>
                        </accessor>
                    </technique_common>
                </source>
                <source id="ID72">
                    <float_array id="ID73" count="96">0.0854553 0.35327 0.93161 -0.0253914 0.304681 0.952116 0.111704 0.420926 0.900191 0.203101 0.495565 0.844491 0.220881 0.541595 0.811102 0.323754 0.518275 0.791565 0.360043 0.507653 0.782725 0.465122 0.46958 0.750438 0.308127 -0.650333 0.694352 0.224844 -0.688714 0.689288 0.25129 -0.666232 0.702131 0.230969 -0.70252 0.673141 0.253798 -0.765567 0.59118 0.349356 -0.790996 0.502271 0.35692 -0.832108 0.424505 0.452635 -0.800526 0.392784 -0.0837384 0.36492 0.927266 -0.110503 0.428501 0.896758 0.0238282 0.301809 0.95307 -0.201218 0.503654 0.840145 -0.221454 0.53331 0.816418 -0.32538 0.494047 0.806254 -0.362308 0.470987 0.804304 -0.467688 0.42137 0.776991 -0.317641 -0.623573 0.714326 -0.258274 -0.645223 0.719014 -0.229026 -0.675306 0.701077 -0.233464 -0.697279 0.677714 -0.256032 -0.765127 0.590787 -0.352136 -0.790156 0.501651 -0.358684 -0.83162 0.423974 -0.452635 -0.800526 0.392784</float_array>
                    <technique_common>
                        <accessor count="32" source="#ID73" stride="3">
                            <param name="X" type="float"/>
                            <param name="Y" type="float"/>
                            <param name="Z" type="float"/>
                        </accessor>
                    </technique_common>
                </source>
                <source id="ID74">
                    <float_array id="ID75" count="22">0.958798 0.22326 0.958798 0.229339 0.961837 0.22326 0.961837 0.211103 0.964877 0.211103 0.961837 0.201984 0.961837 0.198945 0.955759 0.189827 0.958798 0.201984 0.958798 0.211103 0.955759 0.22326</float_array>
                    <technique_common>
                        <accessor count="11" source="#ID75" stride="2">
                            <param name="S" type="float"/>
                            <param name="T" type="float"/>
                        </accessor>
                    </technique_common>
                </source>
                <vertices id="ID76">
                    <input semantic="POSITION" source="#ID70"/>
                </vertices>
                <triangles count="24" material="Material1">
                    <input offset="0" semantic="VERTEX" source="#ID76"/>
                    <input offset="1" semantic="NORMAL" source="#ID72"/>
                    <input offset="2" semantic="TEXCOORD" source="#ID74" set="0"/>
                    <p>2 2 2 1 1 1 0 0 0 2 2 2 0 0 0 3 3 3 4 4 4 2 2 2 3 3 3 4 4 4 3 3 3 5 5 5 6 6 6 4 4 4 5 5 5 6 6 6 5 5 5 7 7 7 10 10 5 9 9 8 8 8 7 10 10 5 11 11 3 9 9 8 11 11 3 12 12 9 9 9 8 11 11 3 13 13 0 12 12 9 13 13 0 14 14 10 12 12 9 13 13 0 15 15 1 14 14 10 18 18 1 17 17 2 16 16 0 16 16 0 17 17 2 19 19 3 17 17 2 20 20 4 19 19 3 19 19 3 20 20 4 21 21 5 20 20 4 22 22 6 21 21 5 21 21 5 22 22 6 23 23 7 26 26 8 25 25 5 24 24 7 27 27 3 25 25 5 26 26 8 28 28 9 27 27 3 26 26 8 29 29 0 27 27 3 28 28 9 30 30 10 29 29 0 28 28 9 31 31 1 29 29 0 30 30 10</p>
                </triangles>
            </mesh>
        </geometry>
        <geometry id="ID78">
            <mesh>
                <source id="ID79">
                    <float_array id="ID80" count="1224">-0.116127 0.32357 0.266816 -0.115474 0.327484 0.266164 -0.0959043 0.307261 0.268773 -0.161138 0.324874 0.247246 -0.161138 0.324874 0.247246 -0.116127 0.32357 0.266816 -0.118084 0.319656 0.260293 -0.0959043 0.307261 0.268773 0.116105 0.32357 0.266816 0.0958827 0.307261 0.268773 0.115453 0.327484 0.266164 0.161116 0.324874 0.247246 0.161116 0.324874 0.247246 0.118062 0.319656 0.260293 0.116105 0.32357 0.266816 0.0958827 0.307261 0.268773 0.271361 0.208759 0.171575 0.266143 0.209411 0.179403 0.27658 0.228981 0.180056 0.284408 0.229633 0.165052 0.298107 0.270078 0.163747 0.281146 0.254422 0.186579 0.264838 0.266816 0.200278 0.246573 0.273992 0.212673 0.250487 0.293562 0.197016 0.279189 0.282473 0.179403 0.281146 0.254422 0.186579 0.298107 0.270078 0.163747 0.221784 0.298781 0.21463 0.218522 0.278559 0.229633 0.18721 0.298781 0.228981 0.190472 0.279863 0.239418 0.152636 0.297476 0.239418 0.157855 0.278559 0.247246 0.121976 0.29291 0.246594 0.129804 0.275949 0.25116 0.080879 0.332703 0.274645 0.129804 0.264207 0.233547 0.10632 0.262902 0.234852 0.129152 0.365972 0.265512 0.155898 0.265512 0.228329 0.194386 0.367276 0.240071 0.187862 0.265512 0.220501 0.212651 0.264859 0.210063 0.253748 0.349663 0.204192 0.24853 0.257031 0.190493 0.285713 0.328788 0.183317 0.231569 0.264207 0.20093 0.300064 0.285734 0.1644 0.263533 0.243985 0.179403 0.291584 0.211368 0.157224 0.142851 0.120693 0.24268 0.142851 0.100471 0.262902 0.106972 0.109603 0.272688 0.191124 0.0874239 0.247246 0.188515 0.114822 0.228329 0.252444 0.101123 0.21202 0.234178 0.127216 0.204192 0.256358 0.155267 0.176142 0.27658 0.144177 0.163095 0.241354 0.163747 0.185274 0.220479 0.146787 0.197669 0.186558 0.135044 0.213325 0.142851 0.135044 0.227676 0.283103 0.172228 0.156572 0.236135 0.166357 0.188536 0.255053 0.19245 0.180056 0.21526 0.15331 0.195712 0.185905 0.141568 0.208759 0.143503 0.140263 0.222458 0.115453 0.162443 0.230286 0.0652229 0.120693 0.291605 0.0286921 0.1644 0.28443 0.115453 0.162443 0.230286 0.100449 0.202887 0.235504 0.106972 0.109603 0.272688 0.142851 0.120693 0.24268 0.0436958 0.223762 0.273992 0.0991444 0.239418 0.236157 0.0436958 0.223762 0.273992 0.080879 0.332703 0.274645 0.0436958 0.223762 0.273992 0.0991444 0.239418 0.236157 0.100449 0.202887 0.235504 0.291584 0.211368 0.157224 0.264838 0.228981 0.178099 0.263533 0.243985 0.179403 0.261576 0.210716 0.176794 0.256358 0.155267 0.176142 0.255053 0.19245 0.180056 0.283103 0.172228 0.156572 0.100449 0.202887 0.235504 0.0913164 0.206149 0.206149 0.113496 0.153962 0.200278 0.115453 0.162443 0.230286 0.144808 0.13374 0.193755 0.143503 0.140263 0.222458 0.191124 0.132435 0.18136 0.185905 0.141568 0.208759 0.228307 0.150701 0.159833 0.21526 0.15331 0.195712 0.236135 0.166357 0.188536 0.255053 0.19245 0.180056 0.258967 0.189188 0.153962 0.0991444 0.239418 0.236157 0.10632 0.262902 0.234852 0.0919687 0.257031 0.210063 0.264838 0.228981 0.178099 0.261576 0.210716 0.176794 0.26549 0.208759 0.156572 0.263533 0.243985 0.179403 0.266143 0.248551 0.159181 0.212651 0.264859 0.210063 0.231569 0.264207 0.20093 0.223088 0.30139 0.176142 0.204171 0.313132 0.185274 0.185253 0.319656 0.191798 0.187862 0.265512 0.220501 0.24592 0.281168 0.167009 0.24853 0.257031 0.190493 0.263533 0.243985 0.179403 0.266143 0.248551 0.159181 0.155898 0.265512 0.228329 0.155898 0.318351 0.199626 0.127195 0.311828 0.207454 0.129804 0.264207 0.233547 0.10632 0.262902 0.234852 0.104363 0.294215 0.21202 0.0919687 0.257031 0.210063 0.0991444 0.239418 0.236157 0.0919687 0.257031 0.210063 0.0913164 0.206149 0.206149 0.100449 0.202887 0.235504 0.261576 0.210716 0.176794 0.255053 0.19245 0.180056 0.258967 0.189188 0.153962 0.26549 0.208759 0.156572 0.0913164 0.206149 0.206149 0.185905 0.217891 0.177446 0.113496 0.153962 0.200278 0.144808 0.13374 0.193755 0.191124 0.132435 0.18136 0.228307 0.150701 0.159833 0.0919687 0.257031 0.210063 0.104363 0.294215 0.21202 0.127195 0.311828 0.207454 0.155898 0.318351 0.199626 0.185253 0.319656 0.191798 0.204171 0.313132 0.185274 0.223088 0.30139 0.176142 0.24592 0.281168 0.167009 0.266143 0.248551 0.159181 0.26549 0.208759 0.156572 0.258967 0.189188 0.153962 0.185905 0.217891 0.177446 0.258967 0.189188 0.153962 0.228307 0.150701 0.159833 0.24853 0.257031 0.190493 0.231569 0.264207 0.20093 0.246573 0.273992 0.212673 0.264838 0.266816 0.200278 0.263533 0.243985 0.179403 0.281146 0.254422 0.186579 0.218522 0.278559 0.229633 0.212651 0.264859 0.210063 0.190472 0.279863 0.239418 0.187862 0.265512 0.220501 0.157855 0.278559 0.247246 0.155898 0.265512 0.228329 0.129804 0.275949 0.25116 0.129804 0.264207 0.233547 0.264838 0.228981 0.178099 0.27658 0.228981 0.180056 0.271361 0.208759 0.171575 0.255053 0.19245 0.180056 0.266143 0.209411 0.179403 0.0991444 0.239418 0.236157 0.080879 0.332703 0.274645 0.10632 0.262902 0.234852 0.10632 0.270078 0.253117 0.08675 0.261598 0.255727 0.10632 0.279211 0.246594 0.129804 0.275949 0.25116 0.129804 0.264207 0.233547 0.10632 0.262902 0.234852 0.10632 0.270078 0.253117 0.129804 0.275949 0.25116 0.08675 0.261598 0.255727 0.261576 0.210716 0.176794 0.264838 0.228981 0.178099 0.27658 0.228981 0.180056 0.266143 0.209411 0.179403 0.255053 0.19245 0.180056 0.261576 0.210716 0.176794 0.266143 0.209411 0.179403 0.264838 0.228981 0.178099 0.26549 0.208759 0.156572 0.266143 0.248551 0.159181 0.283103 0.172228 0.156572 0.255053 0.19245 0.180056 0.261576 0.210716 0.176794 0.291584 0.211368 0.157224 0.129804 0.275949 0.25116 0.10632 0.279211 0.246594 0.113496 0.279863 0.255074 0.10632 0.279211 0.246594 0.0952304 0.28182 0.258336 0.113496 0.279863 0.255074 0.129804 0.275949 0.25116 0.113496 0.279863 0.255074 0.121976 0.29291 0.246594 0.0952304 0.28182 0.258336 0.121976 0.29291 0.246594 0.113496 0.279863 0.255074 -0.271383 0.208759 0.171575 -0.28443 0.229633 0.165052 -0.276602 0.228981 0.180056 -0.266164 0.209411 0.179403 -0.298129 0.270078 0.163747 -0.281168 0.254422 0.186579 -0.264859 0.266816 0.200278 -0.279211 0.282473 0.179403 -0.250508 0.293562 0.197016 -0.246594 0.273992 0.212673 -0.281168 0.254422 0.186579 -0.298129 0.270078 0.163747 -0.221805 0.298781 0.21463 -0.218544 0.278559 0.229633 -0.187231 0.298781 0.228981 -0.190493 0.279863 0.239418 -0.152658 0.297476 0.239418 -0.157224 0.278559 0.247246 -0.121998 0.29291 0.246594 -0.129826 0.275949 0.25116 -0.0809005 0.332703 0.274645 -0.106342 0.262902 0.234852 -0.129826 0.264207 0.233547 -0.129173 0.365972 0.265512 -0.155919 0.265512 0.228329 -0.194407 0.367276 0.240071 -0.187884 0.265512 0.220501 -0.212673 0.264859 0.210063 -0.25377 0.349663 0.204192 -0.248551 0.257031 0.190493 -0.285734 0.328788 0.183317 -0.23159 0.264207 0.20093 -0.300086 0.285734 0.1644 -0.263555 0.243985 0.179403 -0.191145 0.0874239 0.247246 -0.188536 0.114822 0.228329 -0.142873 0.120693 0.24268 -0.142873 0.100471 0.262902 -0.252465 0.101123 0.21202 -0.2342 0.127216 0.204192 -0.256379 0.155267 0.176142 -0.276602 0.144177 0.163095 -0.283125 0.172228 0.156572 -0.255074 0.19245 0.180056 -0.291605 0.211368 0.157224 -0.261598 0.210716 0.176794 -0.142873 0.135044 0.227676 -0.115474 0.162443 0.230286 -0.106994 0.109603 0.272688 -0.0652444 0.120693 0.291605 -0.0280612 0.1644 0.28443 -0.186579 0.135044 0.213325 -0.220501 0.146787 0.197669 -0.241375 0.163747 0.185274 -0.255074 0.19245 0.180056 -0.143525 0.140263 0.222458 -0.185927 0.141568 0.208759 -0.215282 0.15331 0.195712 -0.236157 0.166357 0.188536 -0.100471 0.202887 0.235504 -0.0437173 0.223762 0.273992 -0.0991659 0.239418 0.236157 -0.0809005 0.332703 0.274645 -0.0437173 0.223762 0.273992 -0.0437173 0.223762 0.273992 -0.100471 0.202887 0.235504 -0.0991659 0.239418 0.236157 -0.300086 0.285734 0.1644 -0.263555 0.243985 0.179403 -0.264859 0.228981 0.178099 -0.264859 0.228981 0.178099 -0.291605 0.211368 0.157224 -0.300086 0.285734 0.1644 -0.291605 0.211368 0.157224 -0.264859 0.228981 0.178099 -0.261598 0.210716 0.176794 -0.100471 0.202887 0.235504 -0.115474 0.162443 0.230286 -0.113517 0.153962 0.200278 -0.0913379 0.206149 0.206149 -0.14483 0.13374 0.193755 -0.143525 0.140263 0.222458 -0.191145 0.132435 0.18136 -0.185927 0.141568 0.208759 -0.228329 0.150701 0.159833 -0.215282 0.15331 0.195712 -0.236157 0.166357 0.188536 -0.255074 0.19245 0.180056 -0.258988 0.189188 0.153962 -0.0991659 0.239418 0.236157 -0.0919902 0.257031 0.210063 -0.106342 0.262902 0.234852 -0.264859 0.228981 0.178099 -0.265512 0.208759 0.156572 -0.261598 0.210716 0.176794 -0.212673 0.264859 0.210063 -0.204192 0.313132 0.185274 -0.22311 0.30139 0.176142 -0.23159 0.264207 0.20093 -0.185274 0.319656 0.191798 -0.187884 0.265512 0.220501 -0.245942 0.281168 0.167009 -0.248551 0.257031 0.190493 -0.263555 0.243985 0.179403 -0.266164 0.248551 0.159181 -0.155919 0.265512 0.228329 -0.155919 0.318351 0.199626 -0.127216 0.311828 0.207454 -0.129826 0.264207 0.233547 -0.106342 0.262902 0.234852 -0.104385 0.294215 0.21202 -0.0919902 0.257031 0.210063 -0.0991659 0.239418 0.236157 -0.100471 0.202887 0.235504 -0.0913379 0.206149 0.206149 -0.0919902 0.257031 0.210063 -0.261598 0.210716 0.176794 -0.265512 0.208759 0.156572 -0.258988 0.189188 0.153962 -0.255074 0.19245 0.180056 -0.0913379 0.206149 0.206149 -0.113517 0.153962 0.200278 -0.185927 0.217891 0.177446 -0.14483 0.13374 0.193755 -0.191145 0.132435 0.18136 -0.228329 0.150701 0.159833 -0.0919902 0.257031 0.210063 -0.104385 0.294215 0.21202 -0.127216 0.311828 0.207454 -0.155919 0.318351 0.199626 -0.185274 0.319656 0.191798 -0.204192 0.313132 0.185274 -0.22311 0.30139 0.176142 -0.245942 0.281168 0.167009 -0.266164 0.248551 0.159181 -0.265512 0.208759 0.156572 -0.258988 0.189188 0.153962 -0.185927 0.217891 0.177446 -0.228329 0.150701 0.159833 -0.258988 0.189188 0.153962 -0.248551 0.257031 0.190493 -0.264859 0.266816 0.200278 -0.246594 0.273992 0.212673 -0.23159 0.264207 0.20093 -0.263555 0.243985 0.179403 -0.281168 0.254422 0.186579 -0.218544 0.278559 0.229633 -0.212673 0.264859 0.210063 -0.190493 0.279863 0.239418 -0.187884 0.265512 0.220501 -0.157224 0.278559 0.247246 -0.155919 0.265512 0.228329 -0.129826 0.275949 0.25116 -0.129826 0.264207 0.233547 -0.264859 0.228981 0.178099 -0.276602 0.228981 0.180056 -0.271383 0.208759 0.171575 -0.266164 0.209411 0.179403 -0.255074 0.19245 0.180056 -0.0991659 0.239418 0.236157 -0.106342 0.262902 0.234852 -0.0809005 0.332703 0.274645 -0.106342 0.270078 0.253117 -0.105689 0.279211 0.246594 -0.0867715 0.261598 0.255727 -0.129826 0.275949 0.25116 -0.129826 0.264207 0.233547 -0.129826 0.275949 0.25116 -0.106342 0.270078 0.253117 -0.106342 0.262902 0.234852 -0.0867715 0.261598 0.255727 -0.261598 0.210716 0.176794 -0.266164 0.209411 0.179403 -0.276602 0.228981 0.180056 -0.264859 0.228981 0.178099 -0.255074 0.19245 0.180056 -0.263555 0.243985 0.179403 -0.266164 0.248551 0.159181 -0.264859 0.228981 0.178099 -0.264859 0.228981 0.178099 -0.266164 0.248551 0.159181 -0.265512 0.208759 0.156572 -0.129826 0.275949 0.25116 -0.113517 0.279863 0.255074 -0.105689 0.279211 0.246594 -0.105689 0.279211 0.246594 -0.113517 0.279863 0.255074 -0.0952519 0.28182 0.258336 -0.129826 0.275949 0.25116 -0.121998 0.29291 0.246594 -0.113517 0.279863 0.255074 -0.0952519 0.28182 0.258336 -0.113517 0.279863 0.255074 -0.121998 0.29291 0.246594</float_array>
                    <technique_common>
                        <accessor count="408" source="#ID80" stride="3">
                            <param name="X" type="float"/>
                            <param name="Y" type="float"/>
                            <param name="Z" type="float"/>
                        </accessor>
                    </technique_common>
                </source>
                <source id="ID81">
                    <float_array id="ID82" count="1002">-0.179989 0.190821 0.964983 0.0327305 0.158994 0.986737 -0.384296 0.213731 0.898129 -0.263431 -0.790297 0.553204 -0.416758 -0.718879 0.556351 -0.558157 -0.626886 0.543576 0.179989 0.190821 0.964983 -0.0327305 0.158994 0.986737 0.384296 0.213731 0.898129 0.263431 -0.790297 0.553205 0.416758 -0.718878 0.556352 0.558157 -0.626886 0.543576 0.785092 -0.400676 0.472324 0.741481 -0.413082 0.528743 0.822195 -0.337293 0.458507 0.84221 -0.331764 0.424989 0.854629 -0.272197 0.442174 0.852234 -0.268148 0.449215 0.644804 0.346034 0.681533 0.55199 0.445863 0.704638 0.576199 0.427154 0.696803 0.673816 0.281948 0.682991 0.711816 0.220272 0.666932 0.703812 0.221749 0.674889 0.456235 0.486386 0.74517 0.383724 0.497754 0.777815 0.288361 0.510263 0.810234 0.245414 0.474621 0.845285 0.192834 0.445358 0.87434 0.149904 0.379776 0.912852 0.126662 0.358689 0.924824 0.103992 0.303036 0.947288 0.220738 -0.381026 0.897827 0.214518 -0.351541 0.911263 0.0750494 -0.473083 0.877816 0.307074 -0.270531 0.912424 0.264744 -0.24397 0.932947 0.361248 -0.202028 0.910321 0.305405 -0.198667 0.931267 0.44219 -0.113411 0.889722 0.462196 -0.1599 0.872242 0.511104 -0.114031 0.851921 0.496711 -0.172323 0.850637 -0.40713 0.295018 -0.864413 0.514207 -0.156078 0.843345 0.508313 -0.13937 0.84982 0.508845 -0.139986 0.8494 0.371255 0.629421 0.682641 0.368541 0.657336 0.657334 0.349347 0.662555 0.662553 0.339728 0.592061 0.730786 0.285636 0.544158 0.788863 0.414584 0.484193 0.770505 0.359659 0.433807 0.82611 0.550026 0.234933 0.801422 0.613498 0.229932 0.755481 0.475515 0.106729 0.873209 0.257803 0.393991 0.882218 0.220038 0.584947 0.780654 0.38768 0.625433 0.677154 0.564266 0.0602608 0.823391 0.387896 0.0883966 0.917455 0.49312 -0.0778125 0.866474 0.156189 0.464768 0.871548 0.197471 0.611337 0.766337 0.407759 0.619664 0.670633 0.605233 0.550466 0.575048 0.464127 0.507679 0.725843 0.532762 0.204815 0.821106 0.486273 0.411603 0.770793 0.546042 0.0453421 0.83653 0.457807 0.510579 0.72782 0.45177 0.513131 0.729794 0.562108 0.00334592 0.827057 0.590587 -0.20625 0.780171 0.562603 0.0053308 0.82671 0.577092 -0.0861859 0.812118 0.608597 -0.0160624 0.793317 0.541973 -0.15577 0.825833 0.614405 -0.0612435 0.78661 0.902851 0.382347 -0.196648 0.885846 0.402458 -0.230879 0.797704 0.557363 -0.230248 0.691697 0.693048 -0.203074 0.360512 0.905451 -0.22403 0.147385 0.956263 -0.252663 -0.255284 0.913792 -0.315934 -0.39305 0.864757 -0.312582 -0.651805 0.722893 -0.229294 -0.51244 0.822681 -0.246174 -0.709394 0.681849 -0.178446 -0.802024 0.580969 -0.138678 -0.781717 0.59352 -0.191447 0.857143 -0.285713 -0.428572 -0.961093 0.186198 -0.204038 -0.986875 -0.073302 -0.143891 -0.442221 -0.488903 -0.75194 -0.550159 -0.566926 -0.613123 -0.553552 -0.516705 -0.653143 -0.515991 -0.461291 -0.721779 -0.302498 -0.466127 -0.831397 -0.284276 -0.459711 -0.84134 -0.726108 -0.528577 -0.439743 -0.674489 -0.551013 -0.491376 -0.807736 -0.491255 -0.325931 -0.852081 -0.476101 -0.217453 -0.17453 -0.472154 -0.864066 -0.169376 -0.470435 -0.866027 -0.00736144 -0.505827 -0.862603 -0.0854848 -0.482374 -0.871784 0.410218 -0.48073 -0.774997 0.609958 -0.441638 -0.657957 0.860533 -0.263913 -0.435698 0.960677 0.0235052 -0.276672 0.965485 0.00764896 -0.260346 0.955349 0.0393488 -0.292847 -0.927798 0.318509 -0.194275 -0.936311 0.302562 -0.178266 -0.918744 0.334271 -0.210171 0.293761 -0.0310503 0.955374 0.289231 -0.0752256 0.954299 0.267074 0.0413512 0.962788 0.252415 0.0638423 0.965511 0.369378 0.0650156 0.927002 0.474176 0.0691578 0.87771 0.285249 -0.108938 0.952242 0.279048 -0.132696 0.951065 0.286681 -0.124275 0.949932 0.274075 -0.128553 0.953078 0.271503 -0.132692 0.953247 0.319392 -0.138306 0.937475 0.31977 -0.127728 0.938846 0.26608 -0.0941218 0.959345 0.247567 -0.0722985 0.966169 0.236821 -0.135323 0.962083 0.226638 -0.202571 0.952681 0.278133 -0.0754928 0.957571 0.0354372 -0.75401 0.655906 0.141672 -0.827423 0.543416 0.10324 -0.811835 0.574688 0.0562047 -0.71483 0.697036 -0.0905806 -0.515028 0.852374 -0.132656 -0.352252 0.926456 0.17745 -0.837223 0.517271 0.196072 -0.817841 0.54101 0.179821 -0.806717 0.562914 0.175415 -0.803901 0.568307 0.153273 -0.813259 0.561353 0.146457 -0.821858 0.550546 0.151968 -0.821686 0.549306 0.150799 -0.822535 0.548358 -0.240668 -0.164577 0.956553 -0.160442 -0.218039 0.962661 0.723789 -0.453235 0.520295 0.673055 -0.165611 0.720812 -0.109654 0.577735 0.808825 -0.141923 0.575356 0.805496 -0.0772682 0.579502 0.8113 0.160635 -0.875646 0.455457 0.245697 -0.902221 0.354443 0.247116 -0.874127 0.418133 0.2464 -0.806396 0.537599 0.411939 -0.848112 0.333186 -0.308216 0.0839627 0.947604 -0.164259 -0.041066 0.985562 -0.440523 0.205818 0.87383 -0.407396 0.299556 0.862725 -0.998625 0.0195603 -0.0486365 0.576101 -0.103768 0.810765 0.60743 -0.075732 0.790755 0.543523 -0.13158 0.829017 -0.176531 -0.958673 0.223121 -0.0800402 -0.986393 0.143607 0.300448 0.374804 0.877071 0.203289 0.43729 0.876043 -0.785091 -0.400676 0.472325 -0.842209 -0.331763 0.424991 -0.822195 -0.337293 0.458507 -0.741481 -0.413081 0.528743 -0.854629 -0.272197 0.442174 -0.852234 -0.268149 0.449214 -0.644805 0.346035 0.681533 -0.673817 0.281949 0.68299 -0.576199 0.427155 0.696803 -0.55199 0.445863 0.704637 -0.711816 0.220273 0.666931 -0.703812 0.221751 0.674889 -0.456235 0.486386 0.74517 -0.383723 0.497754 0.777815 -0.288361 0.510263 0.810234 -0.244531 0.472714 0.846609 -0.192265 0.44201 0.876163 -0.150045 0.376583 0.914151 -0.12831 0.356998 0.925251 -0.106302 0.303954 0.946737 -0.220738 -0.381026 0.897827 -0.0750495 -0.473083 0.877816 -0.214518 -0.351541 0.911263 -0.307074 -0.270531 0.912424 -0.264744 -0.24397 0.932947 -0.361248 -0.202028 0.910321 -0.305405 -0.198667 0.931267 -0.442191 -0.11341 0.889722 -0.462196 -0.1599 0.872242 -0.511105 -0.11403 0.851921 -0.496711 -0.172323 0.850637 0.407129 0.29502 -0.864412 -0.516827 -0.164108 0.840213 -0.507782 -0.138755 0.850238 -0.339728 0.592061 0.730786 -0.289765 0.579003 0.762097 -0.407165 0.613954 0.676222 -0.368541 0.657336 0.657334 -0.414584 0.484193 0.770505 -0.304169 0.50472 0.807923 -0.526567 0.194553 0.827573 -0.613499 0.229931 0.755481 -0.586841 -0.0465314 0.808364 -0.579539 -0.0818309 0.810826 -0.561599 -0.0920696 0.822271 -0.546393 -0.0458055 0.836275 -0.405485 0.623415 0.668533 -0.529691 0.46269 0.710877 -0.423498 0.563694 0.709154 -0.462324 0.509581 0.725661 -0.53058 0.20394 0.822735 -0.22933 0.579015 0.7824 -0.287514 0.407509 0.86676 -0.439208 0.00709951 0.898357 -0.493119 -0.077811 0.866475 -0.359046 0.604375 0.711208 -0.207466 0.529741 0.822394 -0.295907 0.223236 0.928765 -0.468933 -0.150108 0.870385 -0.543986 0.0418839 0.838048 -0.560691 -0.00228755 0.828022 -0.590587 -0.20625 0.780171 -0.562603 0.00533108 0.82671 -0.420509 -0.0422417 0.906305 -0.549186 -0.14209 0.823532 -0.541974 -0.15577 0.825833 -0.902851 0.382347 -0.196648 -0.691697 0.693048 -0.203074 -0.797704 0.557363 -0.230249 -0.885846 0.402458 -0.230879 -0.360512 0.905451 -0.224031 -0.147385 0.956263 -0.252663 0.255284 0.913792 -0.315934 0.393049 0.864757 -0.312582 0.651805 0.722893 -0.229294 0.51244 0.822681 -0.246174 0.709394 0.681848 -0.178447 0.802024 0.580969 -0.138679 0.781718 0.59352 -0.191447 -0.857143 -0.285713 -0.428572 0.961093 0.186198 -0.204036 0.442221 -0.488903 -0.751941 0.51599 -0.461291 -0.721779 0.553552 -0.516705 -0.653143 0.550159 -0.566926 -0.613123 0.302498 -0.466127 -0.831397 0.284276 -0.459711 -0.84134 0.726108 -0.528577 -0.439743 0.674489 -0.551013 -0.491375 0.807736 -0.491255 -0.325931 0.85208 -0.476102 -0.217454 0.174531 -0.472154 -0.864066 0.169376 -0.470435 -0.866027 0.00736142 -0.505827 -0.862603 0.0854848 -0.482374 -0.871784 -0.410218 -0.48073 -0.774997 -0.609958 -0.441638 -0.657957 -0.860533 -0.263913 -0.435698 -0.960677 0.0235056 -0.276672 -0.955349 0.0393492 -0.292847 -0.965485 0.00764923 -0.260346 0.927798 0.31851 -0.194274 0.918745 0.334271 -0.210169 0.93631 0.302563 -0.178266 -0.293761 -0.0310503 0.955374 -0.267074 0.0413512 0.962788 -0.289231 -0.0752256 0.954299 -0.252415 0.0638423 0.965511 -0.369378 0.0650156 0.927002 -0.474175 0.0691578 0.87771 -0.285249 -0.108938 0.952242 -0.279048 -0.132696 0.951065 -0.28668 -0.124275 0.949932 -0.274075 -0.128553 0.953078 -0.271503 -0.132692 0.953247 -0.319392 -0.138306 0.937475 -0.31977 -0.127728 0.938846 -0.26608 -0.0941218 0.959345 -0.247567 -0.0722985 0.96617 -0.236821 -0.135323 0.962083 -0.226638 -0.202571 0.952681 -0.278133 -0.0754927 0.957571 -0.0354371 -0.75401 0.655906 -0.0562046 -0.71483 0.697036 -0.10324 -0.811835 0.574688 -0.141671 -0.827423 0.543416 0.0905803 -0.515028 0.852374 0.132656 -0.352252 0.926456 -0.17745 -0.837223 0.517271 -0.196072 -0.817841 0.54101 -0.178755 -0.806805 0.563128 -0.174595 -0.803216 0.569527 -0.153725 -0.811624 0.563591 -0.147985 -0.820196 0.552611 -0.153879 -0.820293 0.550854 -0.150799 -0.822535 0.548358 0.240667 -0.164577 0.956553 0.160443 -0.218039 0.962661 -0.723789 -0.453236 0.520294 -0.673054 -0.165612 0.720813 0.107395 0.572787 0.812638 0.138524 0.569065 0.810541 0.0761592 0.575944 0.813934 -0.160635 -0.875646 0.455457 -0.2464 -0.806396 0.537599 -0.247116 -0.874127 0.418133 -0.245697 -0.902221 0.354443 -0.411939 -0.848112 0.333186 0.344151 0.157869 0.925547 0.424491 0.253004 0.869366 0.308216 0.0839625 0.947604 0.164259 -0.0410659 0.985562 0.407395 0.299557 0.862725 0.986875 -0.0733038 -0.143893 0.998625 0.019561 -0.0486358 0.173504 -0.95669 0.233753 0.0790412 -0.985705 0.148789 -0.300448 0.374804 0.877071 -0.203289 0.437289 0.876043</float_array>
                    <technique_common>
                        <accessor count="334" source="#ID82" stride="3">
                            <param name="X" type="float"/>
                            <param name="Y" type="float"/>
                            <param name="Z" type="float"/>
                        </accessor>
                    </technique_common>
                </source>
                <source id="ID83">
                    <float_array id="ID84" count="220">0.977445 0.228795 0.973947 0.232293 0.980943 0.221798 0.977445 0.225296 0.959953 0.169323 0.956455 0.172821 0.96695 0.172821 0.970448 0.165824 0.973947 0.169323 0.970448 0.172821 0.980943 0.179818 0.980943 0.186814 0.984442 0.183316 0.980943 0.176319 0.98794 0.190313 0.984442 0.193811 0.98794 0.197309 0.984442 0.200808 0.984442 0.207805 0.980943 0.214801 0.977445 0.214801 0.638104 0.190313 0.662592 0.176319 0.652097 0.169323 0.655595 0.204306 0.673087 0.179818 0.683582 0.204306 0.683582 0.179818 0.690579 0.179818 0.708071 0.197309 0.708071 0.169323 0.725563 0.186814 0.701074 0.176319 0.729061 0.172821 0.711569 0.158828 0.732559 0.151831 0.662592 0.10985 0.66609 0.095857 0.648599 0.0993553 0.683582 0.095857 0.683582 0.10985 0.704572 0.0993553 0.701074 0.113349 0.718566 0.123844 0.729061 0.120345 0.711569 0.127342 0.701074 0.123844 0.683582 0.120345 0.662592 0.120345 0.732559 0.137837 0.708071 0.127342 0.715068 0.137837 0.683582 0.123844 0.662592 0.123844 0.655595 0.130841 0.631107 0.102854 0.617113 0.120345 0.648599 0.137837 0.62411 0.144834 0.648599 0.158828 0.715068 0.151831 0.715068 0.148332 0.802527 0.253283 0.809523 0.256782 0.809523 0.249785 0.806025 0.246287 0.81652 0.246287 0.809523 0.23929 0.823517 0.246287 0.823517 0.23929 0.827015 0.249785 0.830514 0.242788 0.834012 0.246287 0.83751 0.249785 0.830514 0.253283 0.802527 0.263778 0.802527 0.274274 0.809523 0.263778 0.841009 0.263778 0.841009 0.256782 0.830514 0.256782 0.841009 0.267277 0.830514 0.263778 0.830514 0.28127 0.834012 0.277772 0.827015 0.270775 0.823517 0.274274 0.820019 0.274274 0.823517 0.28127 0.830514 0.267277 0.83751 0.274274 0.81652 0.28127 0.81652 0.274274 0.813022 0.270775 0.809523 0.277772 0.809523 0.270775 0.820019 0.26028 0.973947 0.183316 0.977445 0.186814 0.96695 0.176319 0.977445 0.193811 0.977445 0.197309 0.977445 0.204306 0.973947 0.211303 0.963452 0.176319 0.952956 0.172821 0.980943 0.225296 0.956455 0.176319 0.973947 0.2183 0.655595 0.127342</float_array>
                    <technique_common>
                        <accessor count="110" source="#ID84" stride="2">
                            <param name="S" type="float"/>
                            <param name="T" type="float"/>
                        </accessor>
                    </technique_common>
                </source>
                <vertices id="ID85">
                    <input semantic="POSITION" source="#ID79"/>
                </vertices>
                <triangles count="294" material="Material1">
                    <input offset="0" semantic="VERTEX" source="#ID85"/>
                    <input offset="1" semantic="NORMAL" source="#ID81"/>
                    <input offset="2" semantic="TEXCOORD" source="#ID83" set="0"/>
                    <p>2 1 1 1 0 0 0 0 0 0 0 0 1 0 0 3 2 2 6 4 3 5 4 0 4 3 2 7 5 1 5 4 0 6 4 3 10 6 0 9 7 1 8 6 0 10 6 0 8 6 0 11 8 2 14 10 0 13 10 3 12 9 2 14 10 0 15 11 1 13 10 3 18 14 6 17 13 5 16 12 4 19 15 7 18 14 6 16 12 4 19 15 7 20 16 8 18 14 6 20 16 8 21 17 9 18 14 6 24 20 12 23 19 11 22 18 10 25 21 13 24 20 12 22 18 10 25 21 13 22 18 10 26 22 9 27 23 8 25 21 13 26 22 9 24 20 12 28 24 14 23 19 11 28 24 14 29 25 15 23 19 11 28 24 14 30 26 16 29 25 15 30 26 16 31 27 17 29 25 15 30 26 16 32 28 18 31 27 17 32 28 18 33 29 18 31 27 17 32 28 18 34 30 19 33 29 18 34 30 19 35 31 20 33 29 18 38 34 23 37 33 22 36 32 21 39 35 24 36 32 21 37 33 22 39 35 24 37 33 22 40 36 25 39 35 24 40 36 25 41 37 26 40 36 25 42 38 27 41 37 26 42 38 27 43 39 28 41 37 26 44 40 29 41 37 26 43 39 28 44 40 29 43 39 28 45 41 30 46 42 31 44 40 29 45 41 30 43 39 28 47 43 32 45 41 30 48 44 33 46 42 31 45 41 30 48 44 33 45 41 30 49 45 34 50 46 35 48 44 33 49 45 34 53 49 38 52 48 37 51 47 36 51 47 36 52 48 37 54 50 39 55 51 40 51 47 36 54 50 39 55 51 40 54 50 39 56 52 41 57 53 42 55 51 40 56 52 41 58 54 43 57 53 42 56 52 41 59 55 44 58 54 43 56 52 41 58 54 43 60 56 45 57 53 42 60 56 45 61 57 46 57 53 42 57 53 42 61 57 46 55 51 40 61 57 46 62 58 47 55 51 40 55 51 40 62 58 47 51 47 36 62 58 47 63 59 48 51 47 36 58 54 43 59 55 44 64 60 49 60 56 45 65 61 50 61 57 46 65 61 50 60 56 45 66 62 51 66 62 51 60 56 45 58 54 43 65 61 50 67 63 46 61 57 46 61 57 46 67 63 46 62 58 47 67 63 46 68 64 52 62 58 47 62 58 47 68 64 52 63 59 48 68 64 52 69 65 53 63 59 48 70 66 54 63 59 48 69 65 53 70 66 54 51 47 36 63 59 48 73 69 54 72 68 56 71 67 55 72 68 56 73 69 54 74 70 57 73 69 54 71 67 55 75 71 38 75 71 38 76 72 36 73 69 54 72 68 56 74 70 57 77 73 58 80 74 21 79 74 58 78 74 59 83 75 57 82 75 59 81 75 58 86 77 34 85 76 60 84 76 35 84 76 35 85 76 60 87 78 61 90 79 49 89 79 51 88 79 43 93 82 64 92 81 63 91 80 62 94 83 65 93 82 64 91 80 62 95 84 66 93 82 64 94 83 65 96 85 67 95 84 66 94 83 65 97 86 68 95 84 66 96 85 67 98 87 69 97 86 68 96 85 67 99 88 70 97 86 68 98 87 69 100 89 71 99 88 70 98 87 69 101 90 72 99 88 70 100 89 71 99 88 70 101 90 72 102 91 73 103 92 74 99 88 70 102 91 73 106 93 77 105 93 76 104 93 75 109 94 80 108 94 79 107 94 78 111 95 82 107 95 78 110 95 81 114 98 85 113 97 84 112 96 83 115 99 86 114 98 85 112 96 83 116 100 87 115 99 86 112 96 83 117 101 88 116 100 87 112 96 83 114 98 85 118 102 89 113 97 84 118 102 89 119 103 90 113 97 84 119 103 90 118 102 89 120 104 81 118 102 89 121 105 82 120 104 81 117 101 88 122 106 91 116 100 87 122 106 91 123 107 92 116 100 87 124 108 93 123 107 92 122 106 91 125 109 94 124 108 93 122 106 91 124 108 93 125 109 94 126 110 76 127 111 95 124 108 93 126 110 76 128 112 77 127 111 95 126 110 76 131 113 63 130 114 77 129 113 75 132 115 62 131 113 63 129 113 75 135 116 74 134 117 73 133 116 79 136 118 80 135 116 74 133 116 79 139 121 64 138 120 96 137 119 63 140 122 66 138 120 96 139 121 64 141 123 68 138 120 96 140 122 66 142 124 70 138 120 96 141 123 68 137 119 63 138 120 96 143 125 77 138 120 96 144 126 95 143 125 77 138 120 96 145 127 93 144 126 95 145 127 93 138 120 96 146 128 92 147 129 87 146 128 92 138 120 96 147 129 87 138 120 96 148 130 86 138 120 96 149 131 85 148 130 86 138 120 96 150 132 89 149 131 85 150 132 89 138 120 96 151 133 82 138 120 96 152 134 80 151 133 82 138 120 96 153 135 74 152 134 80 156 136 70 155 136 74 154 136 96 159 139 11 158 138 98 157 137 97 160 140 10 159 139 11 157 137 97 160 140 10 157 137 97 161 141 99 162 142 9 160 140 10 161 141 99 159 139 11 163 143 15 158 138 98 163 143 15 164 144 100 158 138 98 163 143 15 165 145 17 164 144 100 165 145 17 166 146 101 164 144 100 165 145 17 167 147 18 166 146 101 167 147 18 168 148 102 166 146 101 167 147 18 169 149 20 168 148 102 169 149 20 170 150 103 168 148 102 162 142 9 161 141 99 171 151 104 172 152 6 162 142 9 171 151 104 175 153 5 174 153 105 173 153 4 178 154 23 177 154 21 176 154 59 181 155 0 180 156 1 179 155 0 181 155 0 179 155 0 182 157 106 185 160 0 184 159 3 183 158 2 186 161 106 185 160 0 183 158 2 185 160 0 187 162 1 184 159 3 190 163 6 189 164 104 188 163 107 191 165 5 190 163 6 188 163 107 194 166 5 193 166 107 192 166 105 197 167 82 196 167 80 195 167 78 200 168 61 199 169 51 198 168 49 201 170 35 200 168 61 198 168 49 204 171 106 203 171 0 202 171 106 207 172 20 206 172 108 205 172 103 210 173 106 209 173 106 208 173 106 213 174 20 212 174 19 211 174 108 216 177 6 215 176 7 214 175 4 217 178 5 216 177 6 214 175 4 218 179 8 215 176 7 216 177 6 219 180 9 218 179 8 216 177 6 222 183 12 221 182 13 220 181 10 223 184 11 222 183 12 220 181 10 220 181 10 221 182 13 224 185 9 221 182 13 225 186 8 224 185 9 226 187 14 222 183 12 223 184 11 227 188 15 226 187 14 223 184 11 228 189 16 226 187 14 227 188 15 229 190 17 228 189 16 227 188 15 230 191 18 228 189 16 229 190 17 231 192 18 230 191 18 229 190 17 232 193 19 230 191 18 231 192 18 233 194 20 232 193 19 231 192 18 236 197 22 235 196 23 234 195 21 234 195 21 237 198 24 236 197 22 236 197 22 237 198 24 238 199 25 238 199 25 237 198 24 239 200 26 240 201 27 238 199 25 239 200 26 241 202 28 240 201 27 239 200 26 239 200 26 242 203 29 241 202 28 241 202 28 242 203 29 243 204 30 242 203 29 244 205 31 243 204 30 245 206 32 241 202 28 243 204 30 244 205 31 246 207 33 243 204 30 243 204 30 246 207 33 247 208 34 250 211 36 249 210 40 248 209 39 251 212 37 250 211 36 248 209 39 248 209 39 249 210 40 252 213 41 249 210 40 253 214 42 252 213 41 253 214 42 254 215 43 252 213 41 254 215 43 255 216 44 252 213 41 256 217 49 255 216 44 254 215 43 254 215 43 257 218 51 256 217 49 258 219 35 256 217 49 257 218 51 259 220 61 258 219 35 257 218 51 250 211 36 260 221 48 249 210 40 250 211 36 261 222 109 260 221 48 262 223 38 261 222 109 250 211 36 251 212 37 262 223 38 250 211 36 263 224 55 261 222 109 262 223 38 264 225 56 261 222 109 263 224 55 260 221 48 265 226 47 249 210 40 265 226 47 266 227 46 253 214 42 253 214 42 266 227 46 254 215 43 249 210 40 265 226 47 253 214 42 266 227 46 267 228 45 254 215 43 254 215 43 267 228 45 268 229 51 260 221 48 261 222 109 269 230 53 260 221 48 269 230 53 265 226 47 269 230 53 270 231 52 265 226 47 265 226 47 270 231 52 266 227 46 270 231 52 271 232 46 266 227 46 266 227 46 271 232 46 267 228 45 271 232 46 272 233 50 267 228 45 267 228 45 272 233 50 268 229 51 273 234 57 261 222 109 264 225 56 273 234 57 264 225 56 274 235 58 277 236 58 276 236 21 275 236 59 280 237 59 279 237 57 278 237 58 283 238 60 282 238 34 281 238 33 286 239 33 285 239 35 284 239 60 289 240 61 288 240 60 287 240 35 292 243 64 291 242 65 290 241 62 293 244 63 292 243 64 290 241 62 292 243 64 294 245 66 291 242 65 294 245 66 295 246 67 291 242 65 294 245 66 296 247 68 295 246 67 296 247 68 297 248 69 295 246 67 296 247 68 298 249 70 297 248 69 298 249 70 299 250 71 297 248 69 298 249 70 300 251 72 299 250 71 300 251 72 298 249 70 301 252 73 298 249 70 302 253 74 301 252 73 305 254 76 304 254 77 303 254 75 308 255 79 307 255 80 306 255 78 311 258 85 310 257 86 309 256 83 312 259 84 311 258 85 309 256 83 310 257 86 313 260 87 309 256 83 313 260 87 314 261 88 309 256 83 315 262 89 311 258 85 312 259 84 316 263 90 315 262 89 312 259 84 315 262 89 316 263 90 317 264 81 318 265 82 315 262 89 317 264 81 319 266 91 314 261 88 313 260 87 320 267 92 319 266 91 313 260 87 320 267 92 321 268 93 319 266 91 321 268 93 322 269 94 319 266 91 322 269 94 321 268 93 323 270 76 321 268 93 324 271 95 323 270 76 324 271 95 325 272 77 323 270 76 328 273 63 327 274 62 326 273 75 329 275 77 328 273 63 326 273 75 332 276 74 331 277 80 330 276 79 333 278 73 332 276 74 330 276 79 336 281 96 335 280 64 334 279 63 336 281 96 337 282 66 335 280 64 336 281 96 338 283 68 337 282 66 336 281 96 339 284 70 338 283 68 336 281 96 334 279 63 340 285 77 341 286 95 336 281 96 340 285 77 342 287 93 336 281 96 341 286 95 336 281 96 342 287 93 343 288 92 343 288 92 344 289 87 336 281 96 336 281 96 344 289 87 345 290 86 346 291 85 336 281 96 345 290 86 347 292 89 336 281 96 346 291 85 336 281 96 347 292 89 348 293 82 349 294 80 336 281 96 348 293 82 350 295 74 336 281 96 349 294 80 353 296 74 352 296 70 351 296 96 356 299 11 355 298 10 354 297 97 357 300 98 356 299 11 354 297 97 354 297 97 355 298 10 358 301 99 355 298 10 359 302 9 358 301 99 360 303 15 356 299 11 357 300 98 361 304 100 360 303 15 357 300 98 362 305 17 360 303 15 361 304 100 363 306 101 362 305 17 361 304 100 364 307 18 362 305 17 363 306 101 365 308 102 364 307 18 363 306 101 366 309 20 364 307 18 365 308 102 367 310 103 366 309 20 365 308 102 358 301 99 359 302 9 368 311 104 359 302 9 369 312 6 368 311 104 372 313 105 371 313 5 370 313 4 375 314 21 374 314 23 373 314 59 378 316 1 377 315 0 376 315 0 376 315 0 377 315 0 379 317 106 382 320 0 381 319 106 380 318 2 383 321 3 382 320 0 380 318 2 384 322 1 382 320 0 383 321 3 387 325 6 386 324 5 385 323 107 388 326 104 387 325 6 385 323 107 385 323 107 386 324 5 389 327 105 392 328 78 391 328 82 390 328 81 395 329 80 394 329 82 393 329 78 398 330 0 397 330 106 396 330 106 401 331 108 400 331 20 399 331 103 404 332 106 403 332 106 402 332 106 407 333 19 406 333 20 405 333 108</p>
                </triangles>
            </mesh>
        </geometry>
        <geometry id="ID87">
            <mesh>
                <source id="ID88">
                    <float_array id="ID89" count="606">0.190876 0.0878575 0.247062 0.182841 0.055213 0.247062 0.142663 0.100413 0.262631 0.126592 0.0667641 0.267151 0.169783 0.0230707 0.235511 0.0899296 0.0527018 0.273178 0.0718496 0.0632485 0.28272 0.0899296 0.0828352 0.283222 0.12157 0.0230707 0.249071 0.109014 -0.0266495 0.227978 0.164761 -0.0140939 0.209396 0.0452317 0.0657596 0.300298 0.0557784 0.0963953 0.30532 3.16203e-005 0.0617418 0.30984 3.16203e-005 0.0893642 0.322898 0.107005 0.109453 0.272676 0.012085 0.0366307 0.3008 0.0281561 0.0361285 0.290756 0.0296628 0.0311062 0.284729 0.0929429 0.012524 0.25108 0.039205 -0.00756496 0.266649 0.0537695 -0.0371961 0.243045 3.16203e-005 -0.0447295 0.255098 3.16203e-005 -0.0171072 0.26916 3.16203e-005 0.0361285 0.301302 3.16203e-005 0.0316085 0.294271 0.0110805 0.0321107 0.293267 0.0206228 0.0321107 0.290254 0.0246406 0.0366307 0.295778 0.0261472 0.0326129 0.28724 0.0130894 0.0235729 0.291258 3.16203e-005 0.0230707 0.291258 0.0110805 0.0285951 0.291258 3.16203e-005 0.0280929 0.292262 0.0206228 0.0290973 0.289249 0.0226317 0.0245773 0.289751 0.030165 0.026084 0.285733 0.0266495 0.0290973 0.286738 0.0296628 0.0311062 0.284729 0.0261472 0.0326129 0.28724 0.0281561 0.0361285 0.290756 0.068334 0.0461729 0.264138 0.0477428 0.0446663 0.266147 0.0577873 0.0582263 0.26464 0.0376984 0.0456707 0.261627 0.043725 0.0627463 0.265142 0.0201205 0.0622441 0.270667 0.0186139 0.0446663 0.260622 3.16203e-005 0.0436618 0.261125 3.16203e-005 0.0632485 0.272676 0.0296628 0.0311062 0.284729 0.068334 0.0461729 0.264138 0.0577873 0.0582263 0.26464 0.0261472 0.0326129 0.28724 0.0266495 0.0290973 0.286738 0.0658229 0.0190529 0.253089 0.0296628 0.0311062 0.284729 0.0206228 0.0290973 0.289249 0.0432228 0.0115195 0.2556 0.0110805 0.0285951 0.291258 0.0191161 0.00599506 0.261627 3.16203e-005 0.0280929 0.292262 3.16203e-005 0.00499062 0.262631 0.0206228 0.0321107 0.290254 0.043725 0.0627463 0.265142 0.0201205 0.0622441 0.270667 0.0110805 0.0321107 0.293267 0.0261472 0.0326129 0.28724 0.0577873 0.0582263 0.26464 3.16203e-005 0.0632485 0.272676 3.16203e-005 0.0316085 0.294271 3.16203e-005 0.00499062 0.262631 3.16203e-005 0.0155373 0.259618 0.0191161 0.0165417 0.259116 0.0191161 0.00599506 0.261627 0.0397073 0.0200573 0.26012 0.0432228 0.0115195 0.2556 0.0557784 0.0250795 0.258613 0.0658229 0.0190529 0.253089 0.068334 0.0461729 0.264138 3.16203e-005 0.0336173 0.244049 3.16203e-005 0.0436618 0.261125 0.0186139 0.0446663 0.260622 0.0196183 0.0336173 0.243045 0.0376984 0.0456707 0.261627 0.0432228 0.0356262 0.244049 0.0477428 0.0446663 0.266147 0.0597962 0.039644 0.244551 0.068334 0.0461729 0.264138 0.0658229 0.0190529 0.253089 0.068334 0.0461729 0.264138 0.0296628 0.0311062 0.284729 -0.190813 0.0878575 0.247062 -0.1426 0.100413 0.262631 -0.18328 0.055213 0.247062 -0.126529 0.0667641 0.267151 -0.16972 0.0230707 0.235511 -0.0898664 0.0527018 0.273178 -0.0717863 0.0632485 0.28272 -0.0898664 0.0828352 0.283222 -0.121506 0.0230707 0.249071 -0.109453 -0.0266495 0.227978 -0.1652 -0.0140939 0.209396 -0.0451685 0.0657596 0.300298 -0.0557152 0.0963953 0.30532 3.16203e-005 0.0617418 0.30984 3.16203e-005 0.0893642 0.322898 -0.106942 0.109453 0.272676 -0.0120218 0.0366307 0.3008 -0.0285951 0.0361285 0.290756 -0.0295996 0.0311062 0.284729 -0.0928797 0.012524 0.25108 -0.0391418 -0.00756496 0.266649 -0.0537063 -0.0371961 0.243045 3.16203e-005 -0.0447295 0.255098 3.16203e-005 -0.0171072 0.26916 3.16203e-005 0.0361285 0.301302 3.16203e-005 0.0316085 0.294271 -0.0110173 0.0321107 0.293267 -0.0205595 0.0321107 0.290254 -0.0245773 0.0366307 0.295778 -0.0265862 0.0326129 0.28724 -0.0130262 0.0235729 0.291258 3.16203e-005 0.0230707 0.291258 -0.0110173 0.0285951 0.291258 3.16203e-005 0.0280929 0.292262 -0.0205595 0.0290973 0.289249 -0.0225684 0.0245773 0.289751 -0.030604 0.026084 0.285733 -0.0265862 0.0290973 0.286738 -0.0295996 0.0311062 0.284729 -0.0285951 0.0361285 0.290756 -0.0265862 0.0326129 0.28724 -0.068773 0.0461729 0.264138 -0.0577241 0.0582263 0.26464 -0.0481818 0.0446663 0.266147 -0.0381374 0.0456707 0.261627 -0.0436618 0.0627463 0.265142 -0.0200573 0.0622441 0.270667 -0.0190529 0.0446663 0.260622 3.16203e-005 0.0436618 0.261125 3.16203e-005 0.0632485 0.272676 -0.0295996 0.0311062 0.284729 -0.0577241 0.0582263 0.26464 -0.068773 0.0461729 0.264138 -0.0265862 0.0326129 0.28724 -0.0265862 0.0290973 0.286738 -0.0295996 0.0311062 0.284729 -0.0657596 0.0190529 0.253089 -0.0205595 0.0290973 0.289249 -0.0431596 0.0115195 0.2556 -0.0110173 0.0285951 0.291258 -0.0190529 0.00599506 0.261627 3.16203e-005 0.0280929 0.292262 3.16203e-005 0.00499062 0.262631 -0.0205595 0.0321107 0.290254 -0.0110173 0.0321107 0.293267 -0.0200573 0.0622441 0.270667 -0.0436618 0.0627463 0.265142 -0.0265862 0.0326129 0.28724 -0.0577241 0.0582263 0.26464 3.16203e-005 0.0632485 0.272676 3.16203e-005 0.0316085 0.294271 3.16203e-005 0.00499062 0.262631 -0.0190529 0.00599506 0.261627 -0.0190529 0.0165417 0.259116 3.16203e-005 0.0155373 0.259618 -0.039644 0.0200573 0.26012 -0.0431596 0.0115195 0.2556 -0.0557152 0.0250795 0.258613 -0.0657596 0.0190529 0.253089 -0.068773 0.0461729 0.264138 3.16203e-005 0.0336173 0.244049 -0.0195551 0.0336173 0.243045 -0.0190529 0.0446663 0.260622 3.16203e-005 0.0436618 0.261125 -0.0381374 0.0456707 0.261627 -0.0431596 0.0356262 0.244049 -0.0481818 0.0446663 0.266147 -0.059733 0.039644 0.244551 -0.068773 0.0461729 0.264138 -0.068773 0.0461729 0.264138 -0.059733 0.039644 0.244551 -0.0557152 0.0250795 0.258613 -0.039644 0.0200573 0.26012 -0.0431596 0.0356262 0.244049 -0.0195551 0.0336173 0.243045 -0.0190529 0.0165417 0.259116 3.16203e-005 0.0155373 0.259618 3.16203e-005 0.0336173 0.244049 -0.0657596 0.0190529 0.253089 -0.0295996 0.0311062 0.284729 -0.068773 0.0461729 0.264138 3.16203e-005 0.0155373 0.259618 3.16203e-005 0.0336173 0.244049 0.0196183 0.0336173 0.243045 0.0191161 0.0165417 0.259116 0.0432228 0.0356262 0.244049 0.0397073 0.0200573 0.26012 0.0597962 0.039644 0.244551 0.0557784 0.0250795 0.258613 0.068334 0.0461729 0.264138</float_array>
                    <technique_common>
                        <accessor count="202" source="#ID89" stride="3">
                            <param name="X" type="float"/>
                            <param name="Y" type="float"/>
                            <param name="Z" type="float"/>
                        </accessor>
                    </technique_common>
                </source>
                <source id="ID90">
                    <float_array id="ID91" count="576">0.289649 -0.0712982 0.954474 0.288214 -0.173828 0.941656 0.297307 -0.0342319 0.954168 0.30649 -0.195578 0.931565 0.276473 -0.444825 0.851876 0.279874 -0.37011 0.885827 0.380288 -0.42194 0.823011 0.440222 -0.194741 0.876516 0.254608 -0.448509 0.856747 0.307938 -0.455996 0.83501 0.372589 -0.566727 0.734845 0.409554 -0.385061 0.827039 0.386485 -0.239032 0.890782 0.205382 -0.299051 0.931873 0.32103 -0.404758 0.856219 0.416877 0.0228201 0.908676 0.171517 -0.656965 0.734152 0.5363 -0.603936 0.589613 0.408882 -0.25527 0.876158 0.365161 -0.310494 0.87764 0.297752 -0.445693 0.844216 0.285627 -0.507298 0.813059 0.210988 -0.485995 0.848111 0.121288 -0.4824 0.867513 0.058368 -0.612512 0.788304 0.0712172 -0.849825 0.522232 0.120353 -0.858258 0.498907 0.229264 -0.841095 0.489895 0.428332 -0.691925 0.581181 0.422827 -0.788931 0.445876 0.126638 -0.220164 0.967207 0.0395848 -0.230787 0.972199 0.100649 -0.0386173 0.994172 0.0975911 -0.195182 0.9759 0.284589 0.168546 0.943717 0.329326 -0.103593 0.938516 0.45289 0.0267013 0.891167 0.409202 0.179172 0.894679 0.150282 -0.740693 0.65482 0.0940584 0.0408537 0.994728 -0.135056 0.20769 0.968827 -0.0999365 0.0720055 0.992385 -0.0472496 -0.162432 0.985588 0.0998692 -0.234337 0.967012 0.0797683 -0.447359 0.89079 0.0153394 -0.497071 0.867574 0.0554875 -0.502918 0.862551 0.0606262 -0.507051 0.859781 -0.480335 -0.142889 -0.865367 -0.363459 -0.281018 -0.888215 -0.581234 -7.26563e-006 -0.813736 -0.454905 0.556079 -0.695584 -0.407301 0.625872 -0.665124 -0.61923 0.160157 -0.768703 -0.225645 0.808178 -0.543997 -0.264323 0.762735 -0.590228 -0.190666 0.777636 -0.599106 -0.1628 0.763853 -0.624519 -0.0827164 0.783091 -0.616382 -0.0736677 0.786489 -0.613195 -0.287975 -0.481426 -0.827828 -0.266976 -0.473352 -0.839441 -0.182498 -0.548777 -0.815805 -0.138749 -0.558219 -0.81801 -0.309054 -0.438568 -0.843886 -0.192339 -0.504889 -0.841482 -0.0796533 -0.56935 -0.818228 -0.0494026 -0.563055 -0.824941 0.0249208 0.253165 0.967102 0.0108438 0.274708 0.961467 -0.0123033 0.246047 0.96918 0.0892437 0.0407931 0.995174 0.148582 -0.178535 0.97265 0.247997 -0.383795 0.889493 0.232833 -0.396369 0.888077 0.246143 -0.399319 0.883152 0.256631 -0.384946 0.886542 0.0437723 -0.85321 0.519728 0.060185 -0.860372 0.506101 0.0346807 -0.850929 0.524134 0.0318129 -0.850747 0.524612 -0.0688526 -0.869079 0.489858 -0.00269328 -0.904143 0.427222 0.0127882 -0.937253 0.348415 0.155153 -0.939594 0.305107 0.0969321 -0.956126 0.276456 -0.543814 0.359326 -0.758387 -0.290736 -0.0670928 0.954448 -0.296857 -0.0324109 0.954372 -0.287002 -0.172847 0.942207 -0.305798 -0.195763 0.931753 -0.275975 -0.444177 0.852376 -0.279874 -0.37011 0.885827 -0.383153 -0.424429 0.820399 -0.440222 -0.194741 0.876516 -0.254541 -0.447735 0.857171 -0.307212 -0.454122 0.836298 -0.372676 -0.563443 0.737322 -0.404706 -0.381287 0.831164 -0.386485 -0.239032 0.890782 -0.205382 -0.299051 0.931873 -0.32103 -0.404758 0.856219 -0.416877 0.02282 0.908676 -0.171517 -0.656965 0.734152 -0.523656 -0.604383 0.600421 -0.411549 -0.245107 0.87781 -0.368266 -0.301941 0.879325 -0.294162 -0.447796 0.844362 -0.284343 -0.507959 0.813097 -0.210988 -0.485995 0.848111 -0.121288 -0.4824 0.867513 -0.0583679 -0.612512 0.788304 -0.0712172 -0.849825 0.522232 -0.120353 -0.858258 0.498907 -0.222507 -0.840369 0.494237 -0.4107 -0.689049 0.597106 -0.39578 -0.791554 0.465618 -0.126638 -0.220164 0.967208 -0.0395848 -0.230787 0.972199 -0.100649 -0.0386171 0.994172 -0.0975911 -0.195182 0.9759 -0.278535 0.182042 0.943016 -0.317332 -0.110059 0.941906 -0.444067 0.0477269 0.894721 -0.394382 0.229206 0.889903 -0.167856 -0.74338 0.647465 -0.0937773 0.0445205 0.994597 0.100923 0.0691771 0.992486 0.136413 0.203715 0.96948 0.0478573 -0.163752 0.98534 -0.0998784 -0.231542 0.967684 -0.0795246 -0.445764 0.891611 -0.014674 -0.496717 0.867788 -0.0548057 -0.502368 0.862915 -0.0606262 -0.507051 0.859781 0.500948 -0.115826 -0.857692 0.355885 -0.2892 -0.888656 0.619932 0.0635766 -0.782075 0.454905 0.556079 -0.695584 0.61923 0.160157 -0.768703 0.407301 0.625872 -0.665124 0.225645 0.808178 -0.543997 0.264323 0.762735 -0.590228 0.190666 0.777636 -0.599106 0.1628 0.763853 -0.624519 0.0827163 0.783091 -0.616382 0.0736677 0.786489 -0.613195 0.275287 -0.490241 -0.826971 0.138749 -0.558219 -0.81801 0.182498 -0.548777 -0.815805 0.254478 -0.482753 -0.837968 0.290509 -0.453336 -0.842669 0.192913 -0.506821 -0.840189 0.0796533 -0.56935 -0.818228 0.0494026 -0.563055 -0.824941 -0.0249208 0.253165 0.967102 -0.0892437 0.040793 0.995174 0.0123033 0.246047 0.96918 -0.0108438 0.274708 0.961467 -0.148582 -0.178535 0.97265 -0.247997 -0.383796 0.889493 -0.231846 -0.397705 0.887738 -0.244663 -0.401327 0.882653 -0.253693 -0.388996 0.885619 -0.0429678 -0.853412 0.519463 -0.0318465 -0.851151 0.523954 -0.0341539 -0.851131 0.523842 -0.0586066 -0.860453 0.506148 0.0695126 -0.868279 0.491181 0.00320723 -0.904083 0.427345 -0.0121904 -0.937348 0.348182 -0.155309 -0.940629 0.301823 -0.0967656 -0.956774 0.274263 0.852464 0.465291 0.238348 0.437824 0.68987 0.576532 0.559419 0.650419 0.513815 0.148762 0.710378 0.687919 0.143512 0.72631 0.672219 0.0551655 0.687901 0.723705 0.0841934 0.684243 0.724378 -0.0109588 0.669207 0.742996 -0.0388299 0.652031 0.757197 0.539617 0.368381 -0.75704 0.0109588 0.669207 0.742996 0.0388299 0.652031 0.757197 -0.0224091 0.674944 0.737529 -0.087724 0.700138 0.708598 -0.147405 0.713019 0.685475 -0.169783 0.720105 0.672772 -0.443148 0.68875 0.573798 -0.567529 0.647546 0.508522 -0.862092 0.4544 0.224317</float_array>
                    <technique_common>
                        <accessor count="192" source="#ID91" stride="3">
                            <param name="X" type="float"/>
                            <param name="Y" type="float"/>
                            <param name="Z" type="float"/>
                        </accessor>
                    </technique_common>
                </source>
                <source id="ID92">
                    <float_array id="ID93" count="172">0.682566 0.0946798 0.682566 0.0809281 0.665376 0.0946798 0.661938 0.0809281 0.682566 0.0671763 0.651624 0.0671763 0.64131 0.0740522 0.644748 0.084366 0.6585 0.0603005 0.6585 0.039673 0.686004 0.0534246 0.627559 0.0740522 0.624121 0.087804 0.606931 0.0671763 0.603493 0.0809281 0.648186 0.0981177 0.617245 0.0603005 0.634435 0.0637385 0.64131 0.0637385 0.655062 0.0534246 0.637873 0.039673 0.644748 0.0293591 0.627559 0.0224833 0.624121 0.0293591 0.610369 0.0568626 0.613807 0.0534246 0.620683 0.0534246 0.627559 0.0568626 0.627559 0.0603005 0.634435 0.0603005 0.624121 0.0431108 0.620683 0.039673 0.624121 0.0465488 0.617245 0.0431108 0.630997 0.0534246 0.630997 0.0465488 0.637873 0.0568626 0.854462 0.0121695 0.8579 0.0259212 0.864776 0.0224833 0.861338 0.0327971 0.868214 0.0293591 0.871652 0.039673 0.861338 0.0431108 0.861338 0.0499867 0.87509 0.0465488 0.881965 0.266576 0.888841 0.245949 0.878528 0.256262 0.878528 0.270014 0.878528 0.225321 0.878528 0.239073 0.885403 0.228759 0.868214 0.225321 0.868214 0.239073 0.861338 0.221883 0.8579 0.235635 0.854462 0.221883 0.851024 0.232197 0.871652 0.27689 0.871652 0.263138 0.861338 0.266576 0.864776 0.280328 0.854462 0.266576 0.861338 0.283766 0.847586 0.0499867 0.8579 0.0499867 0.8579 0.0431108 0.851024 0.0431108 0.8579 0.0327971 0.851024 0.0327971 0.861338 0.0224833 0.854462 0.0224833 0.861338 0.0121695 0.851024 0.249387 0.851024 0.252825 0.8579 0.252825 0.8579 0.249387 0.868214 0.252825 0.868214 0.249387 0.87509 0.249387 0.878528 0.249387 0.878528 0.245949 0.868214 0.242511 0.8579 0.242511 0.851024 0.242511</float_array>
                    <technique_common>
                        <accessor count="86" source="#ID93" stride="2">
                            <param name="S" type="float"/>
                            <param name="T" type="float"/>
                        </accessor>
                    </technique_common>
                </source>
                <vertices id="ID94">
                    <input semantic="POSITION" source="#ID88"/>
                </vertices>
                <triangles count="188" material="Material1">
                    <input offset="0" semantic="VERTEX" source="#ID94"/>
                    <input offset="1" semantic="NORMAL" source="#ID90"/>
                    <input offset="2" semantic="TEXCOORD" source="#ID92" set="0"/>
                    <p>2 2 2 1 1 1 0 0 0 2 2 2 3 3 3 1 1 1 1 1 1 3 3 3 4 4 4 3 3 3 5 5 5 4 4 4 6 6 6 5 5 5 3 3 3 7 7 7 6 6 6 3 3 3 5 5 5 8 8 8 4 4 4 4 4 4 8 8 8 9 9 9 10 10 10 4 4 4 9 9 9 11 11 11 6 6 6 7 7 7 12 12 12 11 11 11 7 7 7 11 11 11 12 12 12 13 13 13 12 12 12 14 14 14 13 13 13 15 15 15 7 7 7 3 3 3 2 2 2 15 15 15 3 3 3 15 15 15 12 12 12 7 7 7 16 16 16 11 11 11 13 13 13 11 11 11 17 17 17 6 6 6 6 6 6 18 18 18 5 5 5 5 5 5 18 18 18 8 8 8 17 17 17 18 18 18 6 6 6 18 18 18 19 19 19 8 8 8 8 8 8 19 19 19 9 9 9 9 9 9 19 19 19 20 20 20 21 21 21 9 9 9 20 20 20 21 21 21 20 20 20 22 22 22 20 20 20 23 23 23 22 22 22 16 16 16 13 13 13 24 24 24 16 16 16 24 24 24 25 25 25 26 26 26 16 16 16 25 25 25 26 26 26 27 27 27 16 16 16 27 27 27 28 28 28 16 16 16 28 28 28 27 27 27 29 29 29 17 17 17 28 28 28 29 29 29 16 16 16 28 28 28 11 11 11 11 11 11 28 28 28 17 17 17 30 30 30 23 23 23 20 20 20 30 30 30 31 31 31 23 23 23 30 30 30 32 32 32 31 31 31 32 32 32 33 33 33 31 31 31 32 32 32 30 30 30 34 34 34 30 30 30 35 35 35 34 34 34 34 34 34 35 35 35 36 36 36 36 36 36 35 35 35 20 20 20 35 35 35 30 30 30 20 20 20 37 37 36 34 34 34 36 36 36 37 37 36 36 36 36 18 18 18 36 36 36 19 19 19 18 18 18 36 36 36 20 20 20 19 19 19 40 38 17 39 38 29 38 38 18 43 41 39 42 40 38 41 39 37 42 40 38 43 41 39 44 42 40 43 41 39 45 43 41 44 42 40 44 42 40 45 43 41 46 44 42 47 45 43 44 42 40 46 44 42 47 45 43 46 44 42 48 46 44 46 44 42 49 47 45 48 46 44 52 48 48 51 49 47 50 48 46 53 50 49 52 48 48 50 48 46 56 53 52 55 52 51 54 51 50 54 51 50 55 52 51 57 54 53 55 52 51 58 55 54 57 54 53 57 54 53 58 55 54 59 56 55 58 55 54 60 57 56 59 56 55 59 56 55 60 57 56 61 58 57 60 57 56 62 59 58 61 58 57 65 62 61 64 61 60 63 60 59 66 63 62 65 62 61 63 60 59 63 60 59 64 61 60 67 64 49 64 61 60 68 65 48 67 64 49 69 66 63 65 62 61 66 63 62 70 67 64 69 66 63 66 63 62 73 70 67 72 69 66 71 68 65 74 71 68 73 70 67 71 68 65 73 70 67 74 71 68 75 72 69 74 71 68 76 73 70 75 72 69 77 74 71 75 72 69 76 73 70 78 75 72 77 74 71 76 73 70 77 74 71 78 75 72 79 76 73 82 79 76 81 78 75 80 77 74 83 80 77 82 79 76 80 77 74 82 79 76 83 80 77 84 81 78 83 80 77 85 82 79 84 81 78 86 83 80 84 81 78 85 82 79 87 84 81 86 83 80 85 82 79 86 83 80 87 84 81 88 85 47 91 86 52 90 86 47 89 86 51 94 89 1 93 88 2 92 87 0 95 90 3 93 88 2 94 89 1 95 90 3 94 89 1 96 91 4 97 92 5 95 90 3 96 91 4 97 92 5 98 93 6 95 90 3 98 93 6 99 94 7 95 90 3 100 95 8 97 92 5 96 91 4 100 95 8 96 91 4 101 96 9 96 91 4 102 97 10 101 96 9 98 93 6 103 98 11 99 94 7 103 98 11 104 99 12 99 94 7 104 99 12 103 98 11 105 100 13 106 101 14 104 99 12 105 100 13 107 102 15 93 88 2 95 90 3 99 94 7 107 102 15 95 90 3 104 99 12 107 102 15 99 94 7 103 98 11 108 103 16 105 100 13 109 104 17 103 98 11 98 93 6 110 105 18 98 93 6 97 92 5 110 105 18 97 92 5 100 95 8 110 105 18 109 104 17 98 93 6 111 106 19 110 105 18 100 95 8 111 106 19 100 95 8 101 96 9 111 106 19 101 96 9 112 107 20 101 96 9 113 108 21 112 107 20 112 107 20 113 108 21 114 109 22 115 110 23 112 107 20 114 109 22 105 100 13 108 103 16 116 111 24 116 111 24 108 103 16 117 112 25 108 103 16 118 113 26 117 112 25 119 114 27 118 113 26 108 103 16 120 115 28 119 114 27 108 103 16 120 115 28 109 104 17 121 116 29 119 114 27 120 115 28 121 116 29 120 115 28 108 103 16 103 98 11 120 115 28 103 98 11 109 104 17 115 110 23 122 117 30 112 107 20 123 118 31 122 117 30 115 110 23 124 119 32 122 117 30 123 118 31 125 120 33 124 119 32 123 118 31 122 117 30 124 119 32 126 121 34 127 122 35 122 117 30 126 121 34 127 122 35 126 121 34 128 123 36 127 122 35 128 123 36 112 107 20 122 117 30 127 122 35 112 107 20 126 121 34 129 124 36 128 123 36 128 123 36 129 124 36 110 105 18 111 106 19 128 123 36 110 105 18 112 107 20 128 123 36 111 106 19 132 125 29 131 125 17 130 125 18 135 128 38 134 127 39 133 126 37 134 127 39 135 128 38 136 129 40 137 130 41 134 127 39 136 129 40 137 130 41 136 129 40 138 131 42 136 129 40 139 132 43 138 131 42 138 131 42 139 132 43 140 133 44 141 134 45 138 131 42 140 133 44 144 136 47 143 135 48 142 135 46 143 135 48 145 137 49 142 135 46 148 140 51 147 139 52 146 138 50 148 140 51 146 138 50 149 141 53 150 142 54 148 140 51 149 141 53 150 142 54 149 141 53 151 143 55 152 144 56 150 142 54 151 143 55 152 144 56 151 143 55 153 145 57 154 146 58 152 144 56 153 145 57 157 149 61 156 148 62 155 147 59 158 150 60 157 149 61 155 147 59 158 150 60 155 147 59 159 151 49 160 152 48 158 150 60 159 151 49 157 149 61 161 153 63 156 148 62 161 153 63 162 154 64 156 148 62 165 157 67 164 156 68 163 155 65 166 158 66 165 157 67 163 155 65 164 156 68 165 157 67 167 159 69 168 160 70 164 156 68 167 159 69 167 159 69 169 161 71 168 160 70 169 161 71 170 162 72 168 160 70 170 162 72 169 161 71 171 163 73 174 166 76 173 165 77 172 164 74 175 167 75 174 166 76 172 164 74 173 165 77 174 166 76 176 168 78 177 169 79 173 165 77 176 168 78 176 168 78 178 170 80 177 169 79 178 170 80 179 171 81 177 169 79 179 171 81 178 170 80 180 172 47 183 175 82 182 174 81 181 173 47 182 174 81 183 175 82 184 176 83 185 177 79 182 174 81 184 176 83 185 177 79 184 176 83 186 178 77 184 176 83 187 179 84 186 178 77 186 178 77 187 179 84 188 180 85 189 181 74 186 178 77 188 180 85 192 182 47 191 182 52 190 182 51 195 185 77 194 184 74 193 183 85 196 186 84 195 185 77 193 183 85 195 185 77 196 186 84 197 187 79 196 186 84 198 188 83 197 187 79 199 189 81 197 187 79 198 188 83 200 190 82 199 189 81 198 188 83 199 189 81 200 190 82 201 191 47</p>
                </triangles>
            </mesh>
        </geometry>
        <geometry id="ID96">
            <mesh>
                <source id="ID97">
                    <float_array id="ID98" count="162">-0.252547 -0.12642 -0.012026 -0.276599 -0.0835956 -0.0607168 -0.178631 -0.00733295 0.0108528 -0.19095 -0.139913 0.0231721 -0.142846 -0.127007 0.0384246 -0.283052 -0.0554371 -0.0677564 -0.291851 -0.0155459 -0.0671698 -0.300064 0.0583702 -0.0595435 -0.285398 0.101781 -0.0407712 -0.25372 0.122313 -0.0202389 -0.193883 0.139913 0.0161325 -0.129353 0.138739 0.0419444 -0.0806624 0.105301 0.050744 -0.0437043 -0.00381315 0.0501573 -0.0284518 -0.0630634 0.0601301 -0.0654099 -0.106474 0.0677564 -0.107061 -0.11762 0.0489841 -0.128767 0.000879943 0.0366647 -0.0759693 0.000879943 0.0513306 -0.193296 -0.0513306 0.0131993 -0.193883 -0.0208256 0.0126126 -0.19447 0.0548504 0.0131993 -0.19447 0.0225855 0.0126126 -0.261933 -0.0437044 -0.0337316 -0.2502 -0.076556 -0.0190657 -0.253133 0.081249 -0.0196523 -0.265453 0.0460509 -0.0343182 0.252547 -0.12642 -0.012026 0.178631 -0.00733295 0.0108528 0.276599 -0.0835956 -0.0607168 0.19095 -0.139913 0.0231721 0.142846 -0.127007 0.0384246 0.283052 -0.0554371 -0.0677564 0.291851 -0.0155459 -0.0671698 0.300064 0.0583702 -0.0595435 0.285398 0.101781 -0.0407712 0.25372 0.122313 -0.0202389 0.193883 0.139913 0.0161325 0.129353 0.138739 0.0419444 0.0806624 0.105301 0.050744 0.0437044 -0.00381315 0.0501573 0.0284519 -0.0630634 0.0601301 0.0654099 -0.106474 0.0677564 0.107061 -0.11762 0.0489841 0.128767 0.000879943 0.0366647 0.193883 -0.0208256 0.0126126 0.193296 -0.0513306 0.0131993 0.0759693 0.000879943 0.0513306 0.19447 0.0548504 0.0131993 0.19447 0.0225855 0.0126126 0.261933 -0.0437044 -0.0337316 0.2502 -0.076556 -0.0190657 0.253133 0.081249 -0.0196523 0.265453 0.0460509 -0.0343182</float_array>
                    <technique_common>
                        <accessor count="54" source="#ID98" stride="3">
                            <param name="X" type="float"/>
                            <param name="Y" type="float"/>
                            <param name="Z" type="float"/>
                        </accessor>
                    </technique_common>
                </source>
                <source id="ID99">
                    <float_array id="ID100" count="162">-0.601439 0.226095 0.766259 -0.671016 0.189224 0.71689 -0.442372 0.0187177 0.896636 -0.401315 0.121646 0.907826 -0.319686 0.120924 0.939776 -0.589127 -0.0400003 0.80705 -0.554891 -0.140379 0.819994 -0.556706 -0.154368 0.816241 -0.531704 -0.123881 0.837821 -0.501208 -0.083745 0.861265 -0.436787 -0.0773807 0.89623 -0.313809 -0.0952172 0.9447 -0.265363 -0.10849 0.958025 -0.279555 -0.00502607 0.960117 -0.235017 0.206514 0.949799 -0.307807 0.184242 0.93344 -0.36609 0.0828948 0.92688 -0.308829 -0.0037055 0.95111 -0.267641 -0.00453287 0.963508 -0.437202 0.0222509 0.899088 -0.460274 0.00822037 0.887739 -0.372122 0.02008 0.927967 -0.476741 -0.0559625 0.877261 -0.555386 0.0893752 0.826776 -0.542737 0.173075 0.821877 -0.537122 -0.0750331 0.840161 -0.576953 -0.133793 0.805745 0.601439 0.226095 0.766259 0.442372 0.0187177 0.896636 0.671017 0.189225 0.71689 0.401315 0.121646 0.907826 0.319686 0.120924 0.939776 0.589127 -0.0400003 0.80705 0.554891 -0.140379 0.819994 0.556706 -0.154368 0.816241 0.531704 -0.123881 0.837821 0.501209 -0.0837452 0.861265 0.436787 -0.0773807 0.89623 0.313809 -0.0952172 0.9447 0.265363 -0.10849 0.958025 0.279555 -0.00502602 0.960117 0.235017 0.206514 0.949799 0.307807 0.184242 0.93344 0.36609 0.0828948 0.92688 0.308829 -0.00370551 0.95111 0.460274 0.00822037 0.887739 0.437202 0.0222509 0.899088 0.267641 -0.0045329 0.963508 0.372122 0.02008 0.927967 0.476741 -0.0559626 0.877261 0.555386 0.0893752 0.826776 0.542737 0.173075 0.821877 0.537122 -0.0750333 0.840161 0.576953 -0.133794 0.805745</float_array>
                    <technique_common>
                        <accessor count="54" source="#ID100" stride="3">
                            <param name="X" type="float"/>
                            <param name="Y" type="float"/>
                            <param name="Z" type="float"/>
                        </accessor>
                    </technique_common>
                </source>
                <source id="ID101">
                    <float_array id="ID102" count="52">0.704821 0.102549 0.731589 0.119279 0.681399 0.152738 0.681399 0.095857 0.66467 0.095857 0.731589 0.139354 0.731589 0.149392 0.731589 0.172814 0.724897 0.189544 0.708167 0.196236 0.681399 0.202928 0.654632 0.202928 0.637902 0.189544 0.624518 0.146046 0.617826 0.119279 0.63121 0.102549 0.64794 0.0992029 0.939038 0.206274 0.935692 0.206274 0.942384 0.199582 0.942384 0.202928 0.942384 0.20962 0.942384 0.206274 0.949076 0.202928 0.949076 0.199582 0.949076 0.20962</float_array>
                    <technique_common>
                        <accessor count="26" source="#ID102" stride="2">
                            <param name="S" type="float"/>
                            <param name="T" type="float"/>
                        </accessor>
                    </technique_common>
                </source>
                <vertices id="ID103">
                    <input semantic="POSITION" source="#ID97"/>
                </vertices>
                <triangles count="48" material="Material1">
                    <input offset="0" semantic="VERTEX" source="#ID103"/>
                    <input offset="1" semantic="NORMAL" source="#ID99"/>
                    <input offset="2" semantic="TEXCOORD" source="#ID101" set="0"/>
                    <p>2 2 2 1 1 1 0 0 0 3 3 3 2 2 2 0 0 0 2 2 2 3 3 3 4 4 4 1 1 1 2 2 2 5 5 5 2 2 2 6 6 6 5 5 5 7 7 7 6 6 6 2 2 2 8 8 8 7 7 7 2 2 2 9 9 9 8 8 8 2 2 2 10 10 10 9 9 9 2 2 2 11 11 11 10 10 10 2 2 2 12 12 12 11 11 11 2 2 2 13 13 13 12 12 12 2 2 2 13 13 13 2 2 2 14 14 14 2 2 2 15 15 15 14 14 14 15 15 15 2 2 2 16 16 16 16 16 16 2 2 2 4 4 4 19 19 19 18 18 18 17 17 17 20 20 20 19 19 19 17 17 17 18 18 18 21 21 21 17 17 17 21 21 21 22 22 22 17 17 17 20 20 20 23 23 23 19 19 19 23 23 23 24 24 24 19 19 19 21 21 21 25 25 25 22 22 22 25 25 25 26 26 25 22 22 22 29 29 1 28 28 2 27 27 0 28 28 2 30 30 3 27 27 0 30 30 3 28 28 2 31 31 4 28 28 2 29 29 1 32 32 5 33 33 6 28 28 2 32 32 5 33 33 6 34 34 7 28 28 2 34 34 7 35 35 8 28 28 2 35 35 8 36 36 9 28 28 2 36 36 9 37 37 10 28 28 2 37 37 10 38 38 11 28 28 2 38 38 11 39 39 12 28 28 2 39 39 12 40 40 13 28 28 2 28 28 2 40 40 13 41 41 14 42 42 15 28 28 2 41 41 14 28 28 2 42 42 15 43 43 16 28 28 2 43 43 16 31 31 4 46 46 19 45 45 20 44 44 17 47 47 18 46 46 19 44 44 17 48 48 21 47 47 18 44 44 17 49 49 22 48 48 21 44 44 17 50 50 23 45 45 20 46 46 19 51 51 24 50 50 23 46 46 19 52 52 25 48 48 21 49 49 22 53 53 25 52 52 25 49 49 22</p>
                </triangles>
            </mesh>
        </geometry>
        <geometry id="ID105">
            <mesh>
                <source id="ID106">
                    <float_array id="ID107" count="1032">0.315686 0.236542 0.122818 0.327981 0.262156 0.0664681 0.320809 0.210928 0.064419 0.308514 0.188389 0.119744 0.343349 0.334898 0.0746644 0.327981 0.322604 0.134088 0.343349 0.412763 0.0951553 0.324907 0.384076 0.151505 0.345398 0.345143 0.0193391 0.35052 0.43018 0.0459772 0.33003 0.471162 0.126916 0.329005 0.434279 0.146382 0.331054 0.511119 0.0879835 0.334128 0.270352 0.0101183 0.324907 0.214002 0.0142165 0.308514 0.167898 0.0623699 0.300318 0.149456 0.11872 0.286999 0.0982289 0.0572472 0.289048 0.104376 0.11872 0.269582 0.053149 0.126916 0.260361 0.0449527 0.0633945 0.243968 0.0111428 0.137161 0.220404 -0.000127137 0.0808116 0.219379 0.0142165 0.0244619 0.114876 -0.0277898 0.0951553 0.213232 -0.0124216 0.146382 0.165078 -0.0308634 0.158677 0.320809 0.169947 0.0121674 0.325931 0.201708 -0.0472561 0.321833 0.159701 -0.033937 0.308514 0.114622 -0.0462315 0.285974 0.106425 0.0060201 0.322858 0.179168 -0.0677469 0.309539 0.123842 -0.058526 0.302367 0.113597 -0.0769678 0.113851 0.00397104 -0.00422531 0.0544279 -0.00115168 -0.00934801 0.257287 0.064419 -0.00422531 0.277778 0.104376 -0.0738941 0.295195 0.119744 -0.0872132 0.244993 0.0838853 -0.0759432 0.331054 0.111548 -0.0800414 0.356668 0.122818 -0.108729 0.317735 0.106425 -0.094385 0.339251 0.125892 -0.118974 0.383306 0.16175 -0.141514 0.365889 0.164824 -0.151759 0.40687 0.203757 -0.167127 0.389453 0.208879 -0.177373 0.407895 0.265229 -0.18352 0.423263 0.262156 -0.17225 0.392527 0.311334 -0.109753 0.420189 0.305186 -0.145612 0.362815 0.292892 -0.0779923 0.404821 0.30826 -0.155858 0.377159 0.315432 -0.122048 0.348471 0.295965 -0.0913114 0.332079 0.244738 -0.069796 0.340275 0.35334 -0.0329125 0.351545 0.438377 0.0131919 0.267533 0.564395 0.134088 0.258312 0.507021 0.180192 0.197864 0.598205 0.170971 0.192741 0.526487 0.223223 0.109753 0.616647 0.193511 0.107704 0.539806 0.247812 0.000127137 0.624843 0.212978 0.000127137 0.541855 0.267278 0.186594 0.461941 0.247812 0.102581 0.468088 0.275475 0.0913114 0.389199 0.281622 0.189667 0.406616 0.248837 0.253189 0.395346 0.207855 0.253189 0.450671 0.204781 0.129219 0.366659 0.266254 0.193766 0.367683 0.239616 0.254214 0.350266 0.203757 0.285974 0.328751 0.183266 0.000127137 0.470138 0.293916 0.081066 0.332849 0.27445 0.0779923 0.341045 0.187364 0.0400843 0.313383 0.190438 0.000127137 0.300064 0.292892 0.0441824 0.224248 0.27445 0.000127137 0.221174 0.283671 0.0288143 0.164824 0.283671 0.000127137 0.153554 0.300064 0.0175444 0.124867 0.327726 0.000127137 0.132039 0.331824 0.000127137 0.113597 0.333873 0.0554524 0.0961798 0.305186 0.0472561 0.143309 0.182241 0.0656978 0.120769 0.291867 0.106679 0.109499 0.272401 0.0759432 0.110523 0.169947 0.0308634 0.209904 0.190438 0.000127137 0.089008 0.322604 0.000127137 0.384076 0.304162 0.0277898 0.269327 0.191462 0.000127137 0.0869589 0.299039 0.0503297 0.0859344 0.28572 0.102581 0.0828607 0.264205 0.0974586 0.0767135 0.273426 0.148686 0.0664681 0.247812 0.126146 0.0705662 0.242689 0.170201 0.0224128 0.235517 0.18352 0.0551981 0.246787 0.142538 0.100278 0.26318 0.190692 0.0879835 0.247812 0.179422 0.111548 0.146382 0.252164 0.101303 0.211953 0.241919 0.0603208 0.2181 0.124097 0.0234373 0.230395 0.109753 -0.0267652 0.228346 0.165078 -0.0144707 0.208879 0.215281 0.0029465 0.198634 0.221428 0.026511 0.215027 0.244993 0.0244619 0.190438 0.269582 0.0613454 0.180192 0.276753 0.111548 0.169947 0.110778 -0.045207 0.185315 0.0554524 -0.0544279 0.210928 0.0534033 -0.0370106 0.242689 0.000127137 -0.045207 0.254984 0.000127137 -0.058526 0.217076 0.0390597 -0.0103725 0.246787 0.000127137 -0.0175444 0.249861 0.0534033 -0.0431579 0.109499 0.000127137 -0.0472561 0.112572 0.276753 0.144333 0.1638 0.282901 0.171996 0.156628 0.292122 0.211953 0.156628 0.300318 0.28572 0.164824 0.244993 0.144333 0.112572 0.2286 0.124867 0.124867 0.295195 0.264205 0.0951553 0.285974 0.214002 0.0941307 0.27368 0.188389 0.0982289 0.27368 0.318505 0.116671 0.168152 0.236542 0.116671 0.247042 0.337972 0.137161 0.216305 0.357438 0.150481 0.175324 0.365634 0.165849 0.122048 0.361536 0.178143 0.169177 0.0572472 -0.0892623 0.0820905 0.0336827 -0.0759432 0.197864 0.0388055 -0.0318879 0.253189 0.122818 -0.119999 0.314662 0.221174 -0.145612 0.000127137 0.00192195 -0.0134462 0.000127137 0.0275355 -0.0790169 0.404821 0.30826 -0.155858 0.314662 0.221174 -0.145612 0.407895 0.265229 -0.18352 0.377159 0.315432 -0.122048 0.348471 0.295965 -0.0913114 0.332079 0.244738 -0.069796 0.389453 0.208879 -0.177373 0.365889 0.164824 -0.151759 0.339251 0.125892 -0.118974 0.317735 0.106425 -0.094385 0.302367 0.113597 -0.0769678 0.000127137 0.0060201 0.222198 0.0308634 0.00806919 0.223223 0.000127137 0.0818362 0.22937 0.0298389 0.0828607 0.22937 0.056477 0.0808116 0.230395 0.0544279 0.0131919 0.227321 0.0749187 0.0172901 0.234493 0.0728696 0.0767135 0.232444 0.0954095 0.0736399 0.234493 0.100532 0.00704464 0.232444 -0.315432 0.236542 0.122818 -0.30826 0.188389 0.119744 -0.320554 0.210928 0.064419 -0.327726 0.262156 0.0664681 -0.343094 0.334898 0.0746644 -0.327726 0.322604 0.134088 -0.343094 0.412763 0.0951553 -0.325677 0.384076 0.151505 -0.345143 0.345143 0.0193391 -0.350266 0.43018 0.0459772 -0.329775 0.471162 0.126916 -0.328751 0.434279 0.146382 -0.3308 0.511119 0.0879835 -0.334898 0.270352 0.0101183 -0.325677 0.214002 0.0142165 -0.30826 0.167898 0.0623699 -0.300064 0.149456 0.11872 -0.286745 0.0982289 0.0572472 -0.288794 0.104376 0.11872 -0.270352 0.053149 0.126916 -0.260106 0.0449527 0.0633945 -0.320554 0.169947 0.0121674 -0.326702 0.201708 -0.0472561 -0.321579 0.159701 -0.033937 -0.30826 0.114622 -0.0462315 -0.28572 0.106425 0.0060201 -0.322604 0.179168 -0.0677469 -0.309284 0.123842 -0.058526 -0.302113 0.113597 -0.0769678 -0.243714 0.0111428 0.137161 -0.220149 -0.000127137 0.0808116 -0.219125 0.0142165 0.0244619 -0.114622 -0.0277898 0.0951553 -0.113597 0.00397104 -0.00422531 -0.0541736 -0.00115168 -0.00934801 -0.258057 0.064419 -0.00422531 -0.277524 0.104376 -0.0738941 -0.294941 0.119744 -0.0872132 -0.245763 0.0838853 -0.0759432 -0.3308 0.111548 -0.0800414 -0.356413 0.122818 -0.108729 -0.317481 0.106425 -0.094385 -0.338996 0.125892 -0.118974 -0.383052 0.16175 -0.141514 -0.365634 0.164824 -0.151759 -0.406616 0.203757 -0.167127 -0.389199 0.208879 -0.177373 -0.407641 0.265229 -0.18352 -0.423009 0.262156 -0.17225 -0.392272 0.311334 -0.109753 -0.419935 0.305186 -0.145612 -0.362561 0.292892 -0.0779923 -0.404567 0.30826 -0.155858 -0.376904 0.315432 -0.122048 -0.348217 0.295965 -0.0913114 -0.331824 0.244738 -0.069796 -0.340021 0.35334 -0.0329125 -0.351291 0.438377 0.0131919 -0.267278 0.564395 0.134088 -0.259082 0.507021 0.180192 -0.197609 0.598205 0.170971 -0.193511 0.526487 0.223223 -0.109499 0.616647 0.193511 -0.10745 0.539806 0.247812 0.000127137 0.624843 0.212978 0.000127137 0.541855 0.267278 -0.186339 0.461941 0.247812 -0.102327 0.468088 0.275475 -0.0910571 0.389199 0.281622 -0.189413 0.406616 0.248837 -0.253959 0.395346 0.207855 -0.252935 0.450671 0.204781 -0.128965 0.366659 0.266254 -0.194536 0.367683 0.239616 -0.253959 0.350266 0.203757 -0.28572 0.328751 0.183266 0.000127137 0.470138 0.293916 -0.0808116 0.332849 0.27445 -0.0787626 0.341045 0.187364 -0.03983 0.313383 0.190438 0.000127137 0.300064 0.292892 -0.0439282 0.224248 0.27445 0.000127137 0.221174 0.283671 -0.02856 0.164824 0.283671 0.000127137 0.153554 0.300064 -0.0172901 0.124867 0.327726 0.000127137 0.132039 0.331824 0.000127137 0.113597 0.333873 -0.0551981 0.0961798 0.305186 -0.0470018 0.143309 0.182241 -0.0654435 0.120769 0.291867 -0.10745 0.109499 0.272401 -0.075689 0.110523 0.169947 -0.0306091 0.209904 0.190438 0.000127137 0.089008 0.322604 0.000127137 0.384076 0.304162 -0.0275355 0.269327 0.191462 0.000127137 0.0869589 0.299039 -0.0500754 0.0859344 0.28572 -0.102327 0.0828607 0.264205 -0.0982289 0.0767135 0.273426 -0.148431 0.0664681 0.247812 -0.125892 0.0705662 0.242689 -0.169947 0.0224128 0.235517 -0.183266 0.0551981 0.246787 -0.142284 0.100278 0.26318 -0.190438 0.0879835 0.247812 -0.179168 0.111548 0.146382 -0.252935 0.101303 0.211953 -0.241665 0.0603208 0.2181 -0.221174 0.026511 0.215027 -0.244738 0.0244619 0.190438 -0.269327 0.0613454 0.180192 -0.276499 0.111548 0.169947 -0.123842 0.0234373 0.230395 -0.109499 -0.0267652 0.228346 -0.164824 -0.0144707 0.208879 -0.164824 -0.0308634 0.158677 -0.111548 -0.045207 0.185315 -0.0551981 -0.0544279 0.210928 -0.053149 -0.0370106 0.242689 0.000127137 -0.045207 0.254984 0.000127137 -0.058526 0.217076 -0.0388055 -0.0103725 0.246787 0.000127137 -0.0175444 0.249861 -0.214002 -0.0124216 0.146382 -0.053149 -0.0431579 0.109499 0.000127137 -0.0472561 0.112572 -0.100278 0.00704464 0.232444 -0.215027 0.0029465 0.198634 -0.0306091 0.00806919 0.223223 0.000127137 0.0060201 0.222198 0.000127137 0.0818362 0.22937 -0.0306091 0.0828607 0.22937 -0.0562227 0.0808116 0.230395 -0.0541736 0.0131919 0.227321 -0.0746644 0.0172901 0.234493 -0.0726153 0.0767135 0.232444 -0.0961798 0.0736399 0.234493 -0.169947 0.0572472 -0.0892623 -0.198634 0.0388055 -0.0318879 -0.0818362 0.0336827 -0.0759432 -0.253959 0.122818 -0.119999 -0.314407 0.221174 -0.145612 0.000127137 0.00192195 -0.0134462 0.000127137 0.0275355 -0.0790169 -0.404567 0.30826 -0.155858 -0.407641 0.265229 -0.18352 -0.314407 0.221174 -0.145612 -0.376904 0.315432 -0.122048 -0.348217 0.295965 -0.0913114 -0.331824 0.244738 -0.069796 -0.389199 0.208879 -0.177373 -0.365634 0.164824 -0.151759 -0.338996 0.125892 -0.118974 -0.317481 0.106425 -0.094385 -0.302113 0.113597 -0.0769678 -0.291867 0.211953 0.156628 -0.282646 0.171996 0.156628 -0.300064 0.28572 0.164824 -0.276499 0.144333 0.1638 -0.244738 0.144333 0.112572 -0.228346 0.124867 0.124867 -0.294941 0.264205 0.0951553 -0.28572 0.214002 0.0941307 -0.273426 0.188389 0.0982289 -0.273426 0.318505 0.116671 -0.167898 0.236542 0.116671 -0.247812 0.337972 0.137161 -0.216051 0.357438 0.150481 -0.176094 0.365634 0.165849 -0.121793 0.361536 0.178143</float_array>
                    <technique_common>
                        <accessor count="344" source="#ID107" stride="3">
                            <param name="X" type="float"/>
                            <param name="Y" type="float"/>
                            <param name="Z" type="float"/>
                        </accessor>
                    </technique_common>
                </source>
                <source id="ID108">
                    <float_array id="ID109" count="1032">0.947958 -0.173169 0.267186 0.979729 -0.174314 0.0987172 0.974045 -0.199338 0.107239 0.924104 -0.179881 0.337156 0.983829 -0.137469 0.114818 0.886497 -0.113192 0.448676 0.98 -0.00485682 0.198937 0.781938 -0.0248718 0.62286 0.996421 -0.0835348 -0.0129384 0.996556 0.03497 0.0751918 0.869013 0.270483 0.414312 0.80749 0.142568 0.572394 0.926956 0.274421 0.255822 0.98917 -0.145853 0.0164429 0.983869 -0.154935 0.0894235 0.961866 -0.245163 0.121285 0.957994 -0.186706 0.217687 0.928499 -0.371334 -0.000199429 0.960114 -0.256367 0.111608 0.889789 -0.455905 0.0206434 0.804013 -0.577739 -0.140641 0.724106 -0.688959 0.0317052 0.504867 -0.845846 -0.1722 0.440832 -0.833373 -0.333402 0.181701 -0.955586 -0.232036 0.433704 -0.900255 0.0379742 0.326461 -0.939444 0.104252 0.955998 -0.268944 0.117206 0.992682 -0.119242 0.0190815 0.97916 -0.201465 -0.025657 0.821402 -0.570349 -0.00124999 0.857253 -0.513959 0.0310553 0.928544 -0.118442 0.351821 0.876882 -0.436747 0.200824 0.413168 -0.900621 -0.134815 0.163328 -0.906643 -0.389002 0.0673983 -0.925337 -0.373106 0.623837 -0.733783 -0.269054 0.41304 -0.822715 -0.390561 0.407819 -0.65614 -0.634952 0.433669 -0.788807 -0.435562 0.447799 -0.703158 0.552309 0.745328 -0.639765 0.187582 0.186377 -0.980121 -0.0680115 0.223502 -0.761505 -0.608405 0.723999 -0.647662 -0.2374 0.281997 -0.643332 -0.71176 0.875654 -0.462758 -0.138147 0.364189 -0.422111 -0.830174 0.569163 0.127006 -0.812357 0.987659 -0.102192 -0.118683 0.659984 0.524553 0.537833 0.760484 0.58659 -0.278526 0.187702 0.51822 0.834396 0.371719 0.892809 -0.254396 -0.00920098 0.957589 0.287992 -0.382907 0.720177 0.578556 0.851847 -0.0585013 0.520514 0.994197 -0.0919745 -0.0557886 0.998708 0.0322627 0.0392744 0.666013 0.439134 0.602982 0.618878 0.365346 0.69535 0.495282 0.487997 0.718717 0.449886 0.404391 0.796286 0.270097 0.551525 0.789219 0.24501 0.442047 0.862881 0.172459 0.552282 0.815624 0.169708 0.41123 0.895594 0.421508 0.151088 0.89415 0.235248 0.201639 0.950789 0.287316 -0.0651967 0.955614 0.420813 -0.0662137 0.904728 0.553235 -0.0184166 0.832822 0.595241 0.153397 0.78877 0.43189 -0.678281 0.59448 0.206207 -0.8219 0.530998 -0.139139 -0.829592 0.540756 0.329123 -0.379344 0.864741 0.17683 0.231201 0.956701 0.754069 -0.527593 0.391185 0.527781 -0.758485 0.382293 0.746892 -0.501594 0.436527 0.24893 -0.125253 0.960388 0.875665 -0.0599376 0.479185 0.280405 0.0679451 0.957474 0.599653 0.409388 0.687618 0.336299 0.594249 0.730597 0.426865 0.393272 0.814324 0.379985 0.466347 0.798832 0.343932 -0.151054 0.926765 0.416075 -0.483166 0.770345 0.842768 0.434033 0.318367 0.605986 0.58075 0.543609 0.573268 0.395704 0.717484 0.399196 0.837168 0.373889 0.89396 0.101858 0.436419 0.274104 -0.792926 0.544183 0.221454 0.00975452 0.975122 0.960143 -0.156595 0.231525 0.0718478 -0.983301 0.167206 0.00578344 -0.94007 0.340932 0.437852 -0.0566868 0.897258 0.0455944 -0.854684 0.517142 0.0287252 -0.384646 0.922617 -0.231036 -0.68045 0.695421 0.116134 -0.413429 0.9031 0.278389 -0.254952 0.926012 0.260815 0.351083 0.899287 0.277058 0.743774 0.608308 0.0892576 0.789257 0.607542 0.351576 0.53809 0.766064 0.637996 -0.254457 0.726783 -0.0510753 -0.120192 0.991436 0.283955 -0.538229 0.793523 0.37549 -0.795555 0.4755 0.501236 -0.726832 0.46955 0.476222 -0.48182 0.735569 0.744651 -0.551961 0.37528 0.901285 -0.254864 0.350329 0.913722 -0.0321598 0.405065 0.254687 -0.961758 0.100779 0.178886 -0.972311 0.150367 0.282271 -0.490246 0.82461 0.189562 -0.498189 0.846093 0.0859939 -0.989738 0.114123 0.0297872 0.348673 0.936771 -0.0421751 0.602366 0.797105 0.0939633 -0.963097 -0.25222 0.0611519 -0.97882 -0.195375 0.562052 0.272261 0.781007 -0.353813 0.368662 0.859596 -0.170209 0.10191 0.980124 -0.532454 -0.399992 0.745989 -0.441037 0.571436 0.692061 -0.00860594 0.664011 0.747673 -0.729143 -0.14233 0.669397 -0.551949 0.232901 0.800693 -0.594092 0.402991 0.69617 -0.454886 -0.694017 0.55805 0.319403 -0.092668 0.943077 -0.120764 -0.746155 0.654728 -0.102605 -0.848248 0.519565 0.123627 -0.814015 0.567535 0.265393 -0.85379 0.447895 0.364888 -0.817457 -0.44567 0.116291 -0.900175 -0.419717 0.338177 -0.81838 -0.46464 0.422511 -0.692847 -0.584335 0.526958 -0.497759 -0.688876 0.0228043 -0.923546 -0.38281 0.0832139 -0.928227 -0.362589 -0.552348 0.492737 -0.6724 -0.697895 0.0867484 -0.710927 -0.460661 0.239486 -0.854657 -0.676844 0.566341 -0.470255 -0.870836 0.477739 -0.115799 -0.932913 0.343681 0.107498 -0.405539 -0.129464 -0.904863 -0.447853 -0.315891 -0.836445 -0.514287 -0.351429 -0.782308 -0.668652 -0.31798 -0.672156 -0.774283 -0.275155 -0.569891 -0.0558371 0.374855 0.925401 -0.106076 0.310563 0.944616 0.00433526 -0.493804 0.869562 -0.0240233 -0.819224 0.572971 -0.209176 -0.446341 0.870072 -0.305205 0.374869 0.875399 -0.115352 0.167834 0.979043 -0.204501 -0.772494 0.601193 -0.0962311 -0.47532 0.874535 0.144726 0.00711359 0.989446 -0.947958 -0.173169 0.267186 -0.924104 -0.17988 0.337156 -0.973117 -0.199491 0.115095 -0.978542 -0.174396 0.109733 -0.983707 -0.135535 0.118112 -0.887491 -0.116503 0.445855 -0.980821 -0.00359754 0.194877 -0.785019 -0.02322 0.619036 -0.996858 -0.0782873 -0.0120652 -0.996556 0.0349697 0.0751918 -0.870182 0.270604 0.411773 -0.808688 0.146332 0.569745 -0.926956 0.274421 0.255822 -0.990071 -0.139467 0.0175697 -0.981711 -0.162325 0.0994711 -0.960562 -0.248784 0.124203 -0.957994 -0.186706 0.217686 -0.929349 -0.369193 -0.00247772 -0.961738 -0.249024 0.11422 -0.889983 -0.455454 0.0221814 -0.802795 -0.579459 -0.140527 -0.953192 -0.27832 0.118166 -0.991548 -0.129552 0.00698466 -0.976943 -0.211649 -0.028036 -0.82312 -0.567866 -0.00117238 -0.8601 -0.508909 0.035221 -0.931589 -0.124513 0.341524 -0.876882 -0.436747 0.200824 -0.413168 -0.900621 -0.134815 -0.723849 -0.689266 0.0309074 -0.507148 -0.844047 -0.174314 -0.439694 -0.835401 -0.329811 -0.181181 -0.95561 -0.232342 -0.162766 -0.907087 -0.388201 -0.0673983 -0.925337 -0.373106 -0.628032 -0.731637 -0.265111 -0.418514 -0.820378 -0.389648 -0.411283 -0.656245 -0.632605 -0.439896 -0.786099 -0.434211 -0.447799 -0.703158 0.552309 -0.745327 -0.639766 0.187582 -0.186377 -0.980121 -0.0680118 -0.223501 -0.761505 -0.608405 -0.723999 -0.647663 -0.237401 -0.281996 -0.643331 -0.711761 -0.875654 -0.462758 -0.138147 -0.364188 -0.422111 -0.830175 -0.569163 0.127006 -0.812356 -0.98766 -0.102191 -0.118683 -0.659984 0.524553 0.537834 -0.760484 0.58659 -0.278525 -0.187701 0.51822 0.834396 -0.37172 0.892809 -0.254395 0.00920108 0.957589 0.287992 0.382907 0.720177 0.578556 -0.857579 -0.0560585 0.511289 -0.994424 -0.0874749 -0.0589026 -0.998708 0.0322618 0.0392751 -0.667862 0.442613 0.598376 -0.621189 0.364837 0.693555 -0.495307 0.493082 0.715221 -0.448987 0.402845 0.797576 -0.268992 0.552712 0.788767 -0.243856 0.441569 0.863453 -0.172459 0.552282 0.815624 -0.169708 0.41123 0.895594 -0.420078 0.150779 0.894875 -0.235248 0.201639 0.950789 -0.287316 -0.0651968 0.955614 -0.417655 -0.0620431 0.906485 -0.551664 -0.0183628 0.833864 -0.595096 0.154376 0.788688 -0.432855 -0.675795 0.596605 -0.203999 -0.820957 0.533306 0.142181 -0.831749 0.536636 -0.325646 -0.386865 0.862723 -0.17683 0.231201 0.956701 -0.751971 -0.528809 0.393575 -0.526992 -0.758296 0.383754 -0.742581 -0.506246 0.438508 -0.24893 -0.125253 0.960388 -0.875665 -0.0599375 0.479185 -0.280405 0.0679451 0.957474 -0.599653 0.409388 0.687618 -0.336299 0.594249 0.730597 -0.426865 0.393272 0.814324 -0.379985 0.466347 0.798832 -0.343932 -0.151054 0.926765 -0.413563 -0.485285 0.770366 -0.842367 0.435109 0.317959 -0.602871 0.582723 0.54496 -0.572382 0.393664 0.719311 -0.40018 0.837556 0.371962 -0.89396 0.101858 0.436419 -0.274104 -0.792926 0.544183 -0.221454 0.00975454 0.975122 -0.960143 -0.156595 0.231525 -0.071552 -0.983325 0.167186 -0.00447759 -0.940845 0.338807 -0.439908 -0.0505616 0.896618 -0.0456738 -0.856635 0.513897 -0.0289103 -0.382646 0.923443 0.234158 -0.679345 0.695457 -0.116134 -0.413429 0.9031 -0.277368 -0.256263 0.925957 -0.264189 0.351029 0.898322 -0.275433 0.743738 0.609089 -0.0896542 0.789081 0.607712 -0.355636 0.533829 0.76717 -0.637022 -0.260601 0.725459 -0.476222 -0.48182 0.735569 -0.742311 -0.553125 0.37819 -0.901021 -0.254404 0.351341 -0.916764 -0.0337115 0.398003 0.0526454 -0.120348 0.991335 -0.284461 -0.536516 0.794501 -0.373999 -0.795438 0.476868 -0.326578 -0.93918 0.106239 -0.256838 -0.960861 0.103829 -0.178284 -0.972299 0.151159 -0.282271 -0.490246 0.82461 -0.189562 -0.498189 0.846093 -0.0859939 -0.989738 0.114123 -0.0297872 0.348673 0.936771 0.0421751 0.602366 0.797105 -0.436903 -0.898638 0.0395722 -0.0939633 -0.963097 -0.252221 -0.0611519 -0.97882 -0.195375 -0.144848 0.00658887 0.989432 -0.503475 -0.723756 0.471899 0.106363 0.310638 0.944559 0.0558371 0.374855 0.925401 -0.00381426 -0.49383 0.86955 0.0256257 -0.819186 0.572955 0.210209 -0.446132 0.86993 0.305205 0.374869 0.875399 0.114767 0.16767 0.97914 0.200854 -0.77298 0.601797 0.0967611 -0.475796 0.874217 -0.364453 -0.817723 -0.445537 -0.33705 -0.820224 -0.462202 -0.1155 -0.90041 -0.41943 -0.429074 -0.691989 -0.580558 -0.531204 -0.497006 -0.686153 -0.0228043 -0.923546 -0.38281 -0.083214 -0.928227 -0.362589 0.552348 0.492737 -0.6724 0.460661 0.239486 -0.854657 0.697896 0.0867485 -0.710926 0.676844 0.566341 -0.470255 0.870836 0.477739 -0.115799 0.932913 0.343681 0.107499 0.405539 -0.129464 -0.904863 0.447853 -0.315891 -0.836445 0.514287 -0.351429 -0.782308 0.668653 -0.31798 -0.672155 0.774283 -0.275155 -0.56989 0.170209 0.10191 0.980124 0.353813 0.368662 0.859596 0.532454 -0.399992 0.745989 -0.564679 0.270395 0.779759 0.44106 0.569706 0.693471 0.00717389 0.662941 0.748637 0.729143 -0.14233 0.669398 0.551949 0.232901 0.800693 0.594093 0.402991 0.69617 0.457935 -0.693862 0.555744 -0.31972 -0.0933664 0.942901 0.123963 -0.748727 0.651184 0.101941 -0.849088 0.518322 -0.122398 -0.814492 0.567116 -0.267504 -0.853158 0.447843</float_array>
                    <technique_common>
                        <accessor count="344" source="#ID109" stride="3">
                            <param name="X" type="float"/>
                            <param name="Y" type="float"/>
                            <param name="Z" type="float"/>
                        </accessor>
                    </technique_common>
                </source>
                <source id="ID110">
                    <float_array id="ID111" count="342">0.749346 0.152802 0.773624 0.159738 0.773624 0.138929 0.745878 0.138929 0.773624 0.187485 0.749346 0.184016 0.766688 0.218699 0.74241 0.208294 0.794434 0.190953 0.784029 0.225636 0.749346 0.242977 0.745878 0.229104 0.766688 0.25685 0.794434 0.159738 0.790966 0.138929 0.770156 0.121587 0.749346 0.118119 0.770156 0.0903726 0.749346 0.100778 0.738942 0.0799677 0.759751 0.0695629 0.725069 0.0591581 0.735473 0.0452849 0.756283 0.0418166 0.707727 0.0279435 0.711195 0.0487531 0.693854 0.0418166 0.787498 0.121587 0.815244 0.131992 0.804839 0.114651 0.804839 0.0938408 0.787498 0.0903726 0.82218 0.121587 0.815244 0.0973091 0.818712 0.0869043 0.74241 0.0210069 0.732005 0.0140704 0.787498 0.0660946 0.811776 0.083436 0.825649 0.0764995 0.811776 0.0660946 0.825649 0.0973091 0.84299 0.104246 0.829117 0.0903726 0.84299 0.0938408 0.860332 0.118119 0.8638 0.111182 0.870736 0.131992 0.881141 0.125055 0.888078 0.152802 0.877673 0.152802 0.853395 0.170143 0.870736 0.170143 0.836054 0.163207 0.874205 0.17708 0.853395 0.180548 0.832585 0.170143 0.825649 0.145865 0.815244 0.194421 0.797902 0.229104 0.732005 0.281128 0.718132 0.25685 0.700791 0.295001 0.686917 0.263787 0.666108 0.308874 0.655703 0.270723 0.62102 0.315811 0.610615 0.27766 0.679981 0.239509 0.645298 0.242977 0.64183 0.211763 0.679981 0.218699 0.707727 0.215231 0.711195 0.23604 0.655703 0.204826 0.683449 0.204826 0.711195 0.197889 0.725069 0.187485 0.607147 0.246445 0.638361 0.190953 0.662639 0.173611 0.652235 0.170143 0.603679 0.17708 0.624488 0.145865 0.607147 0.142397 0.617552 0.121587 0.603679 0.118119 0.610615 0.107714 0.60021 0.111182 0.60021 0.104246 0.624488 0.0903726 0.655703 0.128524 0.631425 0.100778 0.648766 0.0973091 0.662639 0.121587 0.648766 0.138929 0.603679 0.083436 0.603679 0.211763 0.648766 0.159738 0.607147 0.0660946 0.624488 0.0730312 0.645298 0.0869043 0.64183 0.0730312 0.662639 0.0799677 0.648766 0.0660946 0.679981 0.0660946 0.679981 0.0799677 0.666108 0.0973091 0.683449 0.0973091 0.683449 0.121587 0.704259 0.100778 0.704259 0.083436 0.659171 0.0626264 0.659171 0.0383483 0.686917 0.0522215 0.700791 0.0626264 0.690386 0.0730312 0.711195 0.0695629 0.725069 0.0869043 0.732005 0.104246 0.673044 0.0279435 0.655703 0.0210069 0.645298 0.0314118 0.627957 0.0244752 0.634893 0.0140704 0.638361 0.0383483 0.624488 0.0279435 0.683449 0.0140704 0.662639 0.00713384 0.732005 0.121587 0.732005 0.138929 0.732005 0.152802 0.728537 0.170143 0.707727 0.128524 0.700791 0.125055 0.711195 0.159738 0.714664 0.149333 0.714664 0.138929 0.707727 0.170143 0.679981 0.149333 0.700791 0.17708 0.690386 0.180548 0.683449 0.180548 0.673044 0.17708 0.797902 0.0418166 0.76322 0.0175387 0.777093 0.0418166 0.825649 0.0660946 0.849927 0.0799677 0.728537 0.00366557 0.752815 0.00366557 0.836054 0.225636 0.829117 0.211763 0.839522 0.218699 0.832585 0.225636 0.825649 0.222167 0.82218 0.215231 0.839522 0.211763 0.839522 0.204826 0.836054 0.197889 0.832585 0.194421 0.62102 0.03488 0.627957 0.0383483 0.610615 0.0591581 0.62102 0.0626264 0.627957 0.0660946 0.634893 0.0452849 0.64183 0.0522215 0.631425 0.0660946 0.64183 0.0695629 0.655703 0.0522215</float_array>
                    <technique_common>
                        <accessor count="171" source="#ID111" stride="2">
                            <param name="S" type="float"/>
                            <param name="T" type="float"/>
                        </accessor>
                    </technique_common>
                </source>
                <vertices id="ID112">
                    <input semantic="POSITION" source="#ID106"/>
                </vertices>
                <triangles count="580" material="Material1">
                    <input offset="0" semantic="VERTEX" source="#ID112"/>
                    <input offset="1" semantic="NORMAL" source="#ID108"/>
                    <input offset="2" semantic="TEXCOORD" source="#ID110" set="0"/>
                    <p>2 2 2 1 1 1 0 0 0 3 3 3 2 2 2 0 0 0 1 1 1 4 4 4 0 0 0 4 4 4 5 5 5 0 0 0 4 4 4 6 6 6 5 5 5 6 6 6 7 7 7 5 5 5 4 4 4 8 8 8 6 6 6 8 8 8 9 9 9 6 6 6 6 6 6 9 9 9 10 10 10 6 6 6 10 10 10 11 11 11 6 6 6 11 11 11 7 7 7 9 9 9 12 12 12 10 10 10 13 13 13 8 8 8 4 4 4 1 1 1 13 13 13 4 4 4 14 14 14 13 13 13 1 1 1 2 2 2 14 14 14 1 1 1 3 3 3 15 15 15 2 2 2 2 2 2 15 15 15 14 14 14 15 15 15 3 3 3 16 16 16 15 15 15 16 16 16 17 17 17 16 16 16 18 18 18 17 17 17 17 17 17 18 18 18 19 19 19 17 17 17 19 19 19 20 20 20 19 19 19 21 21 21 20 20 20 21 21 21 22 22 22 20 20 20 20 20 20 22 22 22 23 23 23 23 23 23 22 22 22 24 24 24 24 24 24 22 22 22 25 25 25 21 21 21 25 25 25 22 22 22 26 26 26 24 24 24 25 25 25 15 15 15 27 27 27 14 14 14 27 27 27 15 15 15 17 17 17 14 14 14 27 27 27 28 28 28 14 14 14 28 28 28 13 13 13 27 27 27 29 29 29 28 28 28 30 30 30 29 29 29 27 27 27 31 31 31 30 30 30 27 27 27 31 31 31 27 27 27 17 17 17 31 31 31 17 17 17 20 20 20 32 32 32 28 28 28 29 29 29 33 33 33 32 32 32 29 29 29 30 30 30 33 33 33 29 29 29 30 30 30 34 34 34 33 33 33 24 24 24 35 35 35 23 23 23 24 24 24 36 36 36 35 35 35 30 30 30 31 31 31 37 37 37 38 38 38 30 30 30 37 37 37 30 30 30 38 38 38 34 34 34 39 39 39 34 34 34 38 38 38 37 37 37 40 40 40 38 38 38 41 41 41 33 33 33 34 34 34 32 32 32 33 33 33 41 41 41 32 32 32 41 41 41 42 42 42 41 41 41 34 34 34 43 43 43 42 42 42 41 41 41 43 43 43 44 44 44 42 42 42 43 43 43 45 45 45 42 42 42 44 44 44 46 46 46 45 45 45 44 44 44 47 47 47 45 45 45 46 46 46 48 48 48 47 47 47 46 46 46 48 48 48 49 49 49 47 47 47 49 49 49 50 50 50 47 47 47 51 51 51 47 47 47 50 50 50 52 52 52 51 51 51 50 50 50 52 52 52 50 50 50 49 49 49 51 51 51 53 53 53 47 47 47 54 54 54 52 52 52 49 49 49 51 51 51 52 52 52 54 54 54 55 55 55 51 51 51 54 54 54 53 53 53 51 51 51 55 55 55 56 56 56 53 53 53 55 55 55 42 42 42 45 45 45 57 57 57 57 57 57 45 45 45 47 47 47 53 53 53 57 57 57 47 47 47 57 57 57 53 53 53 56 56 56 32 32 32 42 42 42 57 57 57 32 32 32 57 57 57 28 28 28 28 28 28 57 57 57 13 13 13 13 13 13 57 57 57 58 58 58 13 13 13 58 58 58 8 8 8 8 8 8 58 58 58 9 9 9 58 58 58 59 59 59 9 9 9 9 9 9 59 59 59 12 12 12 10 10 10 12 12 12 60 60 60 61 61 61 10 10 10 60 60 60 61 61 61 60 60 60 62 62 62 63 63 63 61 61 61 62 62 62 63 63 63 62 62 62 64 64 64 65 65 65 63 63 63 64 64 64 65 65 65 64 64 64 66 66 66 67 67 67 65 65 65 66 66 66 68 68 68 63 63 63 65 65 65 69 69 69 68 68 68 65 65 65 69 69 69 65 65 65 67 67 67 69 69 69 70 70 70 68 68 68 70 70 70 71 71 71 68 68 68 68 68 68 71 71 71 72 72 72 73 73 73 68 68 68 72 72 72 63 63 63 68 68 68 73 73 73 61 61 61 63 63 63 73 73 73 70 70 70 74 74 74 71 71 71 72 72 72 71 71 71 75 75 75 74 74 74 75 75 75 71 71 71 76 76 76 72 72 72 75 75 75 72 72 72 76 76 76 77 77 77 7 7 7 72 72 72 77 77 77 73 73 73 72 72 72 7 7 7 78 78 78 69 69 69 67 67 67 11 11 11 73 73 73 7 7 7 61 61 61 73 73 73 11 11 11 10 10 10 61 61 61 11 11 11 70 70 70 79 79 79 74 74 74 74 74 74 79 79 79 80 80 80 81 81 81 80 80 80 79 79 79 79 79 79 70 70 70 82 82 82 82 82 82 83 83 83 79 79 79 83 83 83 82 82 82 84 84 84 85 85 85 83 83 83 84 84 84 86 86 86 85 85 85 84 84 84 85 85 85 86 86 86 87 87 87 86 86 86 88 88 88 87 87 87 88 88 88 89 89 89 87 87 87 90 90 90 87 87 87 89 89 89 85 85 85 91 91 91 83 83 83 91 91 91 85 85 85 92 92 92 85 85 85 87 87 87 92 92 92 90 90 90 92 92 92 87 87 87 93 93 93 92 92 92 90 90 90 91 91 91 92 92 92 93 93 93 91 91 91 93 93 93 94 94 94 91 91 91 95 95 95 83 83 83 96 96 96 90 90 90 89 89 89 70 70 70 97 97 97 82 82 82 95 95 95 98 98 98 83 83 83 79 79 79 83 83 83 98 98 98 90 90 90 96 96 96 99 99 99 100 100 100 90 90 90 99 99 99 90 90 90 100 100 100 101 101 101 93 93 93 90 90 90 101 101 101 100 100 100 102 102 102 101 101 101 101 101 101 102 102 102 103 103 103 93 93 93 101 101 101 103 103 103 102 102 102 104 104 104 103 103 103 103 103 103 104 104 104 105 105 105 106 106 106 103 103 103 105 105 105 107 107 107 103 103 103 106 106 106 94 94 94 93 93 93 107 107 107 107 107 107 93 93 93 103 103 103 94 94 94 107 107 107 108 108 108 107 107 107 106 106 106 108 108 108 109 109 109 94 94 94 108 108 108 110 110 110 108 108 108 106 106 106 109 109 109 108 108 108 110 110 110 111 111 111 110 110 110 106 106 106 104 104 104 112 112 112 105 105 105 105 105 105 112 112 112 113 113 113 114 114 114 105 105 105 113 113 113 114 114 114 115 115 115 105 105 105 115 115 115 116 116 116 105 105 105 106 106 106 116 116 116 111 111 111 105 105 105 116 116 116 106 106 106 111 111 111 116 116 116 117 117 117 116 116 116 115 115 115 117 117 117 118 118 118 111 111 111 117 117 117 110 110 110 111 111 111 118 118 118 110 110 110 118 118 118 119 119 119 118 118 118 117 117 117 19 19 19 117 117 117 21 21 21 19 19 19 117 117 117 115 115 115 21 21 21 26 26 26 114 114 114 113 113 113 120 120 120 26 26 26 113 113 113 121 121 121 120 120 120 113 113 113 122 122 122 121 121 121 113 113 113 121 121 121 122 122 122 123 123 123 124 124 124 121 121 121 123 123 123 122 122 122 125 125 125 123 123 123 122 122 122 113 113 113 125 125 125 125 125 125 126 126 126 123 123 123 24 24 24 120 120 120 121 121 121 26 26 26 120 120 120 24 24 24 127 127 127 24 24 24 121 121 121 128 128 128 127 127 127 121 121 121 124 124 124 128 128 128 121 121 121 118 118 118 19 19 19 18 18 18 119 119 119 118 118 118 18 18 18 16 16 16 119 119 119 18 18 18 119 119 119 16 16 16 129 129 129 129 129 129 16 16 16 3 3 3 130 130 130 129 129 129 3 3 3 130 130 130 3 3 3 131 131 131 3 3 3 0 0 0 131 131 131 131 131 131 0 0 0 5 5 5 132 132 132 131 131 131 5 5 5 110 110 110 119 119 119 129 129 129 133 133 133 110 110 110 129 129 129 130 130 130 133 133 133 129 129 129 133 133 133 134 134 134 110 110 110 131 131 131 132 132 132 135 135 135 136 136 136 131 131 131 135 135 135 131 131 131 136 136 136 137 137 137 130 130 130 131 131 131 137 137 137 130 130 130 137 137 137 133 133 133 77 77 77 132 132 132 5 5 5 132 132 132 77 77 77 138 138 138 132 132 132 138 138 138 135 135 135 77 77 77 76 76 76 138 138 138 7 7 7 77 77 77 5 5 5 134 134 134 109 109 109 110 110 110 136 136 136 135 135 135 139 139 139 137 137 137 136 136 136 139 139 139 139 139 139 109 109 109 134 134 134 135 135 135 138 138 138 139 139 139 137 137 137 139 139 139 133 133 133 139 139 139 134 134 134 133 133 133 139 139 139 94 94 94 109 109 109 139 139 139 91 91 91 94 94 94 139 139 139 95 95 95 91 91 91 138 138 138 140 140 140 139 139 139 76 76 76 140 140 140 138 138 138 76 76 76 141 141 141 140 140 140 140 140 140 141 141 141 139 139 139 76 76 76 75 75 75 141 141 141 139 139 139 141 141 141 142 142 142 142 142 142 141 141 141 75 75 75 143 143 143 142 142 142 75 75 75 139 139 139 142 142 142 143 143 143 74 74 74 143 143 143 75 75 75 74 74 74 80 80 80 143 143 143 139 139 139 143 143 143 80 80 80 139 139 139 80 80 80 81 81 81 98 98 98 95 95 95 139 139 139 98 98 98 139 139 139 81 81 81 81 81 81 79 79 79 98 98 98 146 146 146 145 145 145 144 144 144 146 146 146 144 144 144 37 37 37 144 144 144 40 40 40 37 37 37 147 147 147 40 40 40 144 144 144 38 38 38 40 40 40 147 147 147 39 39 39 38 38 38 147 147 147 148 148 148 39 39 39 147 147 147 148 148 148 34 34 34 39 39 39 146 146 146 37 37 37 23 23 23 146 146 146 23 23 23 35 35 35 146 146 146 35 35 35 145 145 145 35 35 35 36 36 36 145 145 145 36 36 36 149 149 149 145 145 145 149 149 149 36 36 36 127 127 127 128 128 128 149 149 149 127 127 127 36 36 36 24 24 24 127 127 127 149 149 149 150 150 150 145 145 145 37 37 37 20 20 20 23 23 23 37 37 37 31 31 31 20 20 20 153 153 153 152 152 152 151 151 151 151 151 151 152 152 152 154 154 154 154 154 154 152 152 152 155 155 155 155 155 155 152 152 152 156 156 156 157 157 157 152 152 152 153 153 153 158 158 158 152 152 152 157 157 157 159 159 159 152 152 152 158 158 158 159 159 159 160 160 160 152 152 152 160 160 160 161 161 160 152 152 152 163 163 162 162 162 161 126 126 126 162 162 161 163 163 162 164 164 163 163 163 162 165 165 164 164 164 163 166 166 165 165 165 164 163 163 162 167 167 166 166 166 165 163 163 162 167 167 166 168 168 167 166 166 165 168 168 167 167 167 166 125 125 125 167 167 166 163 163 162 125 125 125 163 163 162 126 126 126 125 125 125 168 168 167 169 169 168 166 166 165 170 170 169 169 169 168 168 168 167 165 165 164 99 99 99 164 164 163 165 165 164 100 100 100 99 99 99 165 165 164 166 166 165 100 100 100 100 100 100 166 166 165 169 169 168 100 100 100 169 169 168 102 102 102 169 169 168 170 170 169 102 102 102 102 102 102 170 170 169 104 104 104 104 104 104 170 170 169 112 112 112 170 170 169 171 171 170 112 112 112 168 168 167 171 171 170 170 170 169 168 168 167 125 125 125 171 171 170 113 113 113 171 171 170 125 125 125 112 112 112 171 171 170 113 113 113 114 114 114 26 26 26 25 25 25 115 115 115 114 114 114 25 25 25 115 115 115 25 25 25 21 21 21 97 97 97 70 70 70 69 69 69 78 78 78 97 97 97 69 69 69 174 174 2 173 173 3 172 172 0 175 175 1 174 174 2 172 172 0 176 176 4 175 175 1 172 172 0 177 177 5 176 176 4 172 172 0 178 178 6 176 176 4 177 177 5 179 179 7 178 178 6 177 177 5 180 180 8 176 176 4 178 178 6 181 181 9 180 180 8 178 178 6 181 181 9 178 178 6 182 182 10 182 182 10 178 178 6 183 183 11 183 183 11 178 178 6 179 179 7 184 184 12 181 181 9 182 182 10 185 185 13 175 175 1 176 176 4 180 180 8 185 185 13 176 176 4 186 186 14 174 174 2 175 175 1 185 185 13 186 186 14 175 175 1 187 187 15 173 173 3 174 174 2 187 187 15 174 174 2 186 186 14 173 173 3 187 187 15 188 188 16 188 188 16 187 187 15 189 189 17 190 190 18 188 188 16 189 189 17 190 190 18 189 189 17 191 191 19 191 191 19 189 189 17 192 192 20 193 193 27 187 187 15 186 186 14 187 187 15 193 193 27 189 189 17 193 193 27 186 186 14 194 194 28 194 194 28 186 186 14 185 185 13 195 195 29 193 193 27 194 194 28 195 195 29 196 196 30 193 193 27 196 196 30 197 197 31 193 193 27 193 193 27 197 197 31 189 189 17 189 189 17 197 197 31 192 192 20 194 194 28 198 198 32 195 195 29 198 198 32 199 199 33 195 195 29 199 199 33 196 196 30 195 195 29 200 200 34 196 196 30 199 199 33 191 191 19 192 192 20 201 201 21 192 192 20 202 202 22 201 201 21 203 203 23 202 202 22 192 192 20 204 204 24 202 202 22 203 203 23 205 205 35 204 204 24 203 203 23 206 206 36 204 204 24 205 205 35 207 207 37 197 197 31 196 196 30 197 197 31 207 207 37 192 192 20 192 192 20 207 207 37 203 203 23 207 207 37 196 196 30 208 208 38 208 208 38 196 196 30 200 200 34 200 200 34 209 209 39 208 208 38 208 208 38 210 210 40 207 207 37 199 199 33 211 211 41 200 200 34 199 199 33 198 198 32 211 211 41 211 211 41 198 198 32 212 212 42 200 200 34 211 211 41 213 213 43 211 211 41 212 212 42 213 213 43 212 212 42 214 214 44 213 213 43 212 212 42 215 215 45 214 214 44 215 215 45 216 216 46 214 214 44 215 215 45 217 217 47 216 216 46 217 217 47 218 218 48 216 216 46 219 219 49 218 218 48 217 217 47 220 220 50 219 219 49 217 217 47 217 217 47 221 221 51 220 220 50 221 221 51 222 222 52 220 220 50 220 220 50 222 222 52 219 219 49 223 223 53 221 221 51 217 217 47 222 222 52 224 224 54 219 219 49 222 222 52 221 221 51 224 224 54 221 221 51 225 225 55 224 224 54 221 221 51 223 223 53 225 225 55 223 223 53 226 226 56 225 225 55 215 215 45 212 212 42 227 227 57 227 227 57 223 223 53 217 217 47 215 215 45 227 227 57 217 217 47 223 223 53 227 227 57 226 226 56 212 212 42 198 198 32 227 227 57 227 227 57 198 198 32 194 194 28 227 227 57 194 194 28 185 185 13 227 227 57 185 185 13 228 228 58 228 228 58 185 185 13 180 180 8 228 228 58 180 180 8 181 181 9 229 229 59 228 228 58 181 181 9 229 229 59 181 181 9 184 184 12 184 184 12 182 182 10 230 230 60 182 182 10 231 231 61 230 230 60 230 230 60 231 231 61 232 232 62 231 231 61 233 233 63 232 232 62 232 232 62 233 233 63 234 234 64 233 233 63 235 235 65 234 234 64 234 234 64 235 235 65 236 236 66 235 235 65 237 237 67 236 236 66 233 233 63 238 238 68 235 235 65 238 238 68 239 239 69 235 235 65 235 235 65 239 239 69 237 237 67 240 240 70 239 239 69 238 238 68 241 241 71 240 240 70 238 238 68 241 241 71 238 238 68 242 242 72 238 238 68 243 243 73 242 242 72 233 233 63 231 231 61 243 243 73 238 238 68 233 233 63 243 243 73 244 244 74 240 240 70 241 241 71 241 241 71 242 242 72 245 245 75 245 245 75 244 244 74 241 241 71 242 242 72 246 246 76 245 245 75 246 246 76 242 242 72 247 247 77 242 242 72 179 179 7 247 247 77 242 242 72 243 243 73 179 179 7 239 239 69 248 248 78 237 237 67 243 243 73 183 183 11 179 179 7 243 243 73 231 231 61 183 183 11 231 231 61 182 182 10 183 183 11 249 249 79 240 240 70 244 244 74 249 249 79 244 244 74 250 250 80 250 250 80 251 251 81 249 249 79 240 240 70 249 249 79 252 252 82 253 253 83 252 252 82 249 249 79 252 252 82 253 253 83 254 254 84 253 253 83 255 255 85 254 254 84 255 255 85 256 256 86 254 254 84 256 256 86 255 255 85 257 257 87 258 258 88 256 256 86 257 257 87 259 259 89 258 258 88 257 257 87 257 257 87 260 260 90 259 259 89 261 261 91 255 255 85 253 253 83 255 255 85 261 261 91 262 262 92 257 257 87 255 255 85 262 262 92 262 262 92 260 260 90 257 257 87 262 262 92 263 263 93 260 260 90 262 262 92 261 261 91 263 263 93 263 263 93 261 261 91 264 264 94 265 265 95 261 261 91 253 253 83 260 260 90 266 266 96 259 259 89 267 267 97 240 240 70 252 252 82 268 268 98 265 265 95 253 253 83 253 253 83 249 249 79 268 268 98 266 266 96 260 260 90 269 269 99 260 260 90 270 270 100 269 269 99 270 270 100 260 260 90 271 271 101 260 260 90 263 263 93 271 271 101 272 272 102 270 270 100 271 271 101 272 272 102 271 271 101 273 273 103 271 271 101 263 263 93 273 273 103 274 274 104 272 272 102 273 273 103 274 274 104 273 273 103 275 275 105 273 273 103 276 276 106 275 275 105 273 273 103 277 277 107 276 276 106 277 277 107 264 264 94 278 278 108 276 276 106 277 277 107 278 278 108 264 264 94 279 279 109 278 278 108 278 278 108 280 280 110 276 276 106 278 278 108 279 279 109 280 280 110 280 280 110 281 281 111 276 276 106 276 276 106 282 282 116 275 275 105 281 281 111 282 282 116 276 276 106 283 283 117 282 282 116 281 281 111 284 284 118 283 283 117 281 281 111 281 281 111 280 280 110 284 284 118 284 284 118 280 280 110 285 285 119 286 286 112 274 274 104 275 275 105 286 286 112 275 275 105 287 287 113 275 275 105 288 288 114 287 287 113 288 288 114 289 289 26 287 287 113 289 289 26 290 290 120 287 287 113 290 290 120 291 291 121 287 287 113 291 291 121 292 292 122 287 287 113 292 292 122 291 291 121 293 293 123 291 291 121 294 294 124 293 293 123 295 295 125 292 292 122 293 293 123 287 287 113 292 292 122 295 295 125 296 296 126 295 295 125 293 293 123 290 290 120 204 204 24 291 291 121 290 290 120 289 289 26 204 204 24 289 289 26 297 297 25 204 204 24 289 289 26 288 288 114 297 297 25 297 297 25 202 202 22 204 204 24 204 204 24 298 298 127 291 291 121 299 299 128 294 294 124 291 291 121 298 298 127 299 299 128 291 291 121 300 300 170 287 287 113 295 295 125 288 288 114 301 301 115 297 297 25 296 296 126 302 302 162 295 295 125 303 303 161 302 302 162 296 296 126 302 302 162 303 303 161 304 304 163 305 305 164 302 302 162 304 304 163 305 305 164 306 306 165 302 302 162 306 306 165 307 307 166 302 302 162 302 302 162 307 307 166 295 295 125 307 307 166 308 308 167 295 295 125 308 308 167 307 307 166 306 306 165 295 295 125 308 308 167 300 300 170 309 309 168 308 308 167 306 306 165 309 309 168 310 310 169 308 308 167 300 300 170 308 308 167 310 310 169 300 300 170 310 310 169 286 286 112 310 310 169 274 274 104 286 286 112 310 310 169 272 272 102 274 274 104 310 310 169 309 309 168 272 272 102 309 309 168 270 270 100 272 272 102 306 306 165 305 305 164 270 270 100 306 306 165 270 270 100 309 309 168 270 270 100 305 305 164 269 269 99 269 269 99 305 305 164 304 304 163 300 300 170 286 286 112 287 287 113 313 313 145 312 312 146 311 311 144 311 311 144 312 312 146 207 207 37 210 210 40 311 311 144 207 207 37 210 210 40 314 314 147 311 311 144 210 210 40 208 208 38 314 314 147 208 208 38 209 209 39 314 314 147 209 209 39 315 315 148 314 314 147 200 200 34 315 315 148 209 209 39 207 207 37 312 312 146 203 203 23 203 203 23 312 312 146 205 205 35 205 205 35 312 312 146 313 313 145 206 206 36 205 205 35 313 313 145 316 316 149 206 206 36 313 313 145 206 206 36 316 316 149 298 298 127 316 316 149 299 299 128 298 298 127 204 204 24 206 206 36 298 298 127 317 317 150 316 316 149 313 313 145 320 320 152 319 319 153 318 318 151 320 320 152 318 318 151 321 321 154 320 320 152 321 321 154 322 322 155 320 320 152 322 322 155 323 323 156 320 320 152 324 324 157 319 319 153 320 320 152 325 325 158 324 324 157 320 320 152 326 326 159 325 325 158 327 327 160 326 326 159 320 320 152 328 328 160 327 327 160 320 320 152 173 173 3 330 330 130 329 329 131 172 172 0 173 173 3 329 329 131 172 172 0 329 329 131 177 177 5 329 329 131 331 331 132 177 177 5 332 332 129 330 330 130 173 173 3 188 188 16 332 332 129 173 173 3 188 188 16 285 285 119 332 332 129 285 285 119 280 280 110 332 332 129 280 280 110 333 333 133 332 332 129 333 333 133 330 330 130 332 332 129 334 334 134 333 333 133 280 280 110 331 331 132 329 329 131 335 335 135 329 329 131 336 336 136 335 335 135 329 329 131 330 330 130 337 337 137 336 336 136 329 329 131 337 337 137 337 337 137 330 330 130 333 333 133 331 331 132 247 247 77 177 177 5 247 247 77 331 331 132 338 338 138 338 338 138 331 331 132 335 335 135 246 246 76 247 247 77 338 338 138 247 247 77 179 179 7 177 177 5 285 285 119 188 188 16 190 190 18 284 284 118 285 285 119 190 190 18 191 191 19 284 284 118 190 190 18 283 283 117 284 284 118 191 191 19 201 201 21 283 283 117 191 191 19 279 279 109 334 334 134 280 280 110 335 335 135 336 336 136 339 339 139 336 336 136 337 337 137 339 339 139 279 279 109 339 339 139 334 334 134 338 338 138 335 335 135 339 339 139 339 339 139 337 337 137 333 333 133 334 334 134 339 339 139 333 333 133 264 264 94 339 339 139 279 279 109 261 261 91 339 339 139 264 264 94 265 265 95 339 339 139 261 261 91 340 340 140 338 338 138 339 339 139 340 340 140 246 246 76 338 338 138 341 341 141 246 246 76 340 340 140 341 341 141 340 340 140 339 339 139 245 245 75 246 246 76 341 341 141 341 341 141 339 339 139 342 342 142 341 341 141 342 342 142 245 245 75 342 342 142 343 343 143 245 245 75 342 342 142 339 339 139 343 343 143 343 343 143 244 244 74 245 245 75 250 250 80 244 244 74 343 343 143 343 343 143 339 339 139 250 250 80 250 250 80 339 339 139 251 251 81 265 265 95 268 268 98 339 339 139 339 339 139 268 268 98 251 251 81 249 249 79 251 251 81 268 268 98 263 263 93 264 264 94 277 277 107 263 263 93 277 277 107 273 273 103 267 267 97 248 248 78 239 239 69 240 240 70 267 267 97 239 239 69 275 275 105 282 282 116 301 301 115 288 288 114 275 275 105 301 301 115 301 301 115 282 282 116 283 283 117 301 301 115 283 283 117 201 201 21 297 297 25 301 301 115 201 201 21 297 297 25 201 201 21 202 202 22</p>
                </triangles>
            </mesh>
        </geometry>
        <geometry id="ID115">
            <mesh>
                <source id="ID116">
                    <float_array id="ID117" count="258">0.191588 -0.0694956 0.574928 0.184311 -0.0751556 0.578162 0.187546 -0.0662614 0.576545 0.182694 -0.0654528 0.57897 0.178651 -0.0678785 0.580588 0.176226 -0.0719213 0.582205 0.175417 -0.0767727 0.582205 0.177034 -0.0816241 0.581396 0.181077 -0.0848583 0.579779 0.185928 -0.0848583 0.577353 0.189971 -0.0832412 0.574928 0.192397 -0.0791984 0.574119 0.193206 -0.074347 0.574119 0.156012 0.00246631 0.594333 0.133372 -0.000767946 0.600802 0.152777 0.0145947 0.596759 0.144692 0.0226803 0.599993 0.133372 0.0234889 0.604036 0.122052 0.0186375 0.606462 0.113967 0.00812623 0.608079 0.111541 -0.00481075 0.60727 0.113967 -0.0169392 0.604844 0.122861 -0.0250248 0.60161 0.133372 -0.0258333 0.597567 0.144692 -0.020982 0.595142 0.152777 -0.0104707 0.593525 0.215037 0.00408342 0.568459 0.161672 -0.028259 0.585439 0.202908 0.0315745 0.576545 0.184311 0.0501714 0.585439 0.16248 0.0566399 0.594333 0.140649 0.0501714 0.602419 0.122052 0.0315745 0.606462 0.109115 0.00408342 0.608079 0.105072 -0.028259 0.608079 0.109115 -0.06141 0.604036 0.121244 -0.0889011 0.597567 0.13984 -0.106689 0.588673 0.161672 -0.113158 0.580588 0.183503 -0.106689 0.571693 0.2021 -0.0889011 0.566842 0.214228 -0.06141 0.564416 0.219079 -0.028259 0.565225 -0.215118 0.00408342 0.568459 -0.202989 0.0315745 0.576545 -0.161753 -0.028259 0.585439 -0.184393 0.0501714 0.585439 -0.162561 0.0566399 0.594333 -0.14073 0.0501714 0.602419 -0.122133 0.0315745 0.606462 -0.109196 0.00408342 0.608079 -0.105154 -0.028259 0.608079 -0.109196 -0.06141 0.604036 -0.121325 -0.0889011 0.597567 -0.139922 -0.106689 0.588673 -0.161753 -0.113158 0.580588 -0.183584 -0.106689 0.571693 -0.202181 -0.0889011 0.566842 -0.214309 -0.06141 0.564416 -0.219161 -0.028259 0.565225 -0.131028 -0.0703042 0.597567 -0.138305 -0.0751556 0.593525 -0.134262 -0.06707 0.59595 -0.139113 -0.0654528 0.593525 -0.143964 -0.06707 0.591099 -0.14639 -0.0711128 0.59029 -0.147199 -0.0759641 0.589482 -0.14639 -0.0808155 0.59029 -0.142347 -0.0840497 0.591907 -0.137496 -0.0856669 0.593525 -0.133453 -0.0832412 0.59595 -0.130219 -0.0800069 0.597567 -0.12941 -0.0751556 0.597567 -0.168221 0.00246631 0.587865 -0.190053 -0.000767946 0.579779 -0.172264 0.0145947 0.587865 -0.181158 0.0226803 0.585439 -0.19167 0.0234889 0.582205 -0.202181 0.0186375 0.577353 -0.209458 0.00812623 0.57331 -0.211884 -0.00481075 0.570885 -0.207841 -0.0169392 0.570885 -0.198947 -0.0250248 0.57331 -0.187627 -0.0258333 0.577353 -0.177116 -0.020982 0.581396 -0.170647 -0.0104707 0.585439</float_array>
                    <technique_common>
                        <accessor count="86" source="#ID117" stride="3">
                            <param name="X" type="float"/>
                            <param name="Y" type="float"/>
                            <param name="Z" type="float"/>
                        </accessor>
                    </technique_common>
                </source>
                <source id="ID118">
                    <float_array id="ID119" count="258">0.402039 0.00627654 0.915601 0.427302 -0.00965386 0.904058 0.418392 0.0129747 0.908174 0.413203 -0.00702065 0.910612 0.424552 0.0285576 0.904953 0.447292 0.000227649 0.894388 0.419734 -0.0417973 0.906684 0.40195 0.0056316 0.915644 0.417828 0.0121386 0.908445 0.479173 0.006729 0.877695 0.465287 -0.028173 0.884712 0.418037 -0.069668 0.905755 0.416568 -0.0415474 0.908155 0.288798 -0.122543 0.949515 0.295659 -0.113291 0.948552 0.283821 -0.10777 0.952802 0.302866 -0.113581 0.946241 0.292967 -0.126366 0.947735 0.285773 -0.110924 0.951856 0.306662 -0.104929 0.946017 0.302661 -0.121936 0.945266 0.287337 -0.106838 0.951852 0.309963 -0.10281 0.945173 0.303657 -0.12193 0.944947 0.283759 -0.107882 0.952808 0.299391 -0.111876 0.947549 0.347247 -0.0825356 0.934135 0.351092 -0.0778887 0.933096 0.354329 -0.106092 0.929083 0.34789 -0.100422 0.932141 0.360588 -0.100578 0.927287 0.346661 -0.108779 0.931661 0.330081 -0.110799 0.937427 0.354999 -0.0753994 0.931821 0.370784 -0.0570799 0.926963 0.367823 -0.0626717 0.927782 0.371357 -0.0622927 0.926398 0.355284 -0.0604286 0.932803 0.36159 -0.0531907 0.930819 0.355122 -0.0645946 0.932586 0.327352 -0.0707241 0.942252 0.333171 -0.0681559 0.9404 0.331485 -0.0620841 0.941416 -0.347247 -0.0825357 0.934135 -0.354329 -0.106092 0.929083 -0.351092 -0.0778887 0.933096 -0.34789 -0.100422 0.932142 -0.360588 -0.100578 0.927287 -0.346662 -0.108779 0.931661 -0.330081 -0.110799 0.937427 -0.354999 -0.0753996 0.931821 -0.370784 -0.0570799 0.926963 -0.367823 -0.0626715 0.927781 -0.371357 -0.0622928 0.926398 -0.355284 -0.0604286 0.932803 -0.36159 -0.0531907 0.930819 -0.355122 -0.0645946 0.932586 -0.327352 -0.070724 0.942252 -0.333171 -0.0681558 0.9404 -0.331485 -0.062084 0.941416 -0.441004 -0.0831824 0.893642 -0.418759 -0.0174846 0.907929 -0.463712 -0.0337456 0.885343 -0.447122 -0.0372605 0.893696 -0.398581 -0.00387008 0.917125 -0.383162 -0.027705 0.923266 -0.413694 -0.00150175 0.910415 -0.395428 0.040549 0.917602 -0.347633 -0.0124558 0.937548 -0.412261 -0.0317126 0.910514 -0.472455 -0.0191306 0.881147 -0.43034 0.0344297 0.90201 -0.413557 -0.0340976 0.90984 -0.330492 -0.112023 0.937137 -0.34153 -0.115933 0.932693 -0.336456 -0.103073 0.936041 -0.321235 -0.105321 0.941125 -0.335945 -0.115868 0.934727 -0.364961 -0.112577 0.924191 -0.358403 -0.107525 0.927354 -0.356929 -0.112673 0.927311 -0.35685 -0.117196 0.926781 -0.349788 -0.119526 0.929173 -0.324421 -0.122169 0.93799 -0.325367 -0.133346 0.936138 -0.336847 -0.129685 0.932586</float_array>
                    <technique_common>
                        <accessor count="86" source="#ID119" stride="3">
                            <param name="X" type="float"/>
                            <param name="Y" type="float"/>
                            <param name="Z" type="float"/>
                        </accessor>
                    </technique_common>
                </source>
                <source id="ID120">
                    <float_array id="ID121" count="84">0.870563 0.0230535 0.862788 0.0191658 0.866675 0.0230535 0.862788 0.0230535 0.8589 0.0230535 0.8589 0.0191658 0.8589 0.0152781 0.8589 0.0113904 0.862788 0.0113904 0.866675 0.0113904 0.870563 0.0152781 0.870563 0.0191658 0.874451 0.0619301 0.862788 0.0541548 0.870563 0.0697054 0.862788 0.0697054 0.855012 0.0697054 0.851125 0.0619301 0.851125 0.0541548 0.851125 0.0463794 0.855012 0.0386041 0.862788 0.0386041 0.870563 0.0386041 0.874451 0.0463794 0.878338 0.0541548 0.991081 0.11247 0.944429 0.0813683 0.979418 0.135796 0.963867 0.151346 0.944429 0.159122 0.921103 0.151346 0.905552 0.135796 0.893889 0.11247 0.890001 0.0813683 0.893889 0.0502671 0.905552 0.0269412 0.921103 0.0113904 0.944429 0.00361514 0.963867 0.0113904 0.979418 0.0269412 0.991081 0.0502671 0.994968 0.0813683</float_array>
                    <technique_common>
                        <accessor count="42" source="#ID121" stride="2">
                            <param name="S" type="float"/>
                            <param name="T" type="float"/>
                        </accessor>
                    </technique_common>
                </source>
                <vertices id="ID122">
                    <input semantic="POSITION" source="#ID116"/>
                </vertices>
                <triangles count="80" material="Material1">
                    <input offset="0" semantic="VERTEX" source="#ID122"/>
                    <input offset="1" semantic="NORMAL" source="#ID118"/>
                    <input offset="2" semantic="TEXCOORD" source="#ID120" set="0"/>
                    <p>2 2 2 1 1 1 0 0 0 3 3 3 1 1 1 2 2 2 4 4 4 1 1 1 3 3 3 5 5 4 1 1 1 4 4 4 6 6 5 1 1 1 5 5 4 7 7 6 1 1 1 6 6 5 8 8 7 1 1 1 7 7 6 9 9 8 1 1 1 8 8 7 10 10 9 1 1 1 9 9 8 11 11 10 1 1 1 10 10 9 12 12 11 1 1 1 11 11 10 0 0 0 1 1 1 12 12 11 15 15 14 14 14 13 13 13 12 16 16 15 14 14 13 15 15 14 17 17 16 14 14 13 16 16 15 18 18 17 14 14 13 17 17 16 19 19 18 14 14 13 18 18 17 20 20 19 14 14 13 19 19 18 21 21 20 14 14 13 20 20 19 22 22 21 14 14 13 21 21 20 23 23 22 14 14 13 22 22 21 24 24 23 14 14 13 23 23 22 25 25 24 14 14 13 24 24 23 13 13 12 14 14 13 25 25 24 28 28 27 27 27 26 26 26 25 29 29 28 27 27 26 28 28 27 30 30 29 27 27 26 29 29 28 31 31 30 27 27 26 30 30 29 32 32 31 27 27 26 31 31 30 33 33 32 27 27 26 32 32 31 34 34 33 27 27 26 33 33 32 35 35 34 27 27 26 34 34 33 36 36 35 27 27 26 35 35 34 37 37 36 27 27 26 36 36 35 38 38 37 27 27 26 37 37 36 39 39 38 27 27 26 38 38 37 40 40 39 27 27 26 39 39 38 41 41 40 27 27 26 40 40 39 42 42 41 27 27 26 41 41 40 26 26 25 27 27 26 42 42 41 45 45 26 44 44 27 43 43 25 45 45 26 46 46 28 44 44 27 45 45 26 47 47 29 46 46 28 45 45 26 48 48 30 47 47 29 45 45 26 49 49 31 48 48 30 45 45 26 50 50 32 49 49 31 45 45 26 51 51 33 50 50 32 45 45 26 52 52 34 51 51 33 45 45 26 53 53 35 52 52 34 45 45 26 54 54 36 53 53 35 45 45 26 55 55 37 54 54 36 45 45 26 56 56 38 55 55 37 45 45 26 57 57 39 56 56 38 45 45 26 58 58 40 57 57 39 45 45 26 59 59 41 58 58 40 45 45 26 43 43 25 59 59 41 62 62 2 61 61 1 60 60 0 63 63 3 61 61 1 62 62 2 64 64 4 61 61 1 63 63 3 65 65 4 61 61 1 64 64 4 66 66 5 61 61 1 65 65 4 67 67 6 61 61 1 66 66 5 68 68 7 61 61 1 67 67 6 69 69 8 61 61 1 68 68 7 70 70 9 61 61 1 69 69 8 71 71 10 61 61 1 70 70 9 72 72 11 61 61 1 71 71 10 60 60 0 61 61 1 72 72 11 75 75 14 74 74 13 73 73 12 76 76 15 74 74 13 75 75 14 77 77 16 74 74 13 76 76 15 78 78 17 74 74 13 77 77 16 79 79 18 74 74 13 78 78 17 80 80 19 74 74 13 79 79 18 81 81 20 74 74 13 80 80 19 82 82 21 74 74 13 81 81 20 83 83 22 74 74 13 82 82 21 84 84 23 74 74 13 83 83 22 85 85 24 74 74 13 84 84 23 73 73 12 74 74 13 85 85 24</p>
                </triangles>
            </mesh>
        </geometry>
        <geometry id="ID154">
            <mesh>
                <source id="ID155">
                    <float_array id="ID156" count="16446">0.333268 1.94813 -0.0690681 0.36897 1.99812 -0.0333654 0.447516 1.99812 -0.0190844 0.333268 1.94813 -0.0690681 0.340408 2.05881 -0.0333654 0.36897 1.99812 -0.0333654 0.343979 2.11593 0.0951641 0.36897 2.13379 0.0487507 0.3654 2.0481 0.0201885 0.343979 2.03739 0.0737424 0.354689 1.97312 0.00947773 0.329697 1.96598 0.0666019 0.343979 1.916 0.00947773 0.322557 1.916 0.0630317 0.326127 1.90529 -0.0476465 0.333268 1.94813 -0.0690681 0.340408 2.05881 -0.0333654 0.351119 2.14093 0.013048 0.329697 2.2159 0.0880236 0.322557 1.87316 0.013048 0.308276 1.87316 0.0630317 0.301135 1.85173 0.0594614 0.308276 1.87316 0.0630317 -0.330802 1.94813 -0.0690681 -0.44862 1.99812 -0.0190844 -0.370074 1.99812 -0.0333654 -0.330802 1.94813 -0.0690681 -0.370074 1.99812 -0.0333654 -0.341512 2.05881 -0.0333654 -0.341512 2.11593 0.0951641 -0.345083 2.03739 0.0737424 -0.362934 2.0481 0.0201885 -0.370074 2.13379 0.0487507 -0.352223 1.97312 0.00947773 -0.327231 1.96598 0.0666019 -0.345083 1.916 0.00947773 -0.320091 1.916 0.0630317 -0.327231 1.90529 -0.0476465 -0.330802 1.94813 -0.0690681 -0.341512 2.05881 -0.0333654 -0.352223 2.14093 0.013048 -0.330802 2.2159 0.0880236 -0.320091 1.87316 0.013048 -0.30938 1.87316 0.0630317 -0.302239 1.85173 0.0594614 -0.30938 1.87316 0.0630317 -0.373645 1.45186 0.166569 -0.320091 1.55897 0.159429 -0.31295 1.56254 0.17371 -0.345083 1.45901 0.209413 -0.295099 1.46258 0.227264 -0.298669 1.56611 0.17728 -0.284388 1.56254 0.166569 -0.252256 1.46615 0.202272 -0.320091 1.5554 0.141578 -0.355793 1.44829 0.120156 -0.316521 1.45186 0.0951641 -0.30581 1.55183 0.130867 -0.234404 1.46615 0.155859 -0.277248 1.55897 0.152288 -0.287958 1.5554 0.138007 -0.262967 1.45901 0.113015 -0.234404 1.46615 0.155859 -0.277248 1.55897 0.152288 -0.284388 1.37332 0.184421 -0.295099 1.36975 0.191561 -0.30938 1.36975 0.187991 -0.316521 1.36975 0.17728 -0.31295 1.36975 0.159429 -0.302239 1.36975 0.152288 -0.287958 1.36975 0.155859 -0.273677 1.37332 0.166569 -0.273677 1.37332 0.166569 0.372541 1.45186 0.166569 0.318987 1.36975 0.17728 0.308276 1.36975 0.187991 0.343979 1.45901 0.209413 0.293995 1.46258 0.227264 0.297565 1.36975 0.191561 0.283284 1.37332 0.184421 0.251152 1.46615 0.202272 0.315416 1.36975 0.159429 0.35826 1.44829 0.120156 0.315416 1.45186 0.0951641 0.304706 1.36975 0.152288 0.2333 1.46615 0.155859 0.276143 1.37332 0.166569 0.286854 1.36975 0.155859 0.261862 1.45901 0.113015 0.2333 1.46615 0.155859 0.276143 1.37332 0.166569 0.283284 1.56254 0.166569 0.279714 1.55897 0.152288 0.297565 1.56611 0.17728 0.318987 1.5554 0.141578 0.318987 1.55897 0.159429 0.311846 1.56254 0.17371 0.290425 1.5554 0.138007 0.308276 1.55183 0.130867 0.279714 1.55897 0.152288 -0.141578 2.42298 0.270107 -0.152288 2.33729 0.323661 -0.223694 2.32658 0.270107 -0.202272 2.24803 0.327231 -0.237975 2.3837 0.220123 -0.302239 2.32301 0.205842 -0.31295 2.24803 0.241545 -0.245115 2.24803 0.273677 -0.327231 2.1445 0.255826 -0.259396 2.1445 0.273677 -0.323661 2.06238 0.255826 -0.259396 2.06238 0.273677 -0.245115 1.98383 0.266537 -0.337942 2.06238 0.198702 -0.291529 1.97669 0.216553 -0.352223 2.15164 0.195131 -0.341512 2.24803 0.184421 -0.245115 2.1445 0.295099 -0.212983 2.1445 0.341512 -0.152288 2.24803 0.348653 -0.162999 2.1445 0.355793 -0.205842 2.06238 0.341512 -0.166569 2.06238 0.352223 -0.162999 1.99455 0.330802 -0.237975 2.06238 0.302239 -0.223694 1.98383 0.298669 -0.141578 2.42298 0.270107 0.0012331 2.4444 0.295099 -0.0666019 2.34443 0.352223 0.0012331 2.35157 0.366504 -0.0380399 2.24446 0.402207 -0.152288 2.33729 0.323661 -0.120156 2.24446 0.377215 0.0690681 2.34443 0.352223 0.140473 2.42298 0.270107 0.0940599 2.24446 0.395066 0.0012331 2.24446 0.405777 0.154754 2.33729 0.323661 0.222589 2.32658 0.270107 0.154754 2.24803 0.348653 0.215449 2.24803 0.323661 0.22616 2.1445 0.330802 0.179746 2.1445 0.348653 0.219019 2.06238 0.323661 0.183317 2.06238 0.337942 0.236871 2.3837 0.220123 0.301135 2.32301 0.205842 0.311846 2.24803 0.241545 0.183317 1.99455 0.316521 0.244011 2.24803 0.273677 0.329697 2.1445 0.255826 0.261862 2.1445 0.273677 0.326127 2.06238 0.255826 0.261862 2.06238 0.273677 0.244011 1.98383 0.266537 0.351119 2.15164 0.195131 0.336838 2.06238 0.198702 0.290425 1.97669 0.216553 0.340408 2.24803 0.184421 0.222589 1.99097 0.287958 0.240441 2.06238 0.291529 0.244011 2.1445 0.287958 -0.0344695 2.1445 0.412918 -0.0773128 2.13022 0.395066 -0.0773128 2.24803 0.384356 -0.109445 2.1445 0.391496 -0.027329 2.06238 0.409347 -0.0666019 2.06238 0.395066 -0.0523209 1.9874 0.391496 -0.0166183 1.99455 0.402207 -0.152288 2.24803 0.348653 -0.138007 2.1445 0.366504 0.0190844 2.06238 0.405777 0.0190844 1.99812 0.395066 0.00837362 2.1445 0.409347 0.0333654 2.06238 0.409347 0.0262249 2.1445 0.416488 0.0440763 2.06238 0.402207 0.0369357 1.99455 0.391496 0.040506 2.1445 0.409347 0.101201 2.06238 0.398637 0.0940599 1.99097 0.384356 0.040506 1.99812 0.391496 0.101201 2.1445 0.402207 0.129763 1.98026 0.337942 0.147614 2.06238 0.352223 0.154754 2.1445 0.355793 -0.295099 2.11593 0.220123 -0.295099 2.06595 0.212983 -0.259396 2.06238 0.273677 -0.259396 2.1445 0.273677 -0.245115 1.98383 0.266537 -0.352223 2.15164 0.195131 -0.337942 2.06238 0.198702 -0.291529 1.97669 0.216553 -0.295099 2.17306 0.198702 -0.245115 2.24803 0.273677 -0.323661 2.23732 0.184421 0.0012331 2.31587 0.18085 -0.18085 2.24803 0.302239 -0.191561 2.16949 0.298669 -0.245115 2.1445 0.295099 -0.162999 2.1445 0.355793 -0.152288 2.24803 0.348653 -0.120156 2.24803 0.355793 -0.113015 2.16949 0.366504 -0.0773128 2.24803 0.366504 -0.0773128 2.13022 0.395066 -0.0380399 2.24803 0.373645 -0.0380399 2.16949 0.387926 -0.105875 2.11593 0.370074 -0.138007 2.1445 0.366504 0.0012331 2.24803 0.377215 0.00837362 2.16949 0.391496 0.0262249 2.16949 0.391496 0.040506 2.16949 0.387926 0.0940599 2.24803 0.377215 0.101201 2.16949 0.377215 0.154754 2.1445 0.355793 0.154754 2.24803 0.348653 -0.0344695 2.11593 0.387926 -0.027329 2.06238 0.387926 -0.0666019 2.06238 0.395066 -0.0523209 1.9874 0.391496 0.0190844 2.06238 0.405777 0.0119439 2.11593 0.402207 0.0333654 2.06238 0.391496 0.0297952 2.11593 0.391496 0.0440763 2.06238 0.402207 0.0369357 1.99455 0.391496 0.0440763 2.11593 0.398637 0.101201 2.06238 0.377215 0.040506 1.99812 0.391496 0.101201 2.11593 0.377215 0.147614 2.06238 0.352223 0.129763 1.98026 0.337942 0.0940599 1.99097 0.384356 -0.237975 2.06238 0.302239 -0.187991 2.06238 0.316521 -0.191561 2.11593 0.30938 -0.223694 1.98383 0.298669 -0.166569 2.06238 0.352223 -0.162999 1.99455 0.330802 0.297565 2.11593 0.220123 0.261862 2.1445 0.273677 0.261862 2.06238 0.273677 0.293995 2.06238 0.212983 0.351119 2.15164 0.195131 0.336838 2.06238 0.198702 0.244011 1.98383 0.266537 0.290425 1.97669 0.216553 0.297565 2.16949 0.198702 0.244011 2.24803 0.273677 0.311846 2.23732 0.184421 0.0012331 2.31587 0.18085 0.194027 2.24803 0.295099 0.204738 2.16949 0.291529 0.244011 2.1445 0.287958 0.179746 2.1445 0.348653 0.154754 2.24803 0.348653 0.204738 2.11593 0.298669 0.201168 2.06238 0.298669 0.240441 2.06238 0.291529 0.183317 2.06238 0.337942 0.183317 1.99455 0.316521 0.222589 1.99097 0.287958 -0.0737424 1.99455 0.384356 -0.0987343 2.06238 0.391496 -0.080883 2.06238 0.391496 -0.0844533 1.99097 0.377215 -0.120156 2.06238 0.373645 -0.0737424 1.99455 0.384356 -0.080883 2.06238 0.391496 -0.0987343 2.06238 0.370074 -0.0844533 1.99097 0.377215 -0.120156 2.06238 0.373645 -0.0166183 1.99455 0.402207 0.0190844 1.99812 0.395066 -0.212983 1.22337 0.152288 -0.216553 1.25193 0.155859 -0.223694 1.24836 0.162999 -0.212983 1.25193 0.162999 -0.216553 1.24836 0.166569 -0.223694 1.24836 0.162999 -0.227264 1.28763 0.17728 -0.220123 1.2912 0.17014 -0.227264 1.28763 0.159429 -0.234404 1.28049 0.166569 -0.234404 1.28049 0.166569 -0.248686 1.33048 0.17014 -0.255826 1.31262 0.155859 -0.252256 1.31262 0.18085 -0.255826 1.31262 0.155859 -0.270107 1.3519 0.17014 -0.273677 1.18767 0.17014 -0.30581 1.24122 0.198702 -0.259396 1.23051 0.202272 -0.327231 1.23408 0.17728 -0.334372 1.29834 0.17728 -0.320091 1.30191 0.202272 -0.291529 1.30905 0.209413 -0.270107 1.2555 0.209413 -0.323661 1.23765 0.148718 -0.295099 1.24479 0.138007 -0.302239 1.30548 0.134437 -0.327231 1.29834 0.152288 -0.255826 1.25193 0.141578 -0.266537 1.30905 0.141578 -0.259396 1.23051 0.202272 -0.241545 1.26264 0.195131 -0.255826 1.31262 0.155859 -0.252256 1.31262 0.18085 -0.259396 1.23051 0.212983 -0.241545 1.23408 0.202272 -0.248686 1.26264 0.212983 -0.262967 1.31619 0.198702 -0.248686 1.20195 0.212983 -0.248686 1.23408 0.212983 -0.248686 1.20195 0.212983 -0.241545 1.23408 0.202272 -0.252256 1.31262 0.18085 -0.241545 1.26264 0.195131 -0.270107 1.3519 0.17014 -0.284388 1.34833 0.155859 -0.302239 1.34833 0.155859 -0.30938 1.34833 0.162999 -0.31295 1.34833 0.17728 -0.30581 1.34833 0.187991 -0.295099 1.3519 0.191561 -0.280818 1.3519 0.184421 -0.270107 1.3519 0.17014 -0.44505 1.90886 -0.0297952 -0.427199 1.91243 -0.00480336 -0.402207 1.81246 0.0594614 -0.430769 1.80175 0.0166183 -0.384356 1.72321 0.127297 -0.423629 1.70535 0.0630317 -0.370074 1.6161 0.123726 -0.341512 1.62681 0.162999 -0.398637 1.916 0.00947773 -0.345083 1.82317 0.0773128 -0.30938 1.73392 0.152288 -0.295099 1.63395 0.18085 -0.262967 1.63038 0.155859 -0.255826 1.73035 0.116586 -0.412918 1.90172 -0.0726384 -0.366504 1.78747 -0.0512168 -0.395066 1.69107 0.00233722 -0.334372 1.68393 -0.0297952 -0.31295 1.59825 0.0594614 -0.352223 1.60539 0.080883 -0.277248 1.81603 0.00947773 -0.316521 1.91243 -0.0262249 -0.234404 1.71606 0.0558912 -0.248686 1.61967 0.116586 -0.316521 1.91243 -0.0262249 -0.277248 1.81603 0.00947773 -0.270107 1.69821 -0.00480336 -0.273677 1.60539 0.0773128 -0.234404 1.71606 0.0558912 -0.248686 1.61967 0.116586 -0.330802 1.94813 -0.0690681 -0.462901 1.99812 -0.101201 -0.30938 1.57325 0.120156 -0.277248 1.58039 0.148718 -0.320091 1.57682 0.134437 -0.287958 1.57325 0.130867 -0.470042 1.99812 -0.054787 -0.44862 1.99812 -0.0190844 -0.330802 1.94813 -0.0690681 -0.320091 1.58039 0.155859 -0.31295 1.58396 0.17014 -0.298669 1.58753 0.17371 -0.284388 1.58396 0.162999 -0.277248 1.58039 0.148718 0.211879 1.22337 0.152288 0.222589 1.24836 0.162999 0.215449 1.25193 0.155859 0.211879 1.25193 0.162999 0.215449 1.24836 0.166569 0.222589 1.24836 0.162999 0.22616 1.28763 0.17728 0.222589 1.2912 0.17014 0.22616 1.28763 0.159429 0.2333 1.28049 0.166569 0.2333 1.28049 0.166569 0.247581 1.33048 0.17014 0.254722 1.31262 0.155859 0.251152 1.31262 0.18085 0.254722 1.31262 0.155859 0.269003 1.3519 0.17014 0.276143 1.18767 0.17014 0.258292 1.23051 0.202272 0.304706 1.24122 0.198702 0.329697 1.23408 0.17728 0.333268 1.29834 0.17728 0.318987 1.30191 0.202272 0.290425 1.30905 0.209413 0.269003 1.2555 0.209413 0.322557 1.23765 0.148718 0.293995 1.24479 0.138007 0.304706 1.30548 0.134437 0.326127 1.29834 0.152288 0.258292 1.25193 0.141578 0.265433 1.30905 0.141578 0.258292 1.23051 0.202272 0.244011 1.26264 0.195131 0.254722 1.31262 0.155859 0.251152 1.31262 0.18085 0.244011 1.23408 0.202272 0.247581 1.26264 0.212983 0.261862 1.31619 0.198702 0.247581 1.20195 0.212983 0.251152 1.31262 0.18085 0.244011 1.26264 0.195131 0.247581 1.23408 0.212983 0.261862 1.23051 0.212983 0.247581 1.20195 0.212983 0.244011 1.23408 0.202272 0.269003 1.3519 0.17014 0.283284 1.3519 0.184421 0.293995 1.3519 0.191561 0.308276 1.34833 0.187991 0.315416 1.34833 0.17728 0.311846 1.34833 0.162999 0.301135 1.34833 0.155859 0.283284 1.34833 0.155859 0.269003 1.3519 0.17014 0.443946 1.90886 -0.0297952 0.429665 1.80175 0.0166183 0.401103 1.81246 0.0594614 0.429665 1.91243 -0.00480336 0.383251 1.72321 0.127297 0.422524 1.70535 0.0630317 0.36897 1.6161 0.123726 0.343979 1.62681 0.162999 0.3654 1.78747 -0.0512168 0.397533 1.69107 0.00233722 0.333268 1.68393 -0.0297952 0.311846 1.59825 0.0594614 0.351119 1.60539 0.080883 0.411814 1.90172 -0.0726384 0.276143 1.81603 0.00947773 0.318987 1.91243 -0.0262249 0.397533 1.916 0.00947773 0.343979 1.82317 0.0773128 0.318987 1.91243 -0.0262249 0.276143 1.81603 0.00947773 0.254722 1.73035 0.116586 0.269003 1.69821 -0.00480336 0.2333 1.71606 0.0558912 0.272573 1.60539 0.0773128 0.251152 1.61967 0.116586 0.333268 1.94813 -0.0690681 0.461797 1.99812 -0.101201 0.279714 1.58039 0.148718 0.290425 1.57325 0.130867 0.308276 1.57325 0.120156 0.318987 1.57682 0.134437 0.322557 1.58039 0.155859 0.315416 1.58396 0.17014 0.297565 1.58753 0.17371 0.297565 1.63395 0.18085 0.308276 1.73392 0.152288 0.261862 1.63038 0.155859 0.2333 1.71606 0.0558912 0.251152 1.61967 0.116586 0.279714 1.58039 0.148718 0.283284 1.58396 0.162999 0.447516 1.99812 -0.0190844 0.468938 1.99812 -0.054787 0.333268 1.94813 -0.0690681 -0.141578 2.42298 0.270107 -0.237975 2.3837 0.220123 -0.284388 2.41941 0.123726 -0.148718 2.48724 0.166569 0.0012331 2.4444 0.295099 0.0012331 2.51223 0.18085 -0.166569 2.55508 -0.0262249 0.0012331 2.60149 -0.0226547 -0.31295 2.44083 0.0201885 -0.355793 2.39441 -0.0940599 -0.380785 2.34443 0.00590748 -0.302239 2.32301 0.205842 -0.452191 2.20162 -0.104771 -0.434339 2.24446 -0.0119439 -0.452191 2.15878 -0.0190844 -0.455761 2.08023 -0.0297952 -0.477182 2.08023 -0.111911 -0.470042 1.99812 -0.054787 -0.44862 1.99812 -0.0190844 -0.462901 1.99812 -0.101201 -0.495034 1.99812 -0.119052 -0.452191 1.99812 0.0344695 -0.427199 2.15878 0.109445 -0.43791 2.08023 0.0987343 -0.352223 2.15164 0.195131 -0.359364 2.08023 0.17014 -0.298669 2.08023 0.184421 -0.359364 1.99812 0.162999 -0.295099 1.99812 0.17728 -0.405777 1.99812 0.123726 -0.43791 1.99812 0.0915938 -0.377215 1.92314 0.127297 -0.330802 1.92671 0.17371 -0.316521 1.86959 0.166569 -0.295099 1.87316 0.184421 -0.248686 1.8196 0.216553 -0.270107 1.87316 0.184421 -0.284388 1.92671 0.18085 -0.31295 1.86959 0.138007 -0.302239 1.86959 0.105875 -0.337942 1.86245 0.145148 -0.412918 1.91957 0.102305 -0.373645 1.86245 0.116586 -0.423629 1.916 0.0523209 -0.295099 1.80889 0.155859 -0.377215 1.85173 0.0880236 -0.387926 1.84816 0.0487507 -0.337942 1.80532 0.109445 -0.427199 1.91243 0.00233722 -0.316521 1.8553 0.0844533 -0.427199 1.91243 0.00233722 -0.387926 1.84816 0.0487507 -0.359364 1.84816 0.0380399 -0.359364 1.91243 -0.0012331 -0.337942 1.80532 0.109445 -0.316521 1.8553 0.0844533 -0.30581 1.91957 0.0594614 -0.302239 1.86959 0.105875 -0.295099 1.80889 0.155859 -0.284388 1.92671 0.18085 -0.270107 1.87316 0.184421 -0.248686 1.8196 0.216553 -0.295099 1.99812 0.17728 -0.302239 1.99812 0.0523209 -0.291529 2.08023 0.0737424 -0.298669 2.08023 0.184421 -0.370074 1.99812 -0.0333654 -0.370074 2.08023 -0.0333654 -0.44862 1.99812 -0.0190844 -0.31295 2.24446 0.0773128 -0.323661 2.23732 0.184421 -0.352223 2.15164 0.195131 0.0012331 2.31587 0.18085 -0.352223 2.24446 -0.040506 0.0012331 2.31587 0.18085 0.140473 2.42298 0.270107 0.151184 2.48724 0.166569 0.283284 2.41941 0.123726 0.236871 2.3837 0.220123 0.0012331 2.51223 0.18085 0.0012331 2.4444 0.295099 0.169036 2.55508 -0.0262249 0.0012331 2.60149 -0.0226547 0.311846 2.44083 0.0201885 0.35826 2.39441 -0.0940599 0.379681 2.34443 0.00590748 0.354689 2.33729 0.0951641 0.301135 2.32301 0.205842 0.340408 2.24803 0.184421 0.397533 2.24446 0.0987343 0.426095 2.15878 0.109445 0.351119 2.15164 0.195131 0.440376 2.08023 0.0987343 0.35826 2.08023 0.17014 0.454657 2.20162 -0.104771 0.433235 2.24446 -0.0119439 0.451086 2.15878 -0.0190844 0.454657 2.08023 -0.0297952 0.476078 2.08023 -0.111911 0.468938 1.99812 -0.054787 0.447516 1.99812 -0.0190844 0.461797 1.99812 -0.101201 0.49393 1.99812 -0.119052 0.451086 1.99812 0.0344695 0.297565 2.08023 0.184421 0.35826 1.99812 0.162999 0.293995 1.99812 0.17728 0.404673 1.99812 0.123726 0.436805 1.99812 0.0915938 0.376111 1.92314 0.127297 0.329697 1.92671 0.17371 0.318987 1.86959 0.166569 0.297565 1.87316 0.184421 0.247581 1.8196 0.216553 0.269003 1.87316 0.184421 0.283284 1.92671 0.18085 0.311846 1.86959 0.138007 0.304706 1.86959 0.105875 0.336838 1.86245 0.145148 0.411814 1.91957 0.102305 0.372541 1.86245 0.116586 0.293995 1.80889 0.155859 0.376111 1.85173 0.0880236 0.315416 1.8553 0.0844533 0.326127 1.80532 0.109445 0.390392 1.84816 0.0487507 0.426095 1.916 0.0523209 0.426095 1.91243 0.00233722 0.426095 1.91243 0.00233722 0.35826 1.91243 -0.0012331 0.35826 1.84816 0.0380399 0.390392 1.84816 0.0487507 0.326127 1.80532 0.109445 0.315416 1.8553 0.0844533 0.304706 1.91957 0.0594614 0.304706 1.86959 0.105875 0.293995 1.80889 0.155859 0.283284 1.92671 0.18085 0.269003 1.87316 0.184421 0.247581 1.8196 0.216553 0.301135 1.99812 0.0523209 0.293995 1.99812 0.17728 0.297565 2.08023 0.184421 0.290425 2.08023 0.0737424 0.36897 1.99812 -0.0333654 0.36897 2.08023 -0.0333654 0.311846 2.24446 0.0773128 0.311846 2.23732 0.184421 0.351119 2.15164 0.195131 0.0012331 2.31587 0.18085 0.351119 2.24446 -0.040506 0.0012331 2.31587 0.18085 0.447516 1.99812 -0.0190844 -0.355793 2.33729 0.0951641 -0.341512 2.24803 0.184421 -0.395066 2.24803 0.102305 -0.416488 2.24446 0.0737424 -0.434339 2.16235 0.080883 -0.355793 2.33729 0.0951641 -0.412918 2.24803 0.0880236 -0.416488 2.24446 0.0737424 -0.44862 2.15878 0.0630317 -0.455761 2.15878 0.0773128 -0.395066 2.24803 0.102305 -0.43791 2.16235 0.0951641 -0.434339 2.16235 0.080883 -0.434339 2.16235 0.080883 -0.477182 2.08023 0.0701723 -0.455761 2.08023 0.0880236 -0.484323 1.99455 0.0701723 -0.462901 1.99455 0.0880236 -0.452191 2.08023 0.0701723 -0.459331 1.99455 0.0630317 -0.466472 1.99455 0.0451804 -0.462901 2.08023 0.0523209 -0.459331 1.99455 0.0630317 -0.452191 2.08023 0.0701723 -0.466472 1.94456 0.0594614 -0.480753 1.94456 0.0737424 -0.462901 1.94099 0.0701723 -0.462901 1.94099 0.080883 -0.462901 1.94099 0.0701723 -0.455761 1.90172 0.0880236 0.147614 2.5408 -0.236871 0.190457 2.41227 -0.36183 0.333268 2.38013 -0.215449 0.0012331 2.44797 -0.415384 0.0012331 2.57293 -0.247581 0.169036 2.55508 -0.0262249 0.0012331 2.60149 -0.0226547 0.35826 2.39441 -0.0940599 0.0012331 2.20162 -0.508211 0.222589 2.20162 -0.436805 0.418954 2.20162 -0.251152 0.454657 2.20162 -0.104771 0.111911 2.03739 -0.476078 0.451086 2.03739 -0.272573 0.476078 2.08023 -0.111911 0.49393 1.99812 -0.119052 0.479649 1.88387 -0.304706 0.529632 1.88387 -0.144044 0.50464 1.77319 -0.343979 0.576046 1.77319 -0.183317 0.618889 1.6518 -0.240441 0.533203 1.6518 -0.397533 0.244011 2.03739 -0.461797 0.122622 1.88387 -0.508211 0.0012331 1.88387 -0.561765 0.0012331 2.03739 -0.529632 0.0012331 1.77319 -0.604608 0.126192 1.77319 -0.551054 0.133333 1.6518 -0.615319 0.0012331 1.6518 -0.668873 0.0012331 1.52327 -0.711716 0.136903 1.52327 -0.661732 0.0012331 1.37689 -0.715286 0.140473 1.37689 -0.668873 0.261862 1.88387 -0.49393 0.272573 1.77319 -0.536773 0.283284 1.6518 -0.601038 0.290425 1.52327 -0.647451 0.286854 1.37689 -0.658162 0.140473 1.24836 -0.640311 0.119052 1.24836 -0.647451 0.129763 1.10912 -0.490359 0.0797789 1.10912 -0.558194 0.272573 1.24836 -0.626029 0.336838 1.88387 -0.415384 0.315416 2.03739 -0.383251 0.351119 1.77319 -0.458227 0.36183 1.6518 -0.518921 0.36897 1.52327 -0.579616 0.36897 1.37689 -0.597467 0.176176 1.10912 -0.529632 0.129763 1.01272 -0.411814 0.36183 1.24836 -0.579616 0.290425 1.10912 -0.515351 0.479649 1.37689 -0.565335 0.454657 1.24836 -0.558194 0.393962 1.10198 -0.461797 0.304706 1.10912 -0.479649 0.279714 1.01272 -0.390392 0.543913 1.37689 -0.468938 0.551054 1.52327 -0.451086 0.568905 1.52327 -0.440376 0.583186 1.37689 -0.461797 0.508211 1.24836 -0.454657 0.561765 1.24836 -0.443946 0.529632 1.10912 -0.376111 0.49393 1.10912 -0.411814 0.458227 1.01272 -0.35826 0.483219 1.52327 -0.551054 0.468938 1.6518 -0.4975 0.447516 1.77319 -0.436805 0.426095 1.88387 -0.393962 0.401103 2.03739 -0.36183 0.461797 1.99812 -0.101201 0.49393 1.99812 -0.119052 0.529632 1.88387 -0.144044 0.486789 1.88387 -0.0904897 0.333268 1.94813 -0.0690681 0.522492 1.76962 -0.115482 0.576046 1.77319 -0.183317 0.561765 1.64823 -0.169036 0.618889 1.6518 -0.240441 0.579616 1.51613 -0.22973 0.643881 1.52327 -0.304706 0.640311 1.37689 -0.354689 0.579616 1.36975 -0.293995 0.604608 1.24836 -0.379681 0.547484 1.24122 -0.333268 0.354689 1.73749 -0.0976302 0.35826 1.59111 -0.151184 0.3654 1.38046 -0.261862 0.0012331 1.58753 -0.111911 0.165465 1.69107 -0.0976302 0.0012331 1.37689 -0.215449 0.465368 1.24836 -0.333268 0.393962 1.24836 -0.304706 0.2333 1.24836 -0.293995 0.354689 1.09841 -0.347549 0.283284 1.10912 -0.35826 0.0012331 1.24836 -0.293995 0.119052 1.14125 -0.36897 0.279714 1.01272 -0.390392 0.236871 1.01272 -0.397533 0.129763 1.01272 -0.411814 0.0012331 1.11983 -0.3654 0.0012331 1.01272 -0.422524 0.0833492 1.01272 -0.415384 0.429665 1.10912 -0.386822 0.372541 1.01272 -0.3654 0.50464 1.10912 -0.351119 0.529632 1.10912 -0.376111 0.458227 1.01272 -0.35826 0.468938 1.10912 -0.351119 0.372541 1.01272 -0.3654 0.429665 1.10912 -0.386822 0.236871 1.01272 -0.397533 0.247581 1.10912 -0.511781 0.468938 1.10912 -0.351119 0.49393 1.10912 -0.411814 0.508211 1.24836 -0.454657 0.465368 1.24836 -0.333268 0.458227 1.01272 -0.35826 0.465368 1.24836 -0.333268 0.508211 1.24836 -0.454657 0.429665 1.10912 -0.386822 0.372541 1.01272 -0.3654 0.393962 1.10198 -0.461797 0.354689 1.09841 -0.347549 0.279714 1.01272 -0.390392 0.279714 1.01272 -0.390392 0.304706 1.10912 -0.479649 0.283284 1.10912 -0.35826 0.236871 1.01272 -0.397533 0.129763 1.10912 -0.490359 0.119052 1.14125 -0.36897 0.129763 1.01272 -0.411814 0.0833492 1.01272 -0.415384 0.0012331 1.01272 -0.422524 0.0833492 1.01272 -0.415384 0.0012331 1.07342 -0.518921 0.0012331 1.14839 -0.611748 0.0012331 1.24836 -0.676013 0.354689 1.73749 -0.0976302 0.308276 1.82674 -0.0583573 0.322557 1.88387 -0.0654978 -0.187991 2.41227 -0.36183 -0.145148 2.5408 -0.236871 -0.334372 2.38013 -0.215449 -0.166569 2.55508 -0.0262249 -0.355793 2.39441 -0.0940599 -0.420058 2.20162 -0.251152 -0.223694 2.20162 -0.436805 -0.452191 2.20162 -0.104771 -0.452191 2.03739 -0.272573 -0.402207 2.03739 -0.36183 -0.477182 2.08023 -0.111911 -0.495034 1.99812 -0.119052 -0.480753 1.88387 -0.304706 -0.530736 1.88387 -0.144044 -0.502174 1.77319 -0.343979 -0.57715 1.77319 -0.183317 -0.530736 1.6518 -0.397533 -0.619993 1.6518 -0.240441 -0.641415 1.52327 -0.304706 -0.566439 1.52327 -0.440376 -0.637844 1.37689 -0.354689 -0.58429 1.37689 -0.461797 -0.605712 1.24836 -0.379681 -0.562869 1.24836 -0.443946 -0.530736 1.10912 -0.376111 -0.470042 1.6518 -0.4975 -0.552158 1.52327 -0.451086 -0.484323 1.52327 -0.551054 -0.362934 1.6518 -0.518921 -0.44505 1.77319 -0.436805 -0.352223 1.77319 -0.458227 -0.334372 1.88387 -0.415384 -0.427199 1.88387 -0.393962 -0.31295 2.03739 -0.383251 -0.366504 1.52327 -0.579616 -0.477182 1.37689 -0.565335 -0.370074 1.37689 -0.597467 -0.359364 1.24836 -0.579616 -0.455761 1.24836 -0.558194 -0.391496 1.10198 -0.461797 -0.30581 1.10912 -0.479649 -0.277248 1.01272 -0.390392 -0.505745 1.24836 -0.454657 -0.427199 1.10912 -0.386822 -0.373645 1.01272 -0.3654 -0.259396 1.88387 -0.49393 -0.241545 2.03739 -0.461797 -0.291529 1.52327 -0.647451 -0.284388 1.6518 -0.601038 -0.273677 1.77319 -0.536773 -0.113015 2.03739 -0.476078 -0.120156 1.88387 -0.508211 0.0012331 1.88387 -0.561765 0.0012331 2.03739 -0.529632 0.0012331 1.77319 -0.604608 -0.127297 1.77319 -0.551054 0.0012331 1.6518 -0.668873 -0.134437 1.6518 -0.615319 -0.138007 1.52327 -0.661732 0.0012331 1.52327 -0.711716 0.0012331 1.37689 -0.715286 -0.141578 1.37689 -0.668873 -0.287958 1.37689 -0.658162 -0.273677 1.24836 -0.626029 -0.141578 1.24836 -0.640311 -0.120156 1.24836 -0.647451 -0.127297 1.10912 -0.490359 -0.0773128 1.10912 -0.558194 -0.080883 1.01272 -0.415384 -0.291529 1.10912 -0.515351 -0.237975 1.01272 -0.397533 -0.248686 1.10912 -0.511781 -0.17728 1.10912 -0.529632 -0.130867 1.01272 -0.411814 0.0012331 1.14839 -0.611748 0.0012331 1.24836 -0.676013 0.0012331 1.07342 -0.518921 0.0012331 1.01272 -0.422524 -0.462901 1.99812 -0.101201 -0.530736 1.88387 -0.144044 -0.495034 1.99812 -0.119052 -0.484323 1.88387 -0.0904897 -0.330802 1.94813 -0.0690681 -0.520026 1.76962 -0.115482 -0.57715 1.77319 -0.183317 -0.619993 1.6518 -0.240441 -0.559299 1.64823 -0.169036 -0.58072 1.51613 -0.22973 -0.641415 1.52327 -0.304706 -0.637844 1.37689 -0.354689 -0.57715 1.36975 -0.293995 -0.605712 1.24836 -0.379681 -0.548588 1.24122 -0.333268 -0.355793 1.59111 -0.151184 -0.352223 1.73749 -0.0976302 -0.366504 1.38046 -0.261862 0.0012331 1.37689 -0.215449 0.0012331 1.58753 -0.111911 -0.162999 1.69107 -0.0976302 -0.466472 1.24836 -0.333268 -0.391496 1.24836 -0.304706 -0.234404 1.24836 -0.293995 -0.355793 1.09841 -0.347549 -0.280818 1.10912 -0.35826 0.0012331 1.24836 -0.293995 -0.120156 1.14125 -0.36897 -0.277248 1.01272 -0.390392 -0.130867 1.01272 -0.411814 -0.237975 1.01272 -0.397533 0.0012331 1.11983 -0.3654 0.0012331 1.01272 -0.422524 -0.080883 1.01272 -0.415384 -0.427199 1.10912 -0.386822 -0.373645 1.01272 -0.3654 -0.470042 1.10912 -0.351119 -0.502174 1.10912 -0.351119 -0.459331 1.01272 -0.35826 -0.530736 1.10912 -0.376111 -0.470042 1.10912 -0.351119 -0.466472 1.24836 -0.333268 -0.505745 1.24836 -0.454657 -0.491463 1.10912 -0.411814 -0.459331 1.01272 -0.35826 -0.466472 1.24836 -0.333268 -0.427199 1.10912 -0.386822 -0.505745 1.24836 -0.454657 -0.373645 1.01272 -0.3654 -0.355793 1.09841 -0.347549 -0.391496 1.10198 -0.461797 -0.277248 1.01272 -0.390392 -0.277248 1.01272 -0.390392 -0.280818 1.10912 -0.35826 -0.30581 1.10912 -0.479649 -0.237975 1.01272 -0.397533 -0.127297 1.10912 -0.490359 -0.130867 1.01272 -0.411814 -0.120156 1.14125 -0.36897 -0.080883 1.01272 -0.415384 -0.323661 1.88387 -0.0654978 -0.30938 1.8196 -0.0440763 -0.277248 1.80889 -0.0726384 -0.245115 1.78747 -0.0762087 -0.17014 1.76248 -0.0904897 -0.080883 1.73749 -0.0762087 0.0012331 1.67322 -0.0869194 0.0012331 1.73035 -0.0797789 -0.30938 1.82674 -0.0583573 -0.459331 1.01272 -0.35826 -0.491463 1.10912 -0.411814 -0.545018 1.37689 -0.468938 -0.31295 1.34833 0.17728 -0.30938 1.34833 0.162999 -0.31295 1.36975 0.159429 -0.316521 1.36975 0.17728 -0.302239 1.36975 0.152288 -0.302239 1.34833 0.155859 -0.287958 1.36975 0.155859 -0.284388 1.34833 0.155859 -0.273677 1.37332 0.166569 -0.270107 1.3519 0.17014 -0.30581 1.34833 0.187991 -0.30938 1.36975 0.187991 -0.295099 1.3519 0.191561 -0.295099 1.36975 0.191561 -0.280818 1.3519 0.184421 -0.284388 1.37332 0.184421 -0.270107 1.3519 0.17014 -0.273677 1.37332 0.166569 -0.284388 1.58396 0.162999 -0.284388 1.56254 0.166569 -0.298669 1.56611 0.17728 -0.298669 1.58753 0.17371 -0.277248 1.58039 0.148718 -0.277248 1.55897 0.152288 -0.31295 1.58396 0.17014 -0.31295 1.56254 0.17371 -0.320091 1.55897 0.159429 -0.320091 1.58039 0.155859 -0.320091 1.57682 0.134437 -0.320091 1.5554 0.141578 -0.30581 1.55183 0.130867 -0.30938 1.57325 0.120156 -0.287958 1.57325 0.130867 -0.287958 1.5554 0.138007 -0.277248 1.58039 0.148718 -0.277248 1.55897 0.152288 0.308276 1.34833 0.187991 0.293995 1.3519 0.191561 0.297565 1.36975 0.191561 0.308276 1.36975 0.187991 0.315416 1.34833 0.17728 0.318987 1.36975 0.17728 0.311846 1.34833 0.162999 0.315416 1.36975 0.159429 0.301135 1.34833 0.155859 0.304706 1.36975 0.152288 0.283284 1.34833 0.155859 0.286854 1.36975 0.155859 0.269003 1.3519 0.17014 0.276143 1.37332 0.166569 0.283284 1.37332 0.184421 0.283284 1.3519 0.184421 0.276143 1.37332 0.166569 0.269003 1.3519 0.17014 0.315416 1.58396 0.17014 0.311846 1.56254 0.17371 0.297565 1.56611 0.17728 0.297565 1.58753 0.17371 0.283284 1.58396 0.162999 0.283284 1.56254 0.166569 0.279714 1.58039 0.148718 0.279714 1.55897 0.152288 0.318987 1.55897 0.159429 0.322557 1.58039 0.155859 0.318987 1.57682 0.134437 0.318987 1.5554 0.141578 0.308276 1.55183 0.130867 0.308276 1.57325 0.120156 0.290425 1.57325 0.130867 0.290425 1.5554 0.138007 0.279714 1.58039 0.148718 0.279714 1.55897 0.152288 0.0012331 2.57293 -0.247581 0.0012331 2.60149 -0.0226547 0.0012331 2.44797 -0.415384 0.0012331 2.20162 -0.508211 -0.323661 1.88387 -0.0654978 -0.30938 1.82674 -0.0583573 -0.352223 1.73749 -0.0976302 0.0012331 1.67322 -0.0869194 0.0833492 1.73749 -0.0762087 0.169036 1.76248 -0.0904897 0.0012331 1.73035 -0.0797789 0.244011 1.78747 -0.0762087 0.276143 1.80889 -0.0726384 0.308276 1.8196 -0.0440763 0.308276 1.82674 -0.0583573 0.322557 1.88387 -0.0654978 0.643881 1.52327 -0.304706 0.640311 1.37689 -0.354689 0.604608 1.24836 -0.379681 0.401103 2.55151 0.155859 0.372541 2.58364 0.187991 0.354689 2.5765 0.205842 0.351119 2.59435 0.212983 0.422524 2.50152 0.134437 0.376111 2.53723 0.184421 0.426095 2.44797 0.130867 0.376111 2.48724 0.184421 0.415384 2.39441 0.141578 0.393962 2.35157 0.166569 0.35826 2.44083 0.202272 0.36183 2.32658 0.198702 0.340408 2.42655 0.223694 0.326127 2.31944 0.241545 0.315416 2.41941 0.248686 0.290425 2.33372 0.277248 0.283284 2.44083 0.284388 0.258292 2.36585 0.30938 0.240441 2.41227 0.330802 0.265433 2.4801 0.30581 0.236871 2.46582 0.337942 0.265433 2.53008 0.30581 0.247581 2.51937 0.327231 0.258292 2.54794 0.31295 0.276143 2.56936 0.295099 0.429665 2.55151 0.17728 0.379681 2.5765 0.230834 0.397533 2.58364 0.209413 0.447516 2.50152 0.159429 0.401103 2.53723 0.209413 0.451086 2.44797 0.152288 0.401103 2.48724 0.209413 0.443946 2.39441 0.162999 0.418954 2.35157 0.187991 0.383251 2.44083 0.227264 0.386822 2.32658 0.223694 0.3654 2.42655 0.248686 0.351119 2.31944 0.262967 0.340408 2.41941 0.273677 0.315416 2.33372 0.302239 0.311846 2.44083 0.30938 0.286854 2.36585 0.334372 0.265433 2.41227 0.355793 0.290425 2.4801 0.330802 0.261862 2.46582 0.359364 0.290425 2.53008 0.330802 0.272573 2.51937 0.348653 0.283284 2.54794 0.334372 0.301135 2.56936 0.320091 0.354689 2.59792 0.255826 0.376111 2.59435 0.234404 0.429665 2.55151 0.17728 0.397533 2.58364 0.209413 0.372541 2.58364 0.187991 0.401103 2.55151 0.155859 0.351119 2.59435 0.212983 0.376111 2.59435 0.234404 0.447516 2.50152 0.159429 0.422524 2.50152 0.134437 0.451086 2.44797 0.152288 0.426095 2.44797 0.130867 0.443946 2.39441 0.162999 0.415384 2.39441 0.141578 0.418954 2.35157 0.187991 0.393962 2.35157 0.166569 0.386822 2.32658 0.223694 0.36183 2.32658 0.198702 0.329697 2.59792 0.234404 0.354689 2.59792 0.255826 0.354689 2.59792 0.255826 0.379681 2.5765 0.230834 0.354689 2.5765 0.205842 0.329697 2.59792 0.234404 0.376111 2.53723 0.184421 0.401103 2.53723 0.209413 0.376111 2.48724 0.184421 0.401103 2.48724 0.209413 0.35826 2.44083 0.202272 0.383251 2.44083 0.227264 0.340408 2.42655 0.223694 0.3654 2.42655 0.248686 0.301135 2.56936 0.320091 0.283284 2.54794 0.334372 0.258292 2.54794 0.31295 0.276143 2.56936 0.295099 0.247581 2.51937 0.327231 0.272573 2.51937 0.348653 0.236871 2.46582 0.337942 0.261862 2.46582 0.359364 0.240441 2.41227 0.330802 0.265433 2.41227 0.355793 0.258292 2.36585 0.30938 0.286854 2.36585 0.334372 0.290425 2.33372 0.277248 0.315416 2.33372 0.302239 0.326127 2.31944 0.241545 0.351119 2.31944 0.262967 0.36183 2.32658 0.198702 0.386822 2.32658 0.223694 0.290425 2.53008 0.330802 0.301135 2.56936 0.320091 0.276143 2.56936 0.295099 0.265433 2.53008 0.30581 0.290425 2.4801 0.330802 0.265433 2.4801 0.30581 0.311846 2.44083 0.30938 0.283284 2.44083 0.284388 0.340408 2.41941 0.273677 0.315416 2.41941 0.248686 0.3654 2.42655 0.248686 0.340408 2.42655 0.223694 0.329697 2.59792 0.234404 0.0012331 2.0124 -0.572475 0.0833492 2.02311 -0.579616 0.0012331 1.97669 -0.608178 0.0012331 2.06952 -0.576046 0.215449 2.09808 -0.540343 0.0012331 2.55508 -0.2333 0.36183 2.16949 -0.411814 0.447516 2.20519 -0.269003 0.386822 2.10879 -0.429665 0.401103 2.11593 -0.351119 0.508211 2.12665 -0.272573 0.522492 2.13379 -0.161895 0.465368 2.18734 -0.0869194 0.372541 2.29088 0.145148 0.518921 2.15878 0.0558912 0.154754 2.36228 0.287958 0.0012331 2.36585 0.337942 0.301135 2.28017 0.241545 0.351119 2.26232 0.259396 0.322557 2.26946 0.298669 0.161895 2.38013 0.334372 0.0797789 2.36228 0.362934 0.0940599 2.37299 0.459331 0.201168 2.40156 0.452191 0.293995 2.36228 0.387926 0.0012331 2.33372 0.370074 0.0476465 2.33015 0.434339 0.0012331 2.3123 0.427199 0.461797 2.28374 0.245115 0.518921 2.23375 0.159429 0.211879 2.03739 -0.679583 0.101201 2.0124 -0.697435 0.176176 2.03025 -0.590327 0.279714 2.00169 -0.576046 0.258292 2.04453 -0.543913 0.329697 2.07309 -0.49393 0.401103 2.05167 -0.576046 0.458227 2.03382 -0.472508 0.468938 2.05167 -0.379681 0.561765 2.11236 -0.293995 0.572475 2.10165 -0.154754 0.490359 2.09094 -0.0690681 0.219019 2.14807 -0.611748 0.0012331 2.12665 -0.651021 0.0654978 2.07309 -0.601038 0.0012331 2.06595 -0.597467 0.22616 2.09808 -0.561765 0.101201 2.0124 -0.697435 0.201168 2.24446 -0.615319 0.0012331 2.22304 -0.643881 0.0012331 2.348 -0.626029 0.169036 2.35871 -0.597467 0.0012331 2.52294 -0.529632 0.383251 2.28731 -0.486789 0.322557 2.41941 -0.468938 0.418954 2.4801 -0.265433 0.386822 2.20519 -0.468938 0.315416 2.12665 -0.511781 0.483219 2.28731 -0.172606 0.49393 2.348 -0.219019 0.404673 2.3837 0.116586 0.408243 2.45511 0.0701723 0.322557 2.58721 -0.0369357 0.215449 2.51223 0.227264 0.179746 2.62291 0.0951641 0.236871 2.4444 0.280818 0.386822 2.32658 0.159429 0.436805 2.29088 0.0451804 0.190457 2.65861 -0.115482 0.211879 2.58721 -0.376111 0.0012331 2.63005 0.141578 0.0012331 2.68004 -0.0012331 0.0012331 2.53008 0.280818 0.0012331 2.46225 0.348653 0.0726384 2.39441 0.341512 0.0012331 2.39084 0.348653 0.0012331 2.35871 0.409347 0.222589 2.36585 0.295099 0.297565 2.34443 0.248686 0.286854 2.34443 0.295099 0.176176 2.41227 0.377215 0.293995 2.36228 0.387926 0.0012331 2.65147 -0.290425 0.201168 2.40156 0.452191 0.0940599 2.37299 0.459331 0.0476465 2.33015 0.434339 0.0012331 2.3123 0.427199 0.326127 2.30516 0.266537 0.322557 2.26946 0.298669 0.418954 2.31587 0.202272 0.461797 2.28374 0.245115 0.518921 2.23375 0.159429 0.351119 2.26232 0.259396 0.486789 2.26946 0.0987343 0.526062 2.19805 0.00233722 0.472508 2.24446 -0.144044 0.461797 2.21233 -0.276143 0.393962 2.16592 -0.443946 0.529632 2.15878 -0.293995 0.572475 2.10165 -0.154754 0.526062 2.13736 -0.0726384 0.393962 2.11236 -0.433235 0.401103 2.05167 -0.576046 0.518921 2.15878 0.0558912 0.561765 2.11236 -0.293995 0.436805 2.11593 -0.372541 0.490359 2.09094 -0.0690681 0.468938 2.05167 -0.379681 0.458227 2.03382 -0.472508 0.279714 2.00169 -0.576046 0.211879 2.03739 -0.679583 0.0012331 1.99812 -0.626029 0.0012331 1.97669 -0.608178 -0.0844533 2.02311 -0.579616 0.0012331 2.0124 -0.572475 0.0012331 1.97669 -0.608178 0.0012331 2.06952 -0.576046 -0.0987343 2.0124 -0.697435 -0.209413 2.03739 -0.679583 -0.17371 2.03025 -0.590327 -0.216553 2.09808 -0.540343 -0.259396 2.04453 -0.543913 -0.284388 2.00169 -0.576046 -0.345083 2.08023 -0.49393 0.0012331 2.55508 -0.2333 -0.370074 2.17663 -0.411814 -0.44505 2.20519 -0.269003 -0.402207 2.12307 -0.429665 -0.409347 2.12665 -0.351119 -0.509315 2.12665 -0.272573 -0.491463 2.06595 -0.472508 -0.452191 2.05167 -0.3654 -0.466472 2.18734 -0.0869194 -0.370074 2.29088 0.145148 -0.155859 2.36228 0.287958 0.0012331 2.36585 0.337942 -0.302239 2.28017 0.241545 -0.162999 2.38013 0.334372 -0.0773128 2.36228 0.362934 0.0012331 2.33372 0.370074 -0.0951641 2.37299 0.459331 -0.0487507 2.33015 0.434339 -0.202272 2.40156 0.452191 -0.295099 2.36228 0.387926 -0.320091 2.26946 0.298669 0.0012331 2.3123 0.427199 -0.348653 2.26232 0.259396 -0.459331 2.28374 0.245115 -0.555728 2.26232 0.162999 -0.566439 2.19091 0.0594614 -0.491463 2.09094 -0.0690681 -0.523596 2.13379 -0.161895 -0.57358 2.10165 -0.154754 -0.559299 2.11236 -0.293995 -0.0666019 2.07309 -0.601038 0.0012331 2.12665 -0.651021 -0.216553 2.14807 -0.611748 0.0012331 2.06595 -0.597467 -0.223694 2.09808 -0.561765 -0.209413 2.03739 -0.679583 -0.0987343 2.0124 -0.697435 -0.198702 2.24446 -0.615319 0.0012331 2.22304 -0.643881 0.0012331 2.348 -0.626029 -0.162999 2.35871 -0.593897 0.0012331 2.52294 -0.529632 -0.384356 2.29088 -0.486789 -0.320091 2.41941 -0.468938 -0.427199 2.48367 -0.258292 -0.391496 2.21233 -0.468938 -0.320091 2.13022 -0.511781 -0.484323 2.28731 -0.172606 -0.495034 2.348 -0.219019 -0.409347 2.45511 0.0701723 -0.405777 2.3837 0.116586 -0.237975 2.4444 0.280818 -0.387926 2.32658 0.159429 -0.43791 2.29088 0.0451804 -0.212983 2.51223 0.227264 -0.323661 2.58721 -0.0369357 -0.17728 2.62291 0.0951641 -0.191561 2.65861 -0.115482 -0.212983 2.58721 -0.376111 0.0012331 2.63005 0.141578 0.0012331 2.68004 -0.0012331 0.0012331 2.53008 0.280818 0.0012331 2.46225 0.348653 -0.0737424 2.39441 0.341512 0.0012331 2.39084 0.348653 0.0012331 2.35871 0.409347 -0.420058 2.31587 0.202272 -0.298669 2.34443 0.248686 -0.220123 2.36585 0.295099 -0.17728 2.41227 0.377215 -0.0951641 2.37299 0.459331 -0.0487507 2.33015 0.434339 0.0012331 2.3123 0.427199 -0.327231 2.30516 0.266537 -0.295099 2.36228 0.387926 -0.202272 2.40156 0.452191 -0.459331 2.28374 0.245115 -0.348653 2.26232 0.259396 -0.320091 2.26946 0.298669 -0.555728 2.26232 0.162999 -0.498604 2.28017 0.0987343 -0.541447 2.20519 0.00233722 -0.498604 2.21233 -0.0976302 -0.470042 2.24446 -0.144044 -0.455761 2.20876 -0.272573 -0.398637 2.17663 -0.443946 -0.530736 2.15878 -0.293995 -0.527166 2.13736 -0.0726384 -0.44862 2.17663 -0.311846 -0.43791 2.1195 -0.3654 -0.409347 2.12665 -0.433235 -0.491463 2.06595 -0.472508 -0.420058 2.06952 -0.576046 -0.566439 2.19091 0.0594614 -0.491463 2.09094 -0.0690681 -0.57358 2.10165 -0.154754 -0.559299 2.11236 -0.293995 -0.452191 2.05167 -0.3654 -0.266537 2.0481 -0.551054 -0.284388 2.00169 -0.576046 0.0012331 1.97669 -0.608178 0.0012331 1.99812 -0.626029 0.0012331 2.65147 -0.290425 -0.420058 2.06952 -0.576046 -0.373645 2.23018 -0.169036 -0.559299 2.18734 -0.0512168 -0.509315 2.29802 -0.0119439 -0.462901 2.40513 -0.0512168 -0.44505 2.44083 -0.169036 -0.462901 2.40513 -0.286854 -0.509315 2.29802 -0.329697 -0.559299 2.18734 -0.286854 -0.57715 2.15164 -0.169036 -0.598571 2.33372 -0.0512168 -0.559299 2.18734 -0.0512168 -0.609282 2.2516 -0.0797789 -0.509315 2.29802 -0.0119439 -0.462901 2.40513 -0.0512168 -0.537877 2.40156 -0.0797789 -0.552158 2.4444 -0.169036 -0.44505 2.44083 -0.169036 -0.462901 2.40513 -0.286854 -0.537877 2.40156 -0.258292 -0.598571 2.33372 -0.286854 -0.509315 2.29802 -0.329697 -0.559299 2.18734 -0.286854 -0.609282 2.2516 -0.258292 -0.648555 2.23732 -0.169036 -0.57715 2.15164 -0.169036 -0.634274 2.35157 -0.169036 -0.530736 2.16592 -0.161895 -0.623563 2.14093 -0.2333 -0.541447 2.2159 -0.290425 -0.644985 2.16592 -0.279714 -0.648555 2.07666 -0.297565 -0.641415 2.05881 -0.265433 -0.623563 2.12307 -0.186887 -0.587861 2.09094 -0.151184 -0.641415 2.03382 -0.244011 -0.677117 2.09094 -0.35826 -0.680688 2.11236 -0.372541 -0.630704 2.16592 -0.336838 -0.627134 2.0124 -0.197598 -0.602142 2.00883 -0.158325 -0.530736 2.16592 -0.161895 -0.541447 2.2159 -0.290425 -0.57358 2.1195 -0.254722 -0.58072 2.13736 -0.308276 -0.648555 2.07666 -0.297565 -0.641415 2.05881 -0.265433 -0.559299 2.09451 -0.215449 -0.587861 2.09094 -0.151184 -0.641415 2.03382 -0.244011 -0.677117 2.09094 -0.35826 -0.680688 2.11236 -0.372541 -0.630704 2.16592 -0.336838 -0.602142 2.00883 -0.158325 -0.627134 2.0124 -0.197598 -0.530736 2.1802 -0.251152 -0.537877 2.22661 -0.347549 -0.466472 2.28374 -0.283284 -0.527166 2.26946 -0.36897 -0.495034 2.21947 -0.422524 -0.509315 2.18734 -0.415384 -0.562869 2.19091 -0.340408 -0.555728 2.14093 -0.318987 -0.520026 2.15878 -0.418954 -0.480753 2.26589 -0.458227 -0.477182 2.28731 -0.454657 -0.480753 2.29445 -0.383251 -0.534307 2.11593 -0.401103 -0.545018 2.08737 -0.376111 -0.530736 2.1802 -0.251152 -0.466472 2.28374 -0.283284 -0.487893 2.20519 -0.336838 -0.462901 2.24803 -0.354689 -0.495034 2.21947 -0.422524 -0.509315 2.18734 -0.415384 -0.498604 2.16592 -0.322557 -0.555728 2.14093 -0.318987 -0.520026 2.15878 -0.418954 -0.480753 2.26589 -0.458227 -0.477182 2.28731 -0.454657 -0.480753 2.29445 -0.383251 -0.545018 2.08737 -0.376111 -0.534307 2.11593 -0.401103 0.372541 2.23018 -0.169036 0.511781 2.29802 -0.0119439 0.558194 2.18734 -0.0512168 0.461797 2.40513 -0.0512168 0.443946 2.44083 -0.169036 0.461797 2.40513 -0.286854 0.511781 2.29802 -0.329697 0.558194 2.18734 -0.286854 0.576046 2.15164 -0.169036 0.597467 2.33372 -0.0512168 0.608178 2.2516 -0.0797789 0.558194 2.18734 -0.0512168 0.511781 2.29802 -0.0119439 0.461797 2.40513 -0.0512168 0.536773 2.40156 -0.0797789 0.554624 2.4444 -0.169036 0.443946 2.44083 -0.169036 0.461797 2.40513 -0.286854 0.536773 2.40156 -0.258292 0.597467 2.33372 -0.286854 0.511781 2.29802 -0.329697 0.558194 2.18734 -0.286854 0.608178 2.2516 -0.258292 0.647451 2.23732 -0.169036 0.576046 2.15164 -0.169036 0.63317 2.35157 -0.169036 0.529632 2.16592 -0.161895 0.540343 2.2159 -0.290425 0.622459 2.14093 -0.2333 0.643881 2.16592 -0.279714 0.647451 2.07666 -0.297565 0.640311 2.05881 -0.265433 0.622459 2.12307 -0.186887 0.586757 2.09094 -0.151184 0.643881 2.03382 -0.244011 0.676013 2.09094 -0.35826 0.679583 2.11236 -0.372541 0.6296 2.16592 -0.336838 0.626029 2.0124 -0.197598 0.604608 2.00883 -0.158325 0.529632 2.16592 -0.161895 0.572475 2.1195 -0.254722 0.540343 2.2159 -0.290425 0.579616 2.13736 -0.308276 0.647451 2.07666 -0.297565 0.640311 2.05881 -0.265433 0.558194 2.09451 -0.215449 0.586757 2.09094 -0.151184 0.643881 2.03382 -0.244011 0.676013 2.09094 -0.35826 0.679583 2.11236 -0.372541 0.6296 2.16592 -0.336838 0.604608 2.00883 -0.158325 0.626029 2.0124 -0.197598 0.529632 2.1802 -0.251152 0.465368 2.28374 -0.283284 0.536773 2.22661 -0.347549 0.526062 2.26946 -0.36897 0.4975 2.21947 -0.422524 0.511781 2.18734 -0.415384 0.561765 2.19091 -0.340408 0.554624 2.14093 -0.318987 0.518921 2.15878 -0.418954 0.479649 2.26589 -0.458227 0.476078 2.28731 -0.454657 0.479649 2.29445 -0.383251 0.533203 2.11593 -0.401103 0.543913 2.08737 -0.376111 0.529632 2.1802 -0.251152 0.486789 2.20519 -0.336838 0.465368 2.28374 -0.283284 0.461797 2.24803 -0.354689 0.4975 2.21947 -0.422524 0.511781 2.18734 -0.415384 0.4975 2.16592 -0.322557 0.554624 2.14093 -0.318987 0.518921 2.15878 -0.418954 0.479649 2.26589 -0.458227 0.476078 2.28731 -0.454657 0.479649 2.29445 -0.383251 0.543913 2.08737 -0.376111 0.533203 2.11593 -0.401103 0.308276 1.37332 0.195131 0.304706 1.35904 0.191561 0.308276 1.35904 0.187991 0.311846 1.36975 0.195131 0.308276 1.36975 0.202272 0.308276 1.35547 0.202272 0.308276 1.35904 0.205842 0.304706 1.34833 0.202272 0.304706 1.34476 0.195131 0.308276 1.34476 0.195131 0.304706 1.35904 0.191561 0.308276 1.35904 0.187991 0.290425 1.35904 0.205842 0.290425 1.34833 0.205842 0.290425 1.36975 0.205842 0.290425 1.37332 0.198702 0.290425 1.36261 0.195131 0.290425 1.36261 0.195131 0.286854 1.34476 0.198702 0.286854 1.36261 0.191561 0.286854 1.37332 0.198702 0.286854 1.35904 0.205842 0.286854 1.34833 0.198702 0.286854 1.36261 0.191561 0.354689 1.38046 0.187991 0.333268 1.3876 0.184421 0.372541 1.39474 0.17371 0.308276 1.35547 0.202272 0.354689 1.34833 0.187991 0.347549 1.32691 0.187991 0.308276 1.34476 0.195131 0.329697 1.31977 0.187991 0.354689 1.30905 0.17371 0.311846 1.36975 0.195131 0.36183 1.30905 0.17014 0.379681 1.38046 0.17014 0.379681 1.39117 0.17371 0.372541 1.34476 0.166569 0.36897 1.39474 0.17014 0.379681 1.39474 0.162999 0.379681 1.37332 0.162999 0.336838 1.32334 0.17371 0.329697 1.31977 0.187991 0.354689 1.30905 0.17371 0.308276 1.35904 0.187991 0.340408 1.3519 0.162999 0.343979 1.37689 0.166569 0.308276 1.34476 0.195131 0.311846 1.36975 0.195131 0.333268 1.3876 0.184421 0.36897 1.39474 0.17014 0.36183 1.30905 0.17014 0.372541 1.34476 0.166569 0.379681 1.37332 0.162999 0.379681 1.39474 0.162999 0.247581 1.39474 0.205842 0.2333 1.41259 0.198702 0.265433 1.39474 0.195131 0.286854 1.35904 0.205842 0.240441 1.36618 0.209413 0.240441 1.34119 0.205842 0.286854 1.34833 0.198702 0.254722 1.33048 0.202272 0.22616 1.32334 0.195131 0.286854 1.37332 0.198702 0.215449 1.33048 0.191561 0.219019 1.40188 0.195131 0.22616 1.41259 0.198702 0.215449 1.36261 0.191561 0.215449 1.39474 0.187991 0.2333 1.41259 0.191561 0.222589 1.41259 0.191561 0.247581 1.33762 0.187991 0.22616 1.32334 0.195131 0.254722 1.33048 0.202272 0.286854 1.36261 0.191561 0.247581 1.36261 0.17728 0.247581 1.3876 0.18085 0.286854 1.34833 0.198702 0.286854 1.37332 0.198702 0.265433 1.39474 0.195131 0.2333 1.41259 0.191561 0.215449 1.33048 0.191561 0.215449 1.36261 0.191561 0.215449 1.39474 0.187991 0.222589 1.41259 0.191561 0.847386 1.54112 0.013048 0.815253 1.53041 0.0166183 0.843816 1.54112 0.0487507 0.822394 1.53398 0.0523209 0.818824 1.54112 -0.0297952 0.843816 1.54112 -0.0369357 0.783121 1.52327 -0.0012331 0.758129 1.53755 0.0451804 0.875948 1.54826 -0.0262249 0.879518 1.54826 0.013048 0.875948 1.54826 0.0487507 0.822394 1.54112 0.0773128 0.797402 1.54112 0.0915938 0.825964 1.54112 0.0880236 0.783121 1.53398 -0.0583573 0.811683 1.54826 -0.0654978 0.836675 1.54826 -0.0690681 0.865237 1.54826 -0.0619276 0.833105 1.53755 0.120156 0.797402 1.55897 0.0987343 0.825964 1.55183 0.130867 0.843816 1.54826 0.113015 0.840245 1.54826 0.130867 0.836675 1.5554 0.0915938 0.833105 1.55897 0.0737424 0.840245 1.55897 0.0666019 0.836675 1.56611 -0.0726384 0.861667 1.56611 -0.0762087 0.811683 1.56611 -0.0726384 0.77241 1.55897 -0.0654978 0.879518 1.56611 -0.0797789 0.883089 1.54826 -0.0654978 0.872378 1.56611 0.0666019 0.90094 1.54826 0.0523209 0.89737 1.56611 0.0701723 0.90451 1.56611 0.0380399 0.879518 1.56611 0.0308993 0.90451 1.54826 0.013048 0.90451 1.56611 0.0308993 0.90451 1.56611 -0.00480336 0.879518 1.56611 -0.00480336 0.90094 1.54826 -0.0297952 0.90451 1.56611 -0.0119439 0.89737 1.56611 -0.0476465 0.875948 1.56611 -0.0440763 0.886659 1.56611 -0.0476465 0.893799 1.55183 -0.0654978 0.886659 1.56611 -0.0797789 0.893799 1.56611 -0.0833492 0.90094 1.55183 -0.0690681 0.893799 1.56611 -0.0512168 0.90094 1.56611 -0.0512168 0.911651 1.56611 -0.0833492 0.918791 1.5554 -0.0726384 0.933072 1.56611 -0.0726384 0.918791 1.56611 -0.0583573 0.90808 1.56611 -0.0476465 0.911651 1.54826 -0.0297952 0.918791 1.56611 -0.0476465 0.922361 1.54826 -0.0297952 0.915221 1.56611 -0.0119439 0.925932 1.56611 -0.0155141 0.943783 1.56611 -0.0476465 0.947353 1.55183 -0.0333654 0.965205 1.56611 -0.0369357 0.950924 1.56254 -0.0190844 0.829535 1.58753 0.0558912 0.758129 1.59111 0.0451804 0.822394 1.60539 0.0166183 0.76527 1.60539 -0.0012331 0.811683 1.60539 -0.0297952 0.843816 1.59111 0.0451804 0.858097 1.59825 0.013048 0.850956 1.59468 -0.0369357 0.825964 1.58039 0.0773128 0.840245 1.55897 0.0666019 0.833105 1.55897 0.0737424 0.829535 1.57682 0.0951641 0.836675 1.5554 0.0915938 0.875948 1.59111 0.0487507 0.875948 1.59111 -0.0262249 0.872378 1.56611 0.0666019 0.804543 1.57682 0.0987343 0.797402 1.55897 0.0987343 0.865237 1.58753 -0.0619276 0.836675 1.58396 -0.0690681 0.811683 1.58753 -0.0654978 0.811683 1.56611 -0.0726384 0.77241 1.59111 -0.054787 0.77241 1.55897 -0.0654978 0.836675 1.56611 -0.0726384 0.861667 1.56611 -0.0762087 0.825964 1.55183 0.130867 0.836675 1.56254 0.123726 0.843816 1.54826 0.113015 0.840245 1.54826 0.130867 0.883089 1.58396 -0.0654978 0.879518 1.56611 -0.0797789 0.886659 1.56611 -0.0476465 0.875948 1.56611 -0.0440763 0.90094 1.58753 -0.0297952 0.89737 1.56611 -0.0476465 0.90451 1.56611 -0.0119439 0.879518 1.56611 -0.00480336 0.879518 1.59111 0.013048 0.90451 1.58753 0.013048 0.90451 1.56611 -0.00480336 0.90451 1.56611 0.0308993 0.879518 1.56611 0.0308993 0.90451 1.56611 0.0380399 0.90094 1.58753 0.0523209 0.89737 1.56611 0.0701723 0.911651 1.58396 -0.0297952 0.90808 1.56611 -0.0476465 0.922361 1.58396 -0.0297952 0.918791 1.56611 -0.0476465 0.925932 1.56611 -0.0155141 0.915221 1.56611 -0.0119439 0.947353 1.58039 -0.0333654 0.943783 1.56611 -0.0476465 0.965205 1.56611 -0.0369357 0.950924 1.56254 -0.0190844 0.90808 1.56968 0.0701723 0.911651 1.58396 0.0558912 0.918791 1.56611 0.0701723 0.925932 1.58396 0.0558912 0.925932 1.56611 0.0416101 0.915221 1.56611 0.0380399 0.943783 1.56611 0.0451804 0.943783 1.58039 0.0594614 0.958064 1.56611 0.0630317 0.940213 1.56611 0.0737424 0.758129 1.56254 0.0594614 0.740278 1.56254 0.0594614 0.740278 1.59111 0.0451804 0.665302 1.56254 0.0630317 0.665302 1.58753 0.0487507 0.665302 1.60539 -0.0012331 0.740278 1.60539 -0.0012331 0.665302 1.58753 -0.0476465 0.750989 1.59111 -0.0440763 0.750989 1.56254 -0.0583573 0.665302 1.56254 -0.0619276 0.758129 1.56254 0.0594614 0.740278 1.53755 0.0451804 0.758129 1.52684 -0.0012331 0.665302 1.53041 0.0487507 0.665302 1.5197 -0.0012331 0.750989 1.53755 -0.0440763 0.665302 1.53041 -0.0476465 0.750989 1.56254 -0.0583573 0.665302 1.56254 -0.0619276 0.740278 1.56254 0.0594614 0.665302 1.56254 0.0630317 0.954494 1.56611 -0.0012331 0.972345 1.56611 0.013048 0.958064 1.58039 0.013048 0.954494 1.56611 0.027329 0.929502 1.56611 -0.00480336 0.929502 1.58396 0.013048 0.915221 1.56611 -0.00480336 0.918791 1.58396 0.013048 0.929502 1.56611 0.027329 0.915221 1.56611 0.0308993 0.954494 1.56611 0.027329 0.972345 1.56611 0.013048 0.958064 1.5554 0.013048 0.954494 1.56611 -0.0012331 0.929502 1.55183 0.013048 0.929502 1.56611 -0.00480336 0.918791 1.54826 0.013048 0.915221 1.56611 -0.00480336 0.915221 1.56611 0.0308993 0.929502 1.56611 0.027329 0.940213 1.56611 0.0737424 0.958064 1.56611 0.0630317 0.943783 1.55183 0.0594614 0.943783 1.56611 0.0451804 0.925932 1.55183 0.0558912 0.925932 1.56611 0.0416101 0.911651 1.55183 0.0558912 0.915221 1.56611 0.0380399 0.90808 1.56968 0.0701723 0.918791 1.56611 0.0701723 0.911651 1.56611 -0.0833492 0.933072 1.56611 -0.0726384 0.918791 1.58039 -0.0726384 0.918791 1.56611 -0.0583573 0.893799 1.56611 -0.0833492 0.90094 1.58039 -0.0690681 0.886659 1.56611 -0.0797789 0.893799 1.58396 -0.0654978 0.90094 1.56611 -0.0512168 0.893799 1.56611 -0.0512168 -0.84849 1.54112 0.013048 -0.84492 1.54112 0.0487507 -0.816358 1.53041 0.0166183 -0.819928 1.53398 0.0523209 -0.816358 1.54112 -0.0297952 -0.84492 1.54112 -0.0369357 -0.784225 1.52327 -0.0012331 -0.759233 1.53755 0.0451804 -0.877052 1.54826 -0.0262249 -0.880622 1.54826 0.013048 -0.877052 1.54826 0.0487507 -0.823498 1.54112 0.0773128 -0.798506 1.54112 0.0915938 -0.827068 1.54112 0.0880236 -0.784225 1.53398 -0.0583573 -0.809217 1.54826 -0.0654978 -0.834209 1.54826 -0.0690681 -0.866341 1.54826 -0.0619276 -0.834209 1.53755 0.120156 -0.794936 1.55897 0.0987343 -0.823498 1.55183 0.130867 -0.84492 1.54826 0.113015 -0.84135 1.54826 0.130867 -0.837779 1.5554 0.0915938 -0.834209 1.55897 0.0737424 -0.84135 1.55897 0.0666019 -0.837779 1.56611 -0.0726384 -0.859201 1.56611 -0.0762087 -0.812787 1.56611 -0.0726384 -0.773514 1.55897 -0.0654978 -0.877052 1.56611 -0.0797789 -0.884193 1.54826 -0.0654978 -0.873482 1.56611 -0.0440763 -0.898474 1.56611 -0.0476465 -0.902044 1.54826 -0.0297952 -0.880622 1.56611 -0.00480336 -0.902044 1.56611 -0.0119439 -0.887763 1.56611 -0.0476465 -0.905614 1.56611 -0.00480336 -0.905614 1.54826 0.013048 -0.877052 1.56611 0.0308993 -0.905614 1.56611 0.0308993 -0.902044 1.56611 0.0380399 -0.902044 1.54826 0.0523209 -0.869912 1.56611 0.0666019 -0.894903 1.56611 0.0701723 -0.916325 1.56611 -0.00480336 -0.916325 1.54826 0.013048 -0.927036 1.56611 -0.00480336 -0.930606 1.55183 0.013048 -0.916325 1.56611 0.0308993 -0.927036 1.56611 0.027329 -0.955598 1.56611 -0.0012331 -0.955598 1.5554 0.013048 -0.973449 1.56611 0.013048 -0.955598 1.56611 0.027329 -0.912755 1.55183 0.0558912 -0.912755 1.56611 0.0380399 -0.927036 1.56611 0.0416101 -0.923466 1.55183 0.0558912 -0.905614 1.56968 0.0701723 -0.919895 1.56611 0.0701723 -0.944887 1.56611 0.0451804 -0.944887 1.55183 0.0594614 -0.959168 1.56611 0.0630317 -0.941317 1.56611 0.0737424 -0.830639 1.58753 0.0558912 -0.819928 1.60539 0.0166183 -0.759233 1.59111 0.0451804 -0.762804 1.60539 -0.0012331 -0.812787 1.60539 -0.0297952 -0.84492 1.59111 0.0451804 -0.859201 1.59825 0.013048 -0.85206 1.59468 -0.0369357 -0.827068 1.58039 0.0773128 -0.84135 1.55897 0.0666019 -0.834209 1.55897 0.0737424 -0.827068 1.57682 0.0951641 -0.837779 1.5554 0.0915938 -0.877052 1.59111 0.0487507 -0.877052 1.59111 -0.0262249 -0.869912 1.56611 0.0666019 -0.802077 1.57682 0.0987343 -0.794936 1.55897 0.0987343 -0.759233 1.56254 0.0594614 -0.866341 1.58753 -0.0619276 -0.837779 1.58396 -0.0690681 -0.812787 1.58753 -0.0654978 -0.812787 1.56611 -0.0726384 -0.773514 1.59111 -0.054787 -0.773514 1.55897 -0.0654978 -0.837779 1.56611 -0.0726384 -0.859201 1.56611 -0.0762087 -0.823498 1.55183 0.130867 -0.837779 1.56254 0.123726 -0.84492 1.54826 0.113015 -0.84135 1.54826 0.130867 -0.752093 1.59111 -0.0440763 -0.741382 1.60539 -0.0012331 -0.662836 1.58753 -0.0476465 -0.662836 1.60539 -0.0012331 -0.741382 1.59111 0.0451804 -0.662836 1.58753 0.0487507 -0.662836 1.56254 0.0630317 -0.741382 1.56254 0.0594614 -0.752093 1.56254 -0.0583573 -0.662836 1.56254 -0.0619276 -0.759233 1.56254 0.0594614 -0.741382 1.53755 0.0451804 -0.759233 1.52684 -0.0012331 -0.662836 1.53041 0.0487507 -0.662836 1.5197 -0.0012331 -0.752093 1.53755 -0.0440763 -0.662836 1.53041 -0.0476465 -0.752093 1.56254 -0.0583573 -0.662836 1.56254 -0.0619276 -0.741382 1.56254 0.0594614 -0.662836 1.56254 0.0630317 -0.880622 1.59111 0.013048 -0.877052 1.56611 0.0308993 -0.905614 1.56611 0.0308993 -0.905614 1.58753 0.013048 -0.880622 1.56611 -0.00480336 -0.905614 1.56611 -0.00480336 -0.902044 1.56611 0.0380399 -0.902044 1.58753 0.0523209 -0.894903 1.56611 0.0701723 -0.902044 1.56611 -0.0119439 -0.902044 1.58753 -0.0297952 -0.873482 1.56611 -0.0440763 -0.898474 1.56611 -0.0476465 -0.887763 1.56611 -0.0476465 -0.884193 1.58396 -0.0654978 -0.877052 1.56611 -0.0797789 -0.891333 1.58396 -0.0654978 -0.887763 1.56611 -0.0797789 -0.902044 1.58039 -0.0690681 -0.894903 1.56611 -0.0833492 -0.902044 1.56611 -0.0512168 -0.894903 1.56611 -0.0512168 -0.919895 1.58039 -0.0726384 -0.912755 1.56611 -0.0833492 -0.930606 1.56611 -0.0726384 -0.919895 1.56611 -0.0583573 -0.912755 1.58396 -0.0297952 -0.912755 1.56611 -0.0119439 -0.923466 1.56611 -0.0155141 -0.923466 1.58396 -0.0297952 -0.909185 1.56611 -0.0476465 -0.919895 1.56611 -0.0476465 -0.948457 1.58039 -0.0333654 -0.944887 1.56611 -0.0476465 -0.962738 1.56611 -0.0369357 -0.948457 1.56254 -0.0190844 -0.955598 1.56611 -0.0012331 -0.955598 1.58039 0.013048 -0.973449 1.56611 0.013048 -0.955598 1.56611 0.027329 -0.927036 1.56611 -0.00480336 -0.930606 1.58396 0.013048 -0.916325 1.56611 -0.00480336 -0.916325 1.58396 0.013048 -0.927036 1.56611 0.027329 -0.916325 1.56611 0.0308993 -0.944887 1.56611 0.0451804 -0.944887 1.58039 0.0594614 -0.959168 1.56611 0.0630317 -0.941317 1.56611 0.0737424 -0.923466 1.58396 0.0558912 -0.927036 1.56611 0.0416101 -0.912755 1.58396 0.0558912 -0.912755 1.56611 0.0380399 -0.919895 1.56611 0.0701723 -0.905614 1.56968 0.0701723 -0.948457 1.56254 -0.0190844 -0.948457 1.55183 -0.0333654 -0.962738 1.56611 -0.0369357 -0.944887 1.56611 -0.0476465 -0.923466 1.54826 -0.0297952 -0.919895 1.56611 -0.0476465 -0.912755 1.54826 -0.0297952 -0.909185 1.56611 -0.0476465 -0.912755 1.56611 -0.0119439 -0.923466 1.56611 -0.0155141 -0.919895 1.56611 -0.0583573 -0.916325 1.5554 -0.0726384 -0.930606 1.56611 -0.0726384 -0.912755 1.56611 -0.0833492 -0.898474 1.55183 -0.0690681 -0.894903 1.56611 -0.0833492 -0.891333 1.55183 -0.0654978 -0.887763 1.56611 -0.0797789 -0.894903 1.56611 -0.0512168 -0.902044 1.56611 -0.0512168 0.0012331 1.67679 0.0666019 0.040506 1.6875 0.0416101 0.0333654 1.67322 0.0344695 0.0012331 1.66608 0.0558912 0.0512168 1.69107 -0.0119439 0.0619276 1.70892 -0.00837362 0.0440763 1.70892 -0.0512168 0.0512168 1.72678 -0.054787 0.0012331 1.71606 -0.0726384 0.0012331 1.73749 -0.0797789 0.0012331 1.65537 0.0523209 0.0333654 1.66251 0.0308993 0.054787 1.66608 -0.00837362 0.0297952 1.66965 -0.0762087 0.0512168 1.66965 -0.054787 0.0619276 1.65537 -0.0583573 0.0333654 1.65894 -0.0869194 0.0726384 1.64823 -0.00837362 0.0690681 1.64109 0.0308993 0.0012331 1.65894 -0.0869194 0.0012331 1.66965 -0.0726384 0.0369357 1.62324 0.0594614 0.0012331 1.62324 0.0666019 0.0012331 1.67679 0.0666019 0.0012331 1.66608 0.0558912 -0.0308993 1.67322 0.0344695 -0.0416101 1.6875 0.0416101 -0.0523209 1.69107 -0.0119439 -0.0630317 1.70892 -0.00837362 -0.0451804 1.70892 -0.0512168 -0.0523209 1.72678 -0.054787 0.0012331 1.71606 -0.0726384 0.0012331 1.73749 -0.0797789 0.0012331 1.65537 0.0523209 -0.0308993 1.66251 0.0308993 -0.0558912 1.66608 -0.00837362 -0.027329 1.66965 -0.0762087 -0.0523209 1.66965 -0.054787 -0.0630317 1.65537 -0.0583573 -0.0344695 1.65894 -0.0869194 -0.0737424 1.64823 -0.00837362 -0.0666019 1.64109 0.0308993 0.0012331 1.65894 -0.0869194 0.0012331 1.66965 -0.0726384 -0.0344695 1.62324 0.0594614 0.0012331 1.62324 0.0666019 -0.237975 1.62324 0.0773128 -0.184421 1.61967 0.0630317 -0.184421 1.65537 0.00233722 -0.234404 1.64823 0.0416101 -0.245115 1.66965 0.0344695 -0.241545 1.68393 -0.0262249 -0.220123 1.66251 -0.0690681 -0.205842 1.63752 -0.0726384 -0.184421 1.60896 -0.0976302 -0.134437 1.63395 -0.0726384 -0.0701723 1.60896 -0.111911 -0.141578 1.59825 -0.126192 -0.141578 1.60896 -0.140473 -0.0915938 1.60896 -0.161895 -0.0416101 1.58396 -0.165465 -0.0451804 1.57325 -0.147614 0.0012331 1.56254 -0.151184 0.0012331 1.60896 -0.115482 -0.17371 1.5197 0.17371 -0.152288 1.55897 0.127297 -0.198702 1.54112 0.155859 -0.134437 1.54112 0.145148 -0.166569 1.57682 0.109445 -0.202272 1.5554 0.17014 -0.209413 1.59111 0.152288 -0.234404 1.61253 0.116586 -0.230834 1.60182 0.102305 0.236871 1.62324 0.0773128 0.236871 1.64823 0.0416101 0.183317 1.65537 0.00233722 0.183317 1.61967 0.0630317 0.244011 1.66965 0.0344695 0.240441 1.68393 -0.0262249 0.219019 1.66251 -0.0690681 0.208308 1.63752 -0.0726384 0.186887 1.60896 -0.0976302 0.136903 1.63395 -0.0726384 0.0726384 1.60896 -0.111911 0.140473 1.59825 -0.126192 0.140473 1.60896 -0.140473 0.0904897 1.60896 -0.161895 0.0440763 1.58396 -0.165465 0.0440763 1.57325 -0.147614 0.0012331 1.56254 -0.151184 0.0012331 1.60896 -0.115482 0.165465 1.57682 0.109445 0.2333 1.60182 0.102305 0.2333 1.61253 0.116586 0.208308 1.59111 0.152288 0.201168 1.5554 0.17014 0.197598 1.54112 0.155859 0.154754 1.55897 0.127297 0.172606 1.5197 0.17371 0.136903 1.54112 0.145148 0.236871 1.62324 0.0773128 0.179746 1.62681 0.0630317 0.186887 1.64823 0.0344695 0.236871 1.64823 0.0416101 0.244011 1.66965 0.0344695 0.183317 1.66251 0.00233722 0.240441 1.68393 -0.0262249 0.219019 1.66251 -0.0690681 0.165465 1.6518 -0.0440763 0.208308 1.63752 -0.0726384 0.176176 1.60539 0.0880236 0.2333 1.60182 0.102305 0.2333 1.61253 0.116586 0.165465 1.58396 0.113015 0.208308 1.59111 0.152288 0.201168 1.5554 0.17014 0.151184 1.56254 0.130867 0.197598 1.54112 0.155859 0.136903 1.54112 0.145148 0.172606 1.5197 0.17371 0.136903 1.63752 -0.0762087 0.186887 1.60896 -0.0976302 0.104771 1.62681 -0.0976302 0.140473 1.59825 -0.126192 0.140473 1.60896 -0.140473 0.0726384 1.6161 -0.111911 0.0904897 1.60896 -0.161895 0.0440763 1.58396 -0.165465 0.0369357 1.60896 -0.122622 0.0440763 1.57325 -0.147614 0.0012331 1.56254 -0.151184 0.0012331 1.60896 -0.126192 -0.237975 1.62324 0.0773128 -0.234404 1.64823 0.0416101 -0.184421 1.64823 0.0344695 -0.18085 1.62681 0.0630317 -0.245115 1.66965 0.0344695 -0.184421 1.66251 0.00233722 -0.17371 1.60539 0.0880236 -0.230834 1.60182 0.102305 -0.234404 1.61253 0.116586 -0.162999 1.58396 0.113015 -0.209413 1.59111 0.152288 -0.202272 1.5554 0.17014 -0.152288 1.56254 0.130867 -0.198702 1.54112 0.155859 -0.134437 1.54112 0.145148 -0.17371 1.5197 0.17371 -0.184421 1.60896 -0.0976302 -0.141578 1.59825 -0.126192 -0.105875 1.62681 -0.0976302 -0.134437 1.63752 -0.0762087 -0.141578 1.60896 -0.140473 -0.0701723 1.6161 -0.111911 -0.0915938 1.60896 -0.161895 -0.0416101 1.58396 -0.165465 -0.0344695 1.60896 -0.122622 -0.0451804 1.57325 -0.147614 0.0012331 1.56254 -0.151184 0.0012331 1.60896 -0.126192 -0.205842 1.63752 -0.0726384 -0.162999 1.6518 -0.0440763 -0.220123 1.66251 -0.0690681 -0.184421 1.66251 0.00233722 -0.30581 1.37332 0.195131 -0.30938 1.36975 0.195131 -0.30581 1.35904 0.187991 -0.30581 1.35904 0.191561 -0.30938 1.36975 0.202272 -0.30938 1.35547 0.202272 -0.30581 1.35904 0.205842 -0.30581 1.34833 0.202272 -0.302239 1.34476 0.195131 -0.30581 1.34476 0.195131 -0.30581 1.35904 0.191561 -0.30581 1.35904 0.187991 -0.291529 1.35904 0.205842 -0.287958 1.34833 0.205842 -0.291529 1.36975 0.205842 -0.291529 1.37332 0.198702 -0.291529 1.36261 0.195131 -0.291529 1.36261 0.195131 -0.287958 1.34476 0.198702 -0.287958 1.36261 0.191561 -0.287958 1.37332 0.198702 -0.287958 1.35904 0.205842 -0.284388 1.34833 0.198702 -0.287958 1.36261 0.191561 -0.355793 1.38046 0.187991 -0.373645 1.39474 0.17371 -0.334372 1.3876 0.184421 -0.30938 1.35547 0.202272 -0.355793 1.34833 0.187991 -0.348653 1.32691 0.187991 -0.30581 1.34476 0.195131 -0.330802 1.31977 0.187991 -0.352223 1.30905 0.17371 -0.30938 1.36975 0.195131 -0.362934 1.30905 0.17014 -0.377215 1.38046 0.17014 -0.377215 1.39117 0.17371 -0.370074 1.34476 0.166569 -0.370074 1.39474 0.17014 -0.380785 1.39474 0.162999 -0.377215 1.37332 0.162999 -0.337942 1.32334 0.17371 -0.352223 1.30905 0.17371 -0.330802 1.31977 0.187991 -0.30581 1.35904 0.187991 -0.337942 1.3519 0.162999 -0.345083 1.37689 0.166569 -0.30581 1.34476 0.195131 -0.30938 1.36975 0.195131 -0.334372 1.3876 0.184421 -0.370074 1.39474 0.17014 -0.362934 1.30905 0.17014 -0.370074 1.34476 0.166569 -0.377215 1.37332 0.162999 -0.380785 1.39474 0.162999 -0.245115 1.39474 0.205842 -0.266537 1.39474 0.195131 -0.230834 1.41259 0.198702 -0.287958 1.35904 0.205842 -0.241545 1.36618 0.209413 -0.241545 1.34119 0.205842 -0.284388 1.34833 0.198702 -0.255826 1.33048 0.202272 -0.227264 1.32334 0.195131 -0.287958 1.37332 0.198702 -0.216553 1.33048 0.191561 -0.220123 1.40188 0.195131 -0.223694 1.41259 0.198702 -0.216553 1.36261 0.191561 -0.216553 1.39474 0.187991 -0.230834 1.41259 0.191561 -0.220123 1.41259 0.191561 -0.245115 1.33762 0.187991 -0.255826 1.33048 0.202272 -0.227264 1.32334 0.195131 -0.287958 1.36261 0.191561 -0.245115 1.36261 0.17728 -0.248686 1.3876 0.18085 -0.284388 1.34833 0.198702 -0.287958 1.37332 0.198702 -0.266537 1.39474 0.195131 -0.230834 1.41259 0.191561 -0.216553 1.33048 0.191561 -0.216553 1.36261 0.191561 -0.216553 1.39474 0.187991 -0.220123 1.41259 0.191561 -0.30938 1.59468 0.184421 -0.31295 1.59111 0.184421 -0.31295 1.57682 0.18085 -0.30938 1.57682 0.18085 -0.30938 1.59111 0.195131 -0.31295 1.57325 0.198702 -0.30938 1.57682 0.198702 -0.30938 1.56254 0.202272 -0.30581 1.5554 0.191561 -0.30938 1.55897 0.191561 -0.30938 1.57682 0.18085 -0.31295 1.57682 0.18085 -0.287958 1.58039 0.198702 -0.284388 1.56611 0.198702 -0.287958 1.59468 0.191561 -0.287958 1.59468 0.184421 -0.287958 1.58039 0.18085 -0.287958 1.58039 0.18085 -0.287958 1.55897 0.191561 -0.284388 1.57682 0.18085 -0.284388 1.59468 0.184421 -0.280818 1.57682 0.198702 -0.280818 1.55897 0.191561 -0.284388 1.57682 0.18085 -0.373645 1.60539 0.184421 -0.398637 1.62681 0.166569 -0.348653 1.61253 0.17014 -0.31295 1.57325 0.198702 -0.373645 1.56968 0.191561 -0.366504 1.53755 0.198702 -0.30938 1.55897 0.191561 -0.345083 1.52684 0.195131 -0.380785 1.51256 0.184421 -0.31295 1.59111 0.184421 -0.395066 1.51256 0.17728 -0.409347 1.60539 0.166569 -0.405777 1.62324 0.166569 -0.402207 1.55897 0.166569 -0.395066 1.62681 0.159429 -0.409347 1.62324 0.155859 -0.409347 1.59468 0.155859 -0.355793 1.53041 0.17371 -0.380785 1.51256 0.184421 -0.345083 1.52684 0.195131 -0.31295 1.57682 0.18085 -0.359364 1.56254 0.155859 -0.366504 1.59468 0.152288 -0.30938 1.55897 0.191561 -0.31295 1.59111 0.184421 -0.348653 1.61253 0.17014 -0.395066 1.62681 0.159429 -0.395066 1.51256 0.17728 -0.402207 1.55897 0.166569 -0.409347 1.59468 0.155859 -0.409347 1.62324 0.155859 -0.227264 1.6161 0.17728 -0.255826 1.61967 0.166569 -0.205842 1.63752 0.159429 -0.280818 1.57682 0.198702 -0.220123 1.58039 0.187991 -0.223694 1.54826 0.191561 -0.280818 1.55897 0.191561 -0.245115 1.53398 0.191561 -0.209413 1.52327 0.18085 -0.284388 1.59468 0.184421 -0.195131 1.52684 0.17371 -0.195131 1.61967 0.159429 -0.198702 1.63752 0.159429 -0.191561 1.57325 0.159429 -0.191561 1.60896 0.152288 -0.209413 1.63752 0.152288 -0.195131 1.63752 0.148718 -0.234404 1.53755 0.17014 -0.245115 1.53398 0.191561 -0.209413 1.52327 0.18085 -0.284388 1.57682 0.18085 -0.234404 1.56968 0.152288 -0.234404 1.60539 0.148718 -0.280818 1.55897 0.191561 -0.284388 1.59468 0.184421 -0.255826 1.61967 0.166569 -0.209413 1.63752 0.152288 -0.195131 1.52684 0.17371 -0.191561 1.57325 0.159429 -0.191561 1.60896 0.152288 -0.195131 1.63752 0.148718 0.311846 1.59468 0.184421 0.308276 1.57682 0.18085 0.311846 1.57682 0.18085 0.315416 1.59111 0.184421 0.311846 1.59111 0.195131 0.311846 1.57325 0.198702 0.308276 1.57682 0.198702 0.308276 1.56254 0.202272 0.308276 1.5554 0.191561 0.311846 1.55897 0.191561 0.308276 1.57682 0.18085 0.311846 1.57682 0.18085 0.286854 1.58039 0.198702 0.286854 1.56611 0.198702 0.286854 1.59468 0.191561 0.286854 1.59468 0.184421 0.286854 1.58039 0.18085 0.286854 1.58039 0.18085 0.286854 1.55897 0.191561 0.286854 1.57682 0.18085 0.283284 1.59468 0.184421 0.283284 1.57682 0.198702 0.283284 1.55897 0.191561 0.286854 1.57682 0.18085 0.376111 1.60539 0.184421 0.347549 1.61253 0.17014 0.397533 1.62681 0.166569 0.311846 1.57325 0.198702 0.376111 1.56968 0.191561 0.36897 1.53755 0.198702 0.311846 1.55897 0.191561 0.343979 1.52684 0.195131 0.379681 1.51256 0.184421 0.315416 1.59111 0.184421 0.393962 1.51256 0.17728 0.408243 1.60539 0.166569 0.408243 1.62324 0.166569 0.404673 1.55897 0.166569 0.397533 1.62681 0.159429 0.411814 1.62324 0.155859 0.411814 1.59468 0.155859 0.35826 1.53041 0.17371 0.343979 1.52684 0.195131 0.379681 1.51256 0.184421 0.311846 1.57682 0.18085 0.36183 1.56254 0.155859 0.3654 1.59468 0.152288 0.311846 1.55897 0.191561 0.315416 1.59111 0.184421 0.347549 1.61253 0.17014 0.397533 1.62681 0.159429 0.393962 1.51256 0.17728 0.404673 1.55897 0.166569 0.411814 1.59468 0.155859 0.411814 1.62324 0.155859 0.22616 1.6161 0.17728 0.208308 1.63752 0.159429 0.254722 1.61967 0.166569 0.283284 1.57682 0.198702 0.219019 1.58039 0.187991 0.222589 1.54826 0.191561 0.283284 1.55897 0.191561 0.244011 1.53398 0.191561 0.208308 1.52327 0.18085 0.283284 1.59468 0.184421 0.194027 1.52684 0.17371 0.194027 1.61967 0.159429 0.197598 1.63752 0.159429 0.190457 1.57325 0.159429 0.190457 1.60896 0.152288 0.208308 1.63752 0.152288 0.194027 1.63752 0.148718 0.2333 1.53755 0.17014 0.208308 1.52327 0.18085 0.244011 1.53398 0.191561 0.286854 1.57682 0.18085 0.236871 1.56968 0.152288 0.2333 1.60539 0.148718 0.283284 1.55897 0.191561 0.283284 1.59468 0.184421 0.254722 1.61967 0.166569 0.208308 1.63752 0.152288 0.194027 1.52684 0.17371 0.190457 1.57325 0.159429 0.190457 1.60896 0.152288 0.194027 1.63752 0.148718 -0.202272 0.0844533 0.0308993 -0.205842 0.0844533 0.0308993 -0.202272 0.0737424 0.0308993 -0.202272 0.0737424 0.0344695 -0.202272 0.0844533 0.0344695 -0.205842 0.0773128 0.0416101 -0.202272 0.080883 0.0416101 -0.202272 0.0701723 0.0451804 -0.202272 0.0666019 0.0451804 -0.205842 0.0666019 0.0416101 -0.202272 0.0737424 0.0344695 -0.202272 0.0737424 0.0308993 -0.191561 0.080883 0.0416101 -0.187991 0.0701723 0.0451804 -0.187991 0.0844533 0.0344695 -0.187991 0.0844533 0.0308993 -0.191561 0.0737424 0.0344695 -0.191561 0.0737424 0.0344695 -0.191561 0.0666019 0.0451804 -0.187991 0.0737424 0.0308993 -0.187991 0.0844533 0.0308993 -0.187991 0.0773128 0.0416101 -0.187991 0.0666019 0.0416101 -0.187991 0.0737424 0.0308993 -0.237975 0.0915938 0.0237588 -0.252256 0.0987343 0.00947773 -0.223694 0.0951641 0.0166183 -0.205842 0.0773128 0.0416101 -0.241545 0.0737424 0.0380399 -0.237975 0.0594614 0.0487507 -0.205842 0.0666019 0.0416101 -0.223694 0.0523209 0.0487507 -0.245115 0.0416101 0.0487507 -0.205842 0.0844533 0.0308993 -0.252256 0.0416101 0.0416101 -0.259396 0.0915938 0.0166183 -0.255826 0.0987343 0.00947773 -0.255826 0.0630317 0.027329 -0.248686 0.0987343 0.00590748 -0.259396 0.0951641 0.00590748 -0.259396 0.080883 0.013048 -0.230834 0.0487507 0.0380399 -0.245115 0.0416101 0.0487507 -0.223694 0.0523209 0.0487507 -0.202272 0.0737424 0.0308993 -0.230834 0.0630317 0.0201885 -0.234404 0.080883 0.013048 -0.205842 0.0666019 0.0416101 -0.205842 0.0844533 0.0308993 -0.223694 0.0951641 0.0166183 -0.248686 0.0987343 0.00590748 -0.252256 0.0416101 0.0416101 -0.255826 0.0630317 0.027329 -0.259396 0.080883 0.013048 -0.259396 0.0951641 0.00590748 -0.152288 0.0915938 0.0237588 -0.17014 0.0951641 0.0166183 -0.141578 0.0987343 0.00947773 -0.187991 0.0773128 0.0416101 -0.152288 0.0737424 0.0380399 -0.152288 0.0594614 0.0487507 -0.187991 0.0666019 0.0416101 -0.166569 0.0523209 0.0487507 -0.145148 0.0416101 0.0487507 -0.187991 0.0844533 0.0308993 -0.138007 0.0416101 0.0416101 -0.134437 0.0915938 0.0166183 -0.134437 0.0987343 0.00947773 -0.138007 0.0630317 0.027329 -0.130867 0.080883 0.013048 -0.141578 0.0987343 0.00590748 -0.134437 0.0951641 0.00590748 -0.159429 0.0487507 0.0380399 -0.166569 0.0523209 0.0487507 -0.145148 0.0416101 0.0487507 -0.187991 0.0737424 0.0308993 -0.159429 0.0630317 0.0201885 -0.155859 0.080883 0.013048 -0.187991 0.0666019 0.0416101 -0.187991 0.0844533 0.0308993 -0.17014 0.0951641 0.0166183 -0.141578 0.0987343 0.00590748 -0.138007 0.0416101 0.0416101 -0.138007 0.0630317 0.027329 -0.130867 0.080883 0.013048 -0.134437 0.0951641 0.00590748 0.0333654 1.31977 0.237975 0.0226547 1.38046 0.234404 0.0583573 1.40545 0.234404 0.0512168 1.44829 0.227264 0.0869194 1.45544 0.216553 0.108341 1.38046 0.227264 0.0654978 1.50542 0.202272 0.0369357 1.50542 0.209413 0.0369357 1.56611 0.18085 0.0155141 1.44472 0.223694 0.0119439 1.50542 0.202272 0.0119439 1.56611 0.18085 0.0869194 1.45544 0.216553 0.0226547 1.38046 0.234404 0.0333654 1.31977 0.237975 0.108341 1.38046 0.227264 0.0155141 1.44472 0.223694 0.0119439 1.50542 0.202272 0.0654978 1.50542 0.202272 0.0369357 1.56611 0.18085 0.0119439 1.56611 0.18085 -0.0344695 1.31977 0.237975 -0.0594614 1.40545 0.234404 -0.0237588 1.38046 0.234404 -0.0523209 1.44829 0.227264 -0.0844533 1.45544 0.216553 -0.105875 1.38046 0.227264 -0.0630317 1.50542 0.202272 -0.0380399 1.50542 0.209413 -0.0344695 1.56611 0.18085 -0.0166183 1.44472 0.223694 -0.013048 1.50542 0.202272 -0.00947773 1.56611 0.18085 -0.0844533 1.45544 0.216553 -0.105875 1.38046 0.227264 -0.0344695 1.31977 0.237975 -0.0237588 1.38046 0.234404 -0.0166183 1.44472 0.223694 -0.0630317 1.50542 0.202272 -0.013048 1.50542 0.202272 -0.0344695 1.56611 0.18085 -0.00947773 1.56611 0.18085 -0.00947773 1.58039 0.17728 -0.0737424 1.55183 0.198702 -0.0451804 1.52684 0.209413 -0.00947773 1.55183 0.191561 -0.123726 1.50899 0.223694 -0.0701723 1.49114 0.227264 -0.0737424 1.46615 0.237975 -0.141578 1.48043 0.230834 -0.0630317 1.45901 0.234404 -0.130867 1.47329 0.227264 -0.0558912 1.45901 0.227264 -0.123726 1.47329 0.216553 -0.0451804 1.48043 0.223694 -0.102305 1.49114 0.209413 -0.027329 1.5197 0.209413 -0.0666019 1.52684 0.202272 -0.00947773 1.57325 0.18085 -0.00947773 1.54826 0.191561 -0.0451804 1.52684 0.209413 -0.0594614 1.54112 0.212983 -0.00947773 1.55183 0.191561 -0.0701723 1.49114 0.227264 -0.0951641 1.50542 0.234404 -0.0737424 1.46615 0.237975 -0.109445 1.47329 0.245115 -0.0630317 1.45901 0.234404 -0.0987343 1.45544 0.230834 -0.0558912 1.45901 0.227264 -0.0880236 1.45901 0.212983 -0.0451804 1.48043 0.223694 -0.0737424 1.484 0.205842 -0.027329 1.5197 0.209413 -0.0451804 1.5197 0.195131 -0.00947773 1.54826 0.191561 -0.0737424 1.55183 0.198702 -0.123726 1.50899 0.223694 -0.141578 1.48043 0.230834 -0.130867 1.47329 0.227264 -0.123726 1.47329 0.216553 -0.102305 1.49114 0.209413 -0.0666019 1.52684 0.202272 -0.00947773 1.57325 0.18085 -0.00947773 1.58039 0.17728 -0.0344695 1.59111 0.152288 -0.0558912 1.60539 0.127297 -0.0951641 1.58753 0.130867 -0.0523209 1.56968 0.166569 -0.013048 1.54826 0.191561 -0.013048 1.57325 0.18085 -0.0558912 1.56968 0.17014 -0.0951641 1.58753 0.134437 -0.0344695 1.59111 0.155859 -0.0594614 1.60896 0.127297 -0.013048 1.57682 0.18085 -0.013048 1.55183 0.195131 -0.0344695 1.59111 0.152288 -0.0558912 1.60539 0.127297 -0.013048 1.57325 0.18085 0.0012331 1.51613 0.187991 0.0012331 1.55183 0.17014 -0.0201885 1.55183 0.17371 -0.013048 1.52327 0.187991 -0.0201885 1.57682 0.162999 0.0012331 1.57682 0.159429 -0.013048 1.53041 0.205842 -0.0201885 1.55897 0.191561 0.0012331 1.53041 0.216553 0.0012331 1.56611 0.198702 -0.0201885 1.58396 0.18085 0.0012331 1.59111 0.187991 -0.013048 1.52327 0.187991 0.0012331 1.51613 0.187991 0.0012331 1.57682 0.159429 -0.0201885 1.57682 0.162999 0.0012331 1.51613 0.187991 0.0119439 1.52327 0.187991 0.0190844 1.55183 0.17371 0.0012331 1.55183 0.17014 0.0226547 1.57682 0.162999 0.0012331 1.57682 0.159429 0.0119439 1.53041 0.205842 0.0190844 1.55897 0.191561 0.0012331 1.53041 0.216553 0.0012331 1.56611 0.198702 0.0226547 1.58396 0.18085 0.0012331 1.59111 0.187991 0.0119439 1.52327 0.187991 0.0012331 1.51613 0.187991 0.0012331 1.57682 0.159429 0.0226547 1.57682 0.162999 0.054787 1.56968 0.166569 0.0940599 1.58753 0.130867 0.0583573 1.60539 0.127297 0.0333654 1.59111 0.152288 0.0155141 1.57325 0.18085 0.0119439 1.54826 0.191561 0.054787 1.56968 0.17014 0.0940599 1.58753 0.134437 0.0333654 1.59111 0.155859 0.0583573 1.60896 0.127297 0.0155141 1.55183 0.195131 0.0155141 1.57682 0.18085 0.0333654 1.59111 0.152288 0.0583573 1.60539 0.127297 0.0155141 1.57325 0.18085 0.0440763 1.52684 0.209413 0.0690681 1.49114 0.227264 0.122622 1.50899 0.223694 0.0726384 1.55183 0.198702 0.140473 1.48043 0.230834 0.0726384 1.46615 0.237975 0.129763 1.47329 0.227264 0.0654978 1.45901 0.234404 0.122622 1.47329 0.216553 0.054787 1.45901 0.227264 0.101201 1.49114 0.209413 0.0476465 1.48043 0.223694 0.0654978 1.52684 0.202272 0.0262249 1.5197 0.209413 0.00837362 1.57325 0.18085 0.00837362 1.58039 0.17728 0.00837362 1.55183 0.191561 0.00837362 1.54826 0.191561 0.0440763 1.52684 0.209413 0.00837362 1.55183 0.191561 0.0583573 1.54112 0.212983 0.0690681 1.49114 0.227264 0.0976302 1.50542 0.234404 0.0726384 1.46615 0.237975 0.108341 1.47329 0.245115 0.0654978 1.45901 0.234404 0.101201 1.45544 0.230834 0.054787 1.45901 0.227264 0.0904897 1.45901 0.212983 0.0476465 1.48043 0.223694 0.0726384 1.484 0.205842 0.0262249 1.5197 0.209413 0.0440763 1.5197 0.195131 0.00837362 1.54826 0.191561 0.0726384 1.55183 0.198702 0.122622 1.50899 0.223694 0.140473 1.48043 0.230834 0.129763 1.47329 0.227264 0.122622 1.47329 0.216553 0.101201 1.49114 0.209413 0.0654978 1.52684 0.202272 0.00837362 1.57325 0.18085 0.00837362 1.58039 0.17728 0.201168 0.0844533 0.0308993 0.201168 0.0737424 0.0344695 0.204738 0.0737424 0.0308993 0.204738 0.0844533 0.0308993 0.204738 0.0844533 0.0344695 0.204738 0.0773128 0.0416101 0.201168 0.080883 0.0416101 0.201168 0.0701723 0.0451804 0.201168 0.0666019 0.0451804 0.204738 0.0666019 0.0416101 0.201168 0.0737424 0.0344695 0.204738 0.0737424 0.0308993 0.190457 0.080883 0.0416101 0.190457 0.0701723 0.0451804 0.190457 0.0844533 0.0344695 0.190457 0.0844533 0.0308993 0.190457 0.0737424 0.0344695 0.190457 0.0737424 0.0344695 0.190457 0.0666019 0.0451804 0.186887 0.0737424 0.0308993 0.186887 0.0844533 0.0308993 0.186887 0.0773128 0.0416101 0.186887 0.0666019 0.0416101 0.186887 0.0737424 0.0308993 0.240441 0.0915938 0.0237588 0.222589 0.0951641 0.0166183 0.251152 0.0987343 0.00947773 0.204738 0.0773128 0.0416101 0.240441 0.0737424 0.0380399 0.236871 0.0594614 0.0487507 0.204738 0.0666019 0.0416101 0.22616 0.0523209 0.0487507 0.247581 0.0416101 0.0487507 0.204738 0.0844533 0.0308993 0.254722 0.0416101 0.0416101 0.258292 0.0915938 0.0166183 0.258292 0.0987343 0.00947773 0.254722 0.0630317 0.027329 0.251152 0.0987343 0.00590748 0.258292 0.0951641 0.00590748 0.261862 0.080883 0.013048 0.2333 0.0487507 0.0380399 0.22616 0.0523209 0.0487507 0.247581 0.0416101 0.0487507 0.204738 0.0737424 0.0308993 0.2333 0.0630317 0.0201885 0.2333 0.080883 0.013048 0.204738 0.0666019 0.0416101 0.204738 0.0844533 0.0308993 0.222589 0.0951641 0.0166183 0.251152 0.0987343 0.00590748 0.254722 0.0416101 0.0416101 0.254722 0.0630317 0.027329 0.261862 0.080883 0.013048 0.258292 0.0951641 0.00590748 0.151184 0.0915938 0.0237588 0.140473 0.0987343 0.00947773 0.169036 0.0951641 0.0166183 0.186887 0.0773128 0.0416101 0.151184 0.0737424 0.0380399 0.154754 0.0594614 0.0487507 0.186887 0.0666019 0.0416101 0.165465 0.0523209 0.0487507 0.144044 0.0416101 0.0487507 0.186887 0.0844533 0.0308993 0.136903 0.0416101 0.0416101 0.133333 0.0915938 0.0166183 0.133333 0.0987343 0.00947773 0.136903 0.0630317 0.027329 0.133333 0.080883 0.013048 0.140473 0.0987343 0.00590748 0.133333 0.0951641 0.00590748 0.161895 0.0487507 0.0380399 0.144044 0.0416101 0.0487507 0.165465 0.0523209 0.0487507 0.186887 0.0737424 0.0308993 0.158325 0.0630317 0.0201885 0.158325 0.080883 0.013048 0.186887 0.0666019 0.0416101 0.186887 0.0844533 0.0308993 0.169036 0.0951641 0.0166183 0.140473 0.0987343 0.00590748 0.136903 0.0416101 0.0416101 0.136903 0.0630317 0.027329 0.133333 0.080883 0.013048 0.133333 0.0951641 0.00590748 0.101201 0.702109 0.138007 0.172606 0.702109 0.166569 0.186887 0.602142 0.138007 0.122622 0.619993 0.116586 0.0583573 0.71282 0.0416101 0.0833492 0.634274 0.0308993 0.258292 0.702109 0.134437 0.251152 0.612853 0.116586 0.290425 0.71282 0.0416101 0.283284 0.634274 0.0308993 0.254722 0.666406 -0.054787 0.254722 0.741382 -0.0583573 0.183317 0.666406 -0.0797789 0.172606 0.748523 -0.0940599 0.0869194 0.748523 -0.0476465 0.115482 0.666406 -0.0440763 0.0583573 0.71282 0.0416101 0.0833492 0.634274 0.0308993 0.244011 0.555728 0.0987343 0.279714 0.58072 0.0237588 0.240441 0.505745 0.080883 0.283284 0.534307 0.00947773 0.251152 0.609282 -0.0512168 0.251152 0.559299 -0.0619276 0.190457 0.609282 -0.0797789 0.197598 0.559299 -0.0904897 0.133333 0.609282 -0.0440763 0.144044 0.559299 -0.054787 0.101201 0.562869 0.0201885 0.122622 0.498604 0.00590748 0.194027 0.537877 0.116586 0.197598 0.495034 0.102305 0.144044 0.495034 0.080883 0.140473 0.548588 0.0951641 0.122622 0.498604 0.00590748 0.101201 0.562869 0.0201885 0.147614 0.477182 -0.0833492 0.215449 0.495034 -0.111911 0.219019 0.420058 -0.129763 0.154754 0.409347 -0.0976302 0.129763 0.423629 -0.0190844 0.279714 0.412918 -0.101201 0.272573 0.487893 -0.0833492 0.304706 0.405777 -0.0226547 0.304706 0.466472 -0.0155141 0.261862 0.412918 0.0380399 0.211879 0.402207 0.0594614 0.258292 0.302239 0.0166183 0.211879 0.298669 0.0380399 0.161895 0.409347 0.0380399 0.172606 0.298669 0.0166183 0.129763 0.423629 -0.0190844 0.147614 0.295099 -0.0297952 0.151184 0.234404 -0.0297952 0.176176 0.230834 0.00947773 0.147614 0.17728 -0.0297952 0.172606 0.17728 0.00947773 0.211879 0.230834 0.027329 0.208308 0.17371 0.0237588 0.254722 0.230834 0.00947773 0.247581 0.17371 0.00947773 0.276143 0.230834 -0.0297952 0.265433 0.17371 -0.0297952 0.258292 0.230834 -0.0904897 0.251152 0.17371 -0.0797789 0.215449 0.230834 -0.108341 0.211879 0.17371 -0.0976302 0.169036 0.230834 -0.0904897 0.165465 0.17728 -0.0797789 0.151184 0.234404 -0.0297952 0.147614 0.17728 -0.0297952 0.147614 0.295099 -0.0297952 0.169036 0.298669 -0.0976302 0.215449 0.302239 -0.119052 0.265433 0.302239 -0.0976302 0.290425 0.298669 -0.0333654 0.054787 0.805647 0.148718 0.161895 0.859201 0.202272 0.0297952 0.809217 0.0558912 0.247581 0.866341 0.148718 0.286854 0.869912 0.0558912 0.244011 0.869912 -0.0619276 0.151184 0.837779 -0.108341 0.0333654 0.84135 -0.0476465 0.0297952 0.809217 0.0558912 0.22616 -0.0012331 -0.0583573 0.22973 0.0237588 -0.0654978 0.197598 0.0237588 -0.0833492 0.194027 -0.0012331 -0.0762087 0.165465 0.0237588 -0.0654978 0.165465 -0.0012331 -0.0583573 0.161895 -0.0012331 -0.0190844 0.154754 0.0166183 -0.0190844 0.2333 -0.0012331 -0.0190844 0.240441 0.0166183 -0.0190844 0.240441 0.0166183 0.027329 0.2333 -0.0012331 0.027329 0.22973 0.0451804 -0.0654978 0.244011 0.0487507 -0.0190844 0.244011 0.0380399 0.013048 0.2333 0.0558912 0.0201885 0.201168 0.0487507 -0.0833492 0.201168 0.0737424 -0.0726384 0.169036 0.0666019 -0.0619276 0.204738 0.123726 -0.101201 0.158325 0.123726 -0.0833492 0.151184 0.0773128 -0.0262249 0.140473 0.127297 -0.0297952 0.251152 0.123726 -0.0797789 0.22973 0.0666019 -0.0583573 0.269003 0.120156 -0.0297952 0.244011 0.0737424 -0.0226547 0.2333 0.0701723 0.013048 0.197598 0.0701723 0.027329 0.204738 0.123726 0.0308993 0.158325 0.123726 0.013048 0.161895 0.0701723 0.00947773 0.140473 0.127297 -0.0297952 0.151184 0.0773128 -0.0262249 0.251152 0.123726 0.013048 0.151184 0.0487507 -0.0226547 0.158325 0.0594614 0.0166183 0.151184 0.0380399 0.0558912 0.147614 0.0416101 0.00590748 0.190457 0.0416101 0.0701723 0.151184 0.0166183 0.0594614 0.140473 0.0166183 0.0308993 0.154754 -0.0012331 0.0594614 0.186887 0.0166183 0.0737424 0.186887 -0.0012331 0.0737424 0.22616 -0.0012331 0.0594614 0.22973 0.0166183 0.0594614 0.147614 -0.0012331 0.027329 0.22973 0.0380399 0.0558912 0.154754 0.0166183 -0.0190844 0.161895 -0.0012331 -0.0190844 0.194027 -0.0012331 -0.0190844 0.2333 -0.0012331 -0.0190844 0.22616 -0.0012331 -0.0583573 0.194027 -0.0012331 -0.0762087 0.165465 -0.0012331 -0.0583573 0.161895 -0.0012331 -0.0190844 0.147614 -0.0012331 0.027329 0.154754 -0.0012331 0.0594614 0.186887 -0.0012331 0.0737424 0.22616 -0.0012331 0.0594614 0.2333 -0.0012331 0.027329 0.258292 0.166569 0.0166183 0.247581 0.17371 0.00947773 0.265433 0.17371 -0.0297952 0.279714 0.166569 -0.0297952 0.208308 0.17371 0.0237588 0.208308 0.17014 0.0344695 0.158325 0.17014 0.0166183 0.172606 0.17728 0.00947773 0.147614 0.17728 -0.0297952 0.136903 0.17014 -0.0297952 0.251152 0.17371 -0.0797789 0.258292 0.166569 -0.0904897 0.211879 0.17371 -0.0976302 0.211879 0.17014 -0.108341 0.158325 0.17014 -0.0904897 0.165465 0.17728 -0.0797789 0.136903 0.17014 -0.0297952 0.147614 0.17728 -0.0297952 0.151184 0.0487507 -0.0226547 0.165465 0.0487507 -0.0654978 -0.202272 0.0844533 0.0308993 -0.205842 0.0844533 0.0308993 -0.202272 0.0737424 0.0308993 -0.202272 0.0737424 0.0344695 -0.202272 0.0844533 0.0344695 -0.205842 0.0773128 0.0416101 -0.202272 0.080883 0.0416101 -0.202272 0.0701723 0.0451804 -0.202272 0.0666019 0.0451804 -0.205842 0.0666019 0.0416101 -0.202272 0.0737424 0.0344695 -0.202272 0.0737424 0.0308993 -0.191561 0.080883 0.0416101 -0.187991 0.0701723 0.0451804 -0.187991 0.0844533 0.0344695 -0.187991 0.0844533 0.0308993 -0.191561 0.0737424 0.0344695 -0.191561 0.0737424 0.0344695 -0.191561 0.0666019 0.0451804 -0.187991 0.0737424 0.0308993 -0.187991 0.0844533 0.0308993 -0.187991 0.0773128 0.0416101 -0.187991 0.0666019 0.0416101 -0.187991 0.0737424 0.0308993 -0.102305 0.702109 0.138007 -0.123726 0.619993 0.116586 -0.187991 0.602142 0.138007 -0.17371 0.702109 0.166569 -0.0594614 0.71282 0.0416101 -0.0844533 0.634274 0.0308993 -0.259396 0.702109 0.134437 -0.248686 0.612853 0.116586 -0.291529 0.71282 0.0416101 -0.284388 0.634274 0.0308993 -0.252256 0.666406 -0.054787 -0.255826 0.741382 -0.0583573 -0.18085 0.666406 -0.0797789 -0.17014 0.748523 -0.0940599 -0.0880236 0.748523 -0.0476465 -0.116586 0.666406 -0.0440763 -0.0594614 0.71282 0.0416101 -0.0844533 0.634274 0.0308993 -0.245115 0.555728 0.0987343 -0.280818 0.58072 0.0237588 -0.241545 0.505745 0.080883 -0.284388 0.534307 0.00947773 -0.248686 0.609282 -0.0512168 -0.248686 0.559299 -0.0619276 -0.191561 0.609282 -0.0797789 -0.198702 0.559299 -0.0904897 -0.134437 0.609282 -0.0440763 -0.145148 0.559299 -0.054787 -0.102305 0.562869 0.0201885 -0.120156 0.498604 0.00590748 -0.195131 0.537877 0.116586 -0.195131 0.495034 0.102305 -0.145148 0.495034 0.080883 -0.138007 0.548588 0.0951641 -0.120156 0.498604 0.00590748 -0.102305 0.562869 0.0201885 -0.148718 0.477182 -0.0833492 -0.216553 0.495034 -0.111911 -0.216553 0.420058 -0.129763 -0.155859 0.409347 -0.0976302 -0.130867 0.423629 -0.0190844 -0.280818 0.412918 -0.101201 -0.273677 0.487893 -0.0833492 -0.30581 0.405777 -0.0226547 -0.30581 0.466472 -0.0155141 -0.259396 0.412918 0.0380399 -0.209413 0.402207 0.0594614 -0.255826 0.302239 0.0166183 -0.212983 0.298669 0.0380399 -0.162999 0.409347 0.0380399 -0.17371 0.298669 0.0166183 -0.130867 0.423629 -0.0190844 -0.148718 0.295099 -0.0297952 -0.152288 0.234404 -0.0297952 -0.17371 0.230834 0.00947773 -0.148718 0.17728 -0.0297952 -0.17014 0.17728 0.00947773 -0.212983 0.230834 0.027329 -0.209413 0.17371 0.0237588 -0.252256 0.230834 0.00947773 -0.245115 0.17371 0.00947773 -0.273677 0.230834 -0.0297952 -0.266537 0.17371 -0.0297952 -0.255826 0.230834 -0.0904897 -0.248686 0.17371 -0.0797789 -0.216553 0.230834 -0.108341 -0.209413 0.17371 -0.0976302 -0.17014 0.230834 -0.0904897 -0.166569 0.17728 -0.0797789 -0.152288 0.234404 -0.0297952 -0.148718 0.17728 -0.0297952 -0.148718 0.295099 -0.0297952 -0.17014 0.298669 -0.0976302 -0.216553 0.302239 -0.119052 -0.266537 0.302239 -0.0976302 -0.291529 0.298669 -0.0333654 -0.0558912 0.805647 0.148718 -0.162999 0.859201 0.202272 -0.027329 0.809217 0.0558912 -0.245115 0.866341 0.148718 -0.284388 0.869912 0.0558912 -0.245115 0.869912 -0.0619276 -0.152288 0.837779 -0.108341 -0.0344695 0.84135 -0.0476465 -0.027329 0.809217 0.0558912 -0.223694 -0.0012331 -0.0583573 -0.195131 -0.0012331 -0.0762087 -0.198702 0.0237588 -0.0833492 -0.230834 0.0237588 -0.0654978 -0.162999 0.0237588 -0.0654978 -0.166569 -0.0012331 -0.0583573 -0.162999 -0.0012331 -0.0190844 -0.155859 0.0166183 -0.0190844 -0.234404 -0.0012331 -0.0190844 -0.241545 0.0166183 -0.0190844 -0.241545 0.0166183 0.027329 -0.234404 -0.0012331 0.027329 -0.230834 0.0451804 -0.0654978 -0.241545 0.0487507 -0.0190844 -0.245115 0.0380399 0.013048 -0.234404 0.0558912 0.0201885 -0.198702 0.0487507 -0.0833492 -0.198702 0.0737424 -0.0726384 -0.166569 0.0666019 -0.0619276 -0.205842 0.123726 -0.101201 -0.159429 0.123726 -0.0833492 -0.152288 0.0773128 -0.0262249 -0.138007 0.127297 -0.0297952 -0.252256 0.123726 -0.0797789 -0.227264 0.0666019 -0.0583573 -0.270107 0.120156 -0.0297952 -0.241545 0.0737424 -0.0226547 -0.234404 0.0701723 0.013048 -0.195131 0.0701723 0.027329 -0.205842 0.123726 0.0308993 -0.159429 0.123726 0.013048 -0.162999 0.0701723 0.00947773 -0.138007 0.127297 -0.0297952 -0.152288 0.0773128 -0.0262249 -0.252256 0.123726 0.013048 -0.148718 0.0487507 -0.0226547 -0.159429 0.0594614 0.0166183 -0.152288 0.0380399 0.0558912 -0.145148 0.0416101 0.00590748 -0.191561 0.0416101 0.0701723 -0.152288 0.0166183 0.0594614 -0.141578 0.0166183 0.0308993 -0.155859 -0.0012331 0.0594614 -0.187991 0.0166183 0.0737424 -0.187991 -0.0012331 0.0737424 -0.227264 -0.0012331 0.0594614 -0.230834 0.0166183 0.0594614 -0.148718 -0.0012331 0.027329 -0.230834 0.0380399 0.0558912 -0.155859 0.0166183 -0.0190844 -0.162999 -0.0012331 -0.0190844 -0.195131 -0.0012331 -0.0190844 -0.195131 -0.0012331 -0.0762087 -0.223694 -0.0012331 -0.0583573 -0.234404 -0.0012331 -0.0190844 -0.166569 -0.0012331 -0.0583573 -0.162999 -0.0012331 -0.0190844 -0.148718 -0.0012331 0.027329 -0.155859 -0.0012331 0.0594614 -0.187991 -0.0012331 0.0737424 -0.227264 -0.0012331 0.0594614 -0.234404 -0.0012331 0.027329 -0.259396 0.166569 0.0166183 -0.277248 0.166569 -0.0297952 -0.266537 0.17371 -0.0297952 -0.245115 0.17371 0.00947773 -0.209413 0.17371 0.0237588 -0.209413 0.17014 0.0344695 -0.159429 0.17014 0.0166183 -0.17014 0.17728 0.00947773 -0.148718 0.17728 -0.0297952 -0.138007 0.17014 -0.0297952 -0.248686 0.17371 -0.0797789 -0.259396 0.166569 -0.0904897 -0.209413 0.17371 -0.0976302 -0.209413 0.17014 -0.108341 -0.159429 0.17014 -0.0904897 -0.166569 0.17728 -0.0797789 -0.138007 0.17014 -0.0297952 -0.148718 0.17728 -0.0297952 -0.148718 0.0487507 -0.0226547 -0.162999 0.0487507 -0.0654978 0.401103 1.63038 -0.0654978 0.440376 1.65894 -0.00480336 0.433235 1.63038 -0.0654978 0.411814 1.65894 -0.0012331 0.440376 1.65894 0.00947773 0.511781 1.67322 -0.0155141 0.508211 1.64466 -0.0440763 0.508211 1.64109 -0.0833492 0.426095 1.61967 -0.0797789 0.386822 1.57325 -0.0940599 0.50464 1.66965 -0.0940599 0.490359 1.64466 -0.129763 0.50107 1.70178 -0.0262249 0.49393 1.70535 0.0166183 0.4975 1.67679 0.0487507 0.508211 1.65894 0.0380399 0.433235 1.64466 0.027329 0.397533 1.63395 0.0630317 0.415384 1.60182 0.0737424 0.4975 1.63395 0.0594614 0.490359 1.6161 0.0844533 0.411814 1.59111 0.0880236 0.376111 1.57682 0.0915938 0.486789 1.63038 0.0951641 0.476078 1.60896 0.127297 0.465368 1.56611 0.127297 0.468938 1.56611 0.105875 0.404673 1.57325 0.0880236 0.376111 1.50899 0.105875 0.347549 1.51613 0.109445 0.451086 1.52684 0.102305 0.440376 1.50185 0.123726 0.36183 1.49114 0.123726 0.443946 1.51613 0.138007 0.418954 1.49114 0.17014 0.401103 1.44472 0.166569 0.401103 1.44115 0.148718 0.343979 1.46972 0.120156 0.304706 1.44829 0.138007 0.297565 1.40902 0.148718 0.372541 1.40545 0.152288 0.347549 1.38046 0.17371 0.283284 1.39831 0.162999 0.254722 1.39831 0.159429 0.35826 1.39474 0.187991 0.326127 1.37689 0.216553 0.301135 1.34119 0.212983 0.297565 1.33762 0.195131 0.269003 1.37689 0.162999 0.222589 1.34119 0.18085 0.208308 1.36261 0.17728 0.272573 1.31977 0.191561 0.258292 1.30548 0.209413 0.208308 1.33762 0.195131 0.272573 1.31619 0.227264 0.236871 1.30548 0.255826 0.201168 1.27692 0.252256 0.211879 1.27692 0.227264 0.190457 1.32691 0.191561 0.161895 1.33762 0.195131 0.129763 1.30905 0.212983 0.119052 1.30548 0.227264 0.151184 1.2555 0.248686 0.179746 1.26264 0.227264 0.161895 1.26621 0.266537 0.133333 1.27335 0.291529 0.0976302 1.2555 0.287958 0.0976302 1.31619 0.241545 0.0976302 1.32691 0.216553 0.0512168 1.26621 -0.158325 0.0012331 1.28763 -0.154754 0.0976302 1.30548 -0.147614 0.0012331 1.26264 -0.158325 0.0012331 1.20552 -0.190457 0.054787 1.20909 -0.197598 0.0797789 1.27692 -0.165465 0.0440763 1.2198 -0.219019 0.0904897 1.24122 -0.22973 0.140473 1.24122 -0.211879 0.129763 1.23051 -0.190457 0.111911 1.28049 -0.151184 0.165465 1.33405 -0.144044 0.176176 1.30905 -0.151184 0.158325 1.24479 -0.179746 0.197598 1.25907 -0.190457 0.197598 1.32691 -0.158325 0.236871 1.38046 -0.136903 0.183317 1.26264 -0.211879 0.219019 1.29834 -0.222589 0.269003 1.31619 -0.204738 0.261862 1.2912 -0.186887 0.219019 1.34119 -0.147614 0.290425 1.39831 -0.136903 0.297565 1.31977 -0.169036 0.336838 1.35547 -0.176176 0.311846 1.41973 -0.147614 0.308276 1.44829 -0.129763 0.315416 1.36618 -0.197598 0.351119 1.40545 -0.211879 0.379681 1.44115 -0.186887 0.386822 1.41259 -0.169036 0.333268 1.43758 -0.133333 0.383251 1.50542 -0.119052 0.354689 1.51613 -0.115482 0.411814 1.44829 -0.151184 0.440376 1.48757 -0.154754 0.390392 1.52327 -0.122622 0.429665 1.49114 -0.176176 0.436805 1.53041 -0.179746 0.461797 1.55183 -0.154754 0.472508 1.53398 -0.136903 0.483219 1.55897 -0.115482 0.397533 1.53755 -0.108341 0.415384 1.57682 -0.0869194 0.4975 1.59468 -0.111911 0.486789 1.60182 -0.133333 -0.402207 1.63038 -0.0654978 -0.434339 1.63038 -0.0654978 -0.44148 1.65894 -0.00480336 -0.409347 1.65894 -0.0012331 -0.43791 1.65894 0.00947773 -0.512885 1.67322 -0.0155141 -0.509315 1.64466 -0.0440763 -0.509315 1.64109 -0.0833492 -0.427199 1.61967 -0.0797789 -0.384356 1.57325 -0.0940599 -0.502174 1.66965 -0.0940599 -0.487893 1.64466 -0.129763 -0.498604 1.70178 -0.0262249 -0.495034 1.70535 0.0166183 -0.498604 1.67679 0.0487507 -0.509315 1.65894 0.0380399 -0.434339 1.64466 0.027329 -0.398637 1.63395 0.0630317 -0.412918 1.60182 0.0737424 -0.495034 1.63395 0.0594614 -0.491463 1.6161 0.0844533 -0.412918 1.59111 0.0880236 -0.377215 1.57682 0.0915938 -0.487893 1.63038 0.0951641 -0.473612 1.60896 0.127297 -0.466472 1.56611 0.127297 -0.470042 1.56611 0.105875 -0.405777 1.57325 0.0880236 -0.377215 1.50899 0.105875 -0.348653 1.51613 0.109445 -0.452191 1.52684 0.102305 -0.362934 1.49114 0.123726 -0.44148 1.50185 0.123726 -0.44505 1.51613 0.138007 -0.420058 1.49114 0.17014 -0.402207 1.44472 0.166569 -0.402207 1.44115 0.148718 -0.345083 1.46972 0.120156 -0.302239 1.44829 0.138007 -0.295099 1.40902 0.148718 -0.370074 1.40545 0.152288 -0.348653 1.38046 0.17371 -0.284388 1.39831 0.162999 -0.252256 1.39831 0.159429 -0.359364 1.39474 0.187991 -0.327231 1.37689 0.216553 -0.298669 1.34119 0.212983 -0.266537 1.37689 0.162999 -0.223694 1.34119 0.18085 -0.205842 1.36261 0.17728 -0.273677 1.31977 0.191561 -0.255826 1.30548 0.209413 -0.298669 1.33762 0.195131 -0.205842 1.33762 0.195131 -0.270107 1.31619 0.227264 -0.237975 1.30548 0.255826 -0.202272 1.27692 0.252256 -0.162999 1.33762 0.195131 -0.191561 1.32691 0.191561 -0.212983 1.27692 0.227264 -0.130867 1.30905 0.212983 -0.116586 1.30548 0.227264 -0.17728 1.26264 0.227264 -0.152288 1.2555 0.248686 -0.162999 1.26621 0.266537 -0.134437 1.27335 0.291529 -0.0987343 1.2555 0.287958 -0.0987343 1.31619 0.241545 -0.0951641 1.32691 0.216553 -0.0487507 1.26621 -0.158325 -0.0951641 1.30548 -0.147614 0.0012331 1.28763 -0.154754 0.0012331 1.26264 -0.158325 0.0012331 1.20552 -0.190457 -0.0523209 1.20909 -0.197598 -0.080883 1.27692 -0.165465 -0.0416101 1.2198 -0.219019 -0.0915938 1.24122 -0.22973 -0.141578 1.24122 -0.211879 -0.127297 1.23051 -0.190457 -0.109445 1.28049 -0.151184 -0.166569 1.33405 -0.144044 -0.17728 1.30905 -0.151184 -0.159429 1.24479 -0.179746 -0.195131 1.25907 -0.190457 -0.198702 1.32691 -0.158325 -0.234404 1.38046 -0.140473 -0.184421 1.26264 -0.211879 -0.220123 1.29834 -0.222589 -0.266537 1.31619 -0.204738 -0.259396 1.2912 -0.186887 -0.220123 1.34119 -0.147614 -0.287958 1.39831 -0.136903 -0.295099 1.31977 -0.169036 -0.334372 1.35547 -0.176176 -0.30938 1.41973 -0.147614 -0.30581 1.44829 -0.129763 -0.316521 1.36618 -0.197598 -0.352223 1.40545 -0.211879 -0.380785 1.44115 -0.186887 -0.384356 1.41259 -0.169036 -0.334372 1.43758 -0.133333 -0.384356 1.50542 -0.119052 -0.355793 1.51613 -0.115482 -0.409347 1.44829 -0.151184 -0.44148 1.48757 -0.154754 -0.391496 1.52327 -0.122622 -0.427199 1.49114 -0.176176 -0.43791 1.53041 -0.179746 -0.459331 1.55183 -0.154754 -0.470042 1.53398 -0.136903 -0.484323 1.55897 -0.115482 -0.398637 1.53755 -0.108341 -0.412918 1.57682 -0.0869194 -0.495034 1.59468 -0.111911 -0.484323 1.60182 -0.133333 0.0012331 0.466472 0.598571 0.0762087 0.44148 0.623563 0.0012331 0.455761 0.648555 0.140473 0.473612 0.566439 0.0940599 0.348653 0.698539 0.0012331 0.352223 0.734242 0.0797789 0.316521 0.644985 0.147614 0.44148 0.587861 0.22616 0.452191 0.58072 0.147614 0.298669 0.595001 0.22973 0.327231 0.602142 0.244011 0.359364 0.655696 0.340408 0.377215 0.637844 0.301135 0.466472 0.562869 0.276143 0.484323 0.516455 0.351119 0.466472 0.520026 0.379681 0.498604 0.455761 0.401103 0.373645 0.58072 0.376111 0.341512 0.534307 0.411814 0.470042 0.459331 0.479649 0.487893 0.416488 0.422524 0.327231 0.462901 0.50464 0.362934 0.430769 0.529632 0.398637 0.473612 0.622459 0.427199 0.405777 0.554624 0.512885 0.355793 0.515351 0.523596 0.320091 0.604608 0.516455 0.270107 0.611748 0.552158 0.184421 0.679583 0.434339 0.295099 0.640311 0.395066 0.262967 0.63674 0.523596 0.191561 0.676013 0.541447 0.109445 0.654592 0.384356 0.17728 0.701005 0.420058 0.105875 0.750989 0.459331 0.134437 0.797402 0.495034 0.027329 0.704575 0.570009 0.0237588 0.647451 0.57358 0.0237588 0.704575 0.570009 0.0237588 0.647451 0.57358 0.0237588 0.686724 0.555728 -0.0726384 0.63317 0.57715 -0.158325 0.797402 0.495034 0.027329 0.76884 0.473612 -0.0976302 0.715286 0.434339 -0.0762087 0.661732 0.552158 -0.165465 0.63674 0.552158 -0.258292 0.665302 0.409347 -0.169036 0.661732 0.427199 -0.265433 0.715286 0.470042 -0.279714 0.679583 0.484323 -0.397533 0.601038 0.559299 -0.347549 0.554624 0.566439 -0.315416 0.533203 0.527166 -0.408243 0.440376 0.537877 -0.443946 0.586757 0.44148 -0.472508 0.558194 0.405777 -0.415384 0.458227 0.505745 -0.461797 0.393962 0.498604 -0.515351 0.465368 0.366504 -0.468938 0.411814 0.377215 -0.529632 0.447516 0.412918 -0.576046 0.35826 0.405777 -0.643881 0.318987 0.495034 -0.561765 0.290425 0.505745 -0.515351 0.236871 0.473612 -0.572475 0.151184 0.491463 -0.551054 0.251152 0.380785 -0.647451 0.247581 0.352223 -0.590327 0.154754 0.462901 -0.572475 0.0797789 0.462901 -0.593897 0.158325 0.320091 -0.579616 0.0762087 0.341512 -0.622459 0.101201 0.370074 -0.668873 0.0012331 0.380785 -0.697435 0.0012331 0.480753 -0.611748 0.0012331 0.484323 -0.558194 0.0012331 0.466472 0.598571 0.0012331 0.455761 0.648555 -0.0737424 0.44148 0.623563 -0.141578 0.473612 0.566439 -0.0951641 0.348653 0.698539 0.0012331 0.352223 0.734242 -0.080883 0.316521 0.644985 -0.148718 0.44148 0.587861 -0.223694 0.452191 0.58072 -0.148718 0.298669 0.595001 -0.227264 0.327231 0.602142 -0.241545 0.359364 0.655696 -0.341512 0.377215 0.637844 -0.302239 0.466472 0.562869 -0.277248 0.484323 0.516455 -0.352223 0.466472 0.520026 -0.380785 0.498604 0.455761 -0.402207 0.373645 0.58072 -0.377215 0.341512 0.534307 -0.409347 0.470042 0.459331 -0.480753 0.487893 0.416488 -0.423629 0.327231 0.462901 -0.502174 0.362934 0.430769 -0.530736 0.398637 0.473612 -0.623563 0.427199 0.405777 -0.555728 0.512885 0.355793 -0.516455 0.523596 0.320091 -0.602142 0.516455 0.270107 -0.609282 0.552158 0.184421 -0.680688 0.434339 0.295099 -0.641415 0.395066 0.262967 -0.634274 0.523596 0.191561 -0.673547 0.541447 0.109445 -0.655696 0.384356 0.17728 -0.702109 0.420058 0.105875 -0.752093 0.459331 0.134437 -0.798506 0.495034 0.027329 -0.705679 0.570009 0.0237588 -0.648555 0.57358 0.0237588 -0.705679 0.570009 0.0237588 -0.687828 0.555728 -0.0726384 -0.648555 0.57358 0.0237588 -0.634274 0.57715 -0.158325 -0.798506 0.495034 0.027329 -0.766374 0.473612 -0.0976302 -0.71282 0.434339 -0.0762087 -0.659266 0.552158 -0.165465 -0.637844 0.552158 -0.258292 -0.666406 0.409347 -0.169036 -0.662836 0.427199 -0.265433 -0.71639 0.470042 -0.279714 -0.680688 0.484323 -0.397533 -0.602142 0.559299 -0.347549 -0.552158 0.566439 -0.315416 -0.534307 0.527166 -0.408243 -0.44148 0.537877 -0.443946 -0.587861 0.44148 -0.472508 -0.555728 0.405777 -0.415384 -0.459331 0.505745 -0.461797 -0.391496 0.498604 -0.515351 -0.462901 0.366504 -0.468938 -0.412918 0.377215 -0.529632 -0.44505 0.412918 -0.576046 -0.355793 0.405777 -0.643881 -0.320091 0.495034 -0.561765 -0.291529 0.505745 -0.515351 -0.237975 0.473612 -0.572475 -0.148718 0.491463 -0.551054 -0.252256 0.380785 -0.647451 -0.248686 0.352223 -0.590327 -0.155859 0.462901 -0.572475 -0.080883 0.462901 -0.593897 -0.155859 0.320091 -0.579616 -0.0773128 0.341512 -0.622459 -0.102305 0.370074 -0.668873 0.0012331 0.380785 -0.697435 0.0012331 0.480753 -0.611748 0.0012331 0.484323 -0.558194 0.401103 1.63038 -0.0654978 0.426095 1.64823 -0.0762087 0.433235 1.68036 -0.0119439 0.411814 1.65894 -0.0012331 0.426095 1.67679 0.0166183 0.50107 1.70178 -0.0262249 0.511781 1.67322 -0.0155141 0.508211 1.64466 -0.0440763 0.508211 1.64109 -0.0833492 0.50464 1.66965 -0.0940599 0.490359 1.64466 -0.129763 0.415384 1.63038 -0.0940599 0.386822 1.57325 -0.0940599 0.49393 1.70535 0.0166183 0.429665 1.66251 0.0416101 0.397533 1.63395 0.0630317 0.411814 1.61967 0.0880236 0.4975 1.67679 0.0487507 0.508211 1.65894 0.0380399 0.4975 1.63395 0.0594614 0.490359 1.6161 0.0844533 0.486789 1.63038 0.0951641 0.401103 1.60182 0.105875 0.376111 1.57682 0.0915938 0.476078 1.60896 0.127297 0.397533 1.57682 0.109445 0.372541 1.52327 0.123726 0.347549 1.51613 0.109445 0.465368 1.56611 0.127297 0.468938 1.56611 0.105875 0.451086 1.52684 0.102305 0.440376 1.50185 0.123726 0.443946 1.51613 0.138007 0.351119 1.50185 0.141578 0.418954 1.49114 0.17014 0.340408 1.47329 0.145148 0.304706 1.44829 0.138007 0.297565 1.42687 0.162999 0.401103 1.44472 0.166569 0.401103 1.44115 0.148718 0.372541 1.40545 0.152288 0.347549 1.38046 0.17371 0.35826 1.39474 0.187991 0.276143 1.41259 0.17728 0.254722 1.39831 0.159429 0.326127 1.37689 0.216553 0.258292 1.3876 0.18085 0.22616 1.35904 0.195131 0.208308 1.36261 0.17728 0.272573 1.31977 0.191561 0.258292 1.30548 0.209413 0.272573 1.31619 0.227264 0.301135 1.34119 0.212983 0.297565 1.33762 0.195131 0.204738 1.35547 0.209413 0.236871 1.30548 0.255826 0.183317 1.33762 0.212983 0.161895 1.33762 0.195131 0.201168 1.27692 0.252256 0.211879 1.27692 0.227264 0.144044 1.31977 0.227264 0.122622 1.32691 0.241545 0.179746 1.26264 0.227264 0.151184 1.2555 0.248686 0.161895 1.26621 0.266537 0.133333 1.27335 0.291529 0.0976302 1.31619 0.241545 0.0976302 1.2555 0.287958 0.0976302 1.32691 0.216553 0.0440763 1.28049 -0.176176 0.0976302 1.30548 -0.147614 0.0012331 1.28763 -0.154754 0.0012331 1.26978 -0.172606 0.0012331 1.20552 -0.190457 0.054787 1.20909 -0.197598 0.0440763 1.2198 -0.219019 0.0762087 1.29477 -0.179746 0.0904897 1.24122 -0.22973 0.111911 1.29477 -0.169036 0.165465 1.33405 -0.144044 0.165465 1.31977 -0.169036 0.140473 1.24122 -0.211879 0.129763 1.23051 -0.190457 0.158325 1.24479 -0.179746 0.197598 1.25907 -0.190457 0.183317 1.26264 -0.211879 0.190457 1.34119 -0.172606 0.236871 1.38046 -0.136903 0.219019 1.29834 -0.222589 0.219019 1.3519 -0.165465 0.279714 1.40188 -0.158325 0.269003 1.31619 -0.204738 0.261862 1.2912 -0.186887 0.297565 1.31977 -0.169036 0.336838 1.35547 -0.176176 0.315416 1.36618 -0.197598 0.297565 1.43044 -0.158325 0.308276 1.44829 -0.129763 0.351119 1.40545 -0.211879 0.326127 1.45186 -0.151184 0.372541 1.50899 -0.140473 0.354689 1.51613 -0.115482 0.379681 1.44115 -0.186887 0.386822 1.41259 -0.169036 0.411814 1.44829 -0.151184 0.440376 1.48757 -0.154754 0.429665 1.49114 -0.176176 0.376111 1.53398 -0.136903 0.436805 1.53041 -0.179746 0.393962 1.5554 -0.122622 0.415384 1.60182 -0.101201 0.483219 1.55897 -0.115482 0.472508 1.53398 -0.136903 0.461797 1.55183 -0.154754 0.486789 1.60182 -0.133333 0.4975 1.59468 -0.111911 -0.402207 1.63038 -0.0654978 -0.434339 1.68036 -0.0119439 -0.427199 1.64823 -0.0762087 -0.409347 1.65894 -0.0012331 -0.427199 1.67679 0.0166183 -0.498604 1.70178 -0.0262249 -0.512885 1.67322 -0.0155141 -0.509315 1.64466 -0.0440763 -0.509315 1.64109 -0.0833492 -0.502174 1.66965 -0.0940599 -0.487893 1.64466 -0.129763 -0.416488 1.63038 -0.0940599 -0.384356 1.57325 -0.0940599 -0.495034 1.70535 0.0166183 -0.427199 1.66251 0.0416101 -0.398637 1.63395 0.0630317 -0.412918 1.61967 0.0880236 -0.498604 1.67679 0.0487507 -0.509315 1.65894 0.0380399 -0.495034 1.63395 0.0594614 -0.491463 1.6161 0.0844533 -0.487893 1.63038 0.0951641 -0.402207 1.60182 0.105875 -0.377215 1.57682 0.0915938 -0.473612 1.60896 0.127297 -0.398637 1.57682 0.109445 -0.373645 1.52327 0.123726 -0.348653 1.51613 0.109445 -0.466472 1.56611 0.127297 -0.470042 1.56611 0.105875 -0.452191 1.52684 0.102305 -0.44148 1.50185 0.123726 -0.44505 1.51613 0.138007 -0.352223 1.50185 0.141578 -0.420058 1.49114 0.17014 -0.341512 1.47329 0.145148 -0.302239 1.44829 0.138007 -0.298669 1.42687 0.162999 -0.402207 1.44472 0.166569 -0.402207 1.44115 0.148718 -0.370074 1.40545 0.152288 -0.348653 1.38046 0.17371 -0.359364 1.39474 0.187991 -0.277248 1.41259 0.17728 -0.252256 1.39831 0.159429 -0.327231 1.37689 0.216553 -0.259396 1.3876 0.18085 -0.227264 1.35904 0.195131 -0.205842 1.36261 0.17728 -0.273677 1.31977 0.191561 -0.255826 1.30548 0.209413 -0.270107 1.31619 0.227264 -0.298669 1.34119 0.212983 -0.298669 1.33762 0.195131 -0.202272 1.35547 0.209413 -0.237975 1.30548 0.255826 -0.184421 1.33762 0.212983 -0.162999 1.33762 0.195131 -0.202272 1.27692 0.252256 -0.212983 1.27692 0.227264 -0.141578 1.31977 0.227264 -0.120156 1.32691 0.241545 -0.17728 1.26264 0.227264 -0.152288 1.2555 0.248686 -0.162999 1.26621 0.266537 -0.134437 1.27335 0.291529 -0.0987343 1.31619 0.241545 -0.0987343 1.2555 0.287958 -0.0951641 1.32691 0.216553 -0.0451804 1.28049 -0.176176 0.0012331 1.28763 -0.154754 -0.0951641 1.30548 -0.147614 0.0012331 1.26978 -0.172606 0.0012331 1.20552 -0.190457 -0.0523209 1.20909 -0.197598 -0.0416101 1.2198 -0.219019 -0.0773128 1.29477 -0.179746 -0.0915938 1.24122 -0.22973 -0.113015 1.29477 -0.169036 -0.166569 1.33405 -0.144044 -0.166569 1.31977 -0.169036 -0.141578 1.24122 -0.211879 -0.127297 1.23051 -0.190457 -0.159429 1.24479 -0.179746 -0.195131 1.25907 -0.190457 -0.184421 1.26264 -0.211879 -0.187991 1.34119 -0.172606 -0.234404 1.38046 -0.140473 -0.220123 1.29834 -0.222589 -0.220123 1.3519 -0.165465 -0.280818 1.40188 -0.158325 -0.266537 1.31619 -0.204738 -0.259396 1.2912 -0.186887 -0.295099 1.31977 -0.169036 -0.334372 1.35547 -0.176176 -0.316521 1.36618 -0.197598 -0.298669 1.43044 -0.158325 -0.30581 1.44829 -0.129763 -0.352223 1.40545 -0.211879 -0.327231 1.45186 -0.151184 -0.370074 1.50899 -0.140473 -0.355793 1.51613 -0.115482 -0.380785 1.44115 -0.186887 -0.384356 1.41259 -0.169036 -0.409347 1.44829 -0.151184 -0.44148 1.48757 -0.154754 -0.427199 1.49114 -0.176176 -0.377215 1.53398 -0.136903 -0.43791 1.53041 -0.179746 -0.395066 1.5554 -0.122622 -0.412918 1.60182 -0.101201 -0.484323 1.55897 -0.115482 -0.470042 1.53398 -0.136903 -0.459331 1.55183 -0.154754 -0.484323 1.60182 -0.133333 -0.495034 1.59468 -0.111911 0.0012331 0.44505 0.566439 0.0012331 0.420058 0.616423 0.0619276 0.416488 0.58429 0.133333 0.455761 0.534307 0.0797789 0.316521 0.644985 0.136903 0.420058 0.545018 0.219019 0.423629 0.537877 0.147614 0.298669 0.595001 0.22973 0.327231 0.602142 0.265433 0.462901 0.487893 0.286854 0.430769 0.534307 0.326127 0.434339 0.487893 0.35826 0.480753 0.430769 0.376111 0.341512 0.534307 0.383251 0.44862 0.423629 0.458227 0.459331 0.380785 0.422524 0.327231 0.462901 0.50464 0.362934 0.430769 0.49393 0.502174 0.302239 0.533203 0.473612 0.334372 0.565335 0.484323 0.248686 0.579616 0.534307 0.17014 0.640311 0.395066 0.262967 0.593897 0.498604 0.17014 0.63674 0.512885 0.0915938 0.654592 0.384356 0.17728 0.701005 0.420058 0.105875 0.618889 0.548588 0.0201885 0.679583 0.527166 0.0201885 0.750989 0.459331 0.134437 0.797402 0.495034 0.027329 0.529632 0.398637 0.473612 0.622459 0.427199 0.405777 0.679583 0.434339 0.295099 0.679583 0.527166 0.0201885 0.647451 0.523596 -0.0619276 0.618889 0.548588 0.0201885 0.601038 0.559299 -0.147614 0.715286 0.434339 -0.0762087 0.615319 0.523596 -0.151184 0.597467 0.520026 -0.244011 0.665302 0.409347 -0.169036 0.661732 0.427199 -0.265433 0.529632 0.537877 -0.301135 0.579616 0.520026 -0.329697 0.508211 0.498604 -0.372541 0.418954 0.516455 -0.415384 0.558194 0.405777 -0.415384 0.429665 0.484323 -0.422524 0.36897 0.466472 -0.479649 0.465368 0.366504 -0.468938 0.411814 0.377215 -0.529632 0.283284 0.484323 -0.486789 0.308276 0.455761 -0.533203 0.2333 0.44505 -0.529632 0.144044 0.477182 -0.515351 0.247581 0.352223 -0.590327 0.447516 0.412918 -0.576046 0.35826 0.405777 -0.643881 0.251152 0.380785 -0.647451 0.147614 0.43791 -0.526062 0.0690681 0.434339 -0.554624 0.158325 0.320091 -0.579616 0.0762087 0.341512 -0.622459 0.0012331 0.462901 -0.529632 0.0012331 0.44148 -0.583186 0.101201 0.370074 -0.668873 0.0012331 0.380785 -0.697435 0.0012331 0.352223 0.734242 0.0940599 0.348653 0.698539 0.340408 0.377215 0.637844 0.244011 0.359364 0.655696 0.401103 0.373645 0.58072 0.797402 0.495034 0.027329 0.76884 0.473612 -0.0976302 0.679583 0.484323 -0.397533 0.715286 0.470042 -0.279714 0.586757 0.44148 -0.472508 0.0012331 0.44505 0.566439 -0.0630317 0.416488 0.58429 0.0012331 0.420058 0.616423 -0.134437 0.455761 0.534307 -0.080883 0.316521 0.644985 -0.138007 0.420058 0.545018 -0.216553 0.423629 0.537877 -0.148718 0.298669 0.595001 -0.227264 0.327231 0.602142 -0.262967 0.462901 0.487893 -0.287958 0.430769 0.534307 -0.323661 0.434339 0.487893 -0.359364 0.480753 0.430769 -0.377215 0.341512 0.534307 -0.384356 0.44862 0.423629 -0.455761 0.459331 0.380785 -0.423629 0.327231 0.462901 -0.502174 0.362934 0.430769 -0.491463 0.502174 0.302239 -0.534307 0.473612 0.334372 -0.566439 0.484323 0.248686 -0.58072 0.534307 0.17014 -0.641415 0.395066 0.262967 -0.591431 0.498604 0.17014 -0.637844 0.512885 0.0915938 -0.655696 0.384356 0.17728 -0.702109 0.420058 0.105875 -0.619993 0.548588 0.0201885 -0.677117 0.527166 0.0201885 -0.752093 0.459331 0.134437 -0.798506 0.495034 0.027329 -0.530736 0.398637 0.473612 -0.623563 0.427199 0.405777 -0.680688 0.434339 0.295099 -0.677117 0.527166 0.0201885 -0.619993 0.548588 0.0201885 -0.648555 0.523596 -0.0619276 -0.602142 0.559299 -0.147614 -0.71282 0.434339 -0.0762087 -0.616423 0.523596 -0.151184 -0.595001 0.520026 -0.244011 -0.666406 0.409347 -0.169036 -0.662836 0.427199 -0.265433 -0.530736 0.537877 -0.301135 -0.58072 0.520026 -0.329697 -0.509315 0.498604 -0.372541 -0.420058 0.516455 -0.415384 -0.555728 0.405777 -0.415384 -0.587861 0.44148 -0.472508 -0.430769 0.484323 -0.422524 -0.370074 0.466472 -0.479649 -0.462901 0.366504 -0.468938 -0.412918 0.377215 -0.529632 -0.284388 0.484323 -0.486789 -0.30938 0.455761 -0.533203 -0.234404 0.44505 -0.529632 -0.141578 0.477182 -0.515351 -0.248686 0.352223 -0.590327 -0.44505 0.412918 -0.576046 -0.355793 0.405777 -0.643881 -0.252256 0.380785 -0.647451 -0.148718 0.43791 -0.526062 -0.0701723 0.434339 -0.554624 -0.155859 0.320091 -0.579616 -0.0773128 0.341512 -0.622459 0.0012331 0.462901 -0.529632 0.0012331 0.44148 -0.583186 -0.102305 0.370074 -0.668873 0.0012331 0.380785 -0.697435 -0.0951641 0.348653 0.698539 0.0012331 0.352223 0.734242 -0.341512 0.377215 0.637844 -0.241545 0.359364 0.655696 -0.402207 0.373645 0.58072 -0.798506 0.495034 0.027329 -0.766374 0.473612 -0.0976302 -0.680688 0.484323 -0.397533 -0.71639 0.470042 -0.279714 -0.134437 0.455761 0.534307 0.0012331 0.44505 0.566439 0.0012331 0.591431 0.484323 -0.123726 0.605712 0.373645 -0.262967 0.462901 0.487893 -0.302239 0.612853 0.373645 -0.359364 0.480753 0.430769 -0.58072 0.534307 0.17014 -0.491463 0.502174 0.302239 -0.370074 0.652125 0.17728 -0.302239 0.612853 0.373645 -0.359364 0.480753 0.430769 -0.619993 0.548588 0.0201885 -0.502174 0.680688 0.0237588 -0.602142 0.559299 -0.147614 -0.619993 0.548588 0.0201885 -0.502174 0.680688 0.0237588 -0.405777 0.673547 -0.133333 -0.530736 0.537877 -0.301135 -0.420058 0.516455 -0.415384 -0.359364 0.648555 -0.329697 -0.141578 0.477182 -0.515351 -0.284388 0.484323 -0.486789 -0.17728 0.623563 -0.340408 -0.359364 0.648555 -0.329697 -0.420058 0.516455 -0.415384 0.0012331 0.462901 -0.529632 0.0012331 0.612853 -0.443946 -0.0951641 0.719961 -0.176176 0.0012331 0.687828 -0.22973 0.0012331 0.612853 -0.443946 -0.17728 0.623563 -0.340408 -0.359364 0.648555 -0.329697 -0.191561 0.70925 -0.169036 0.0012331 0.780655 0.0166183 0.0012331 0.591431 0.484323 0.0012331 0.677117 0.259396 -0.0880236 0.70925 0.202272 -0.123726 0.605712 0.373645 -0.302239 0.612853 0.373645 -0.191561 0.687828 0.202272 0.0012331 0.780655 0.0166183 -0.302239 0.612853 0.373645 -0.191561 0.687828 0.202272 -0.202272 0.734242 0.105875 -0.370074 0.652125 0.17728 -0.502174 0.680688 0.0237588 -0.266537 0.723531 0.0166183 0.0012331 0.780655 0.0166183 -0.502174 0.680688 0.0237588 -0.266537 0.723531 0.0166183 -0.212983 0.744952 -0.0654978 -0.405777 0.673547 -0.133333 -0.359364 0.648555 -0.329697 -0.191561 0.70925 -0.169036 0.0012331 0.780655 0.0166183 0.133333 0.455761 0.534307 0.122622 0.605712 0.373645 0.0012331 0.591431 0.484323 0.0012331 0.44505 0.566439 0.265433 0.462901 0.487893 0.301135 0.612853 0.373645 0.35826 0.480753 0.430769 0.579616 0.534307 0.17014 0.36897 0.652125 0.17728 0.49393 0.502174 0.302239 0.301135 0.612853 0.373645 0.35826 0.480753 0.430769 0.618889 0.548588 0.0201885 0.50464 0.680688 0.0237588 0.601038 0.559299 -0.147614 0.404673 0.673547 -0.133333 0.50464 0.680688 0.0237588 0.618889 0.548588 0.0201885 0.529632 0.537877 -0.301135 0.418954 0.516455 -0.415384 0.36183 0.648555 -0.329697 0.144044 0.477182 -0.515351 0.176176 0.623563 -0.340408 0.283284 0.484323 -0.486789 0.36183 0.648555 -0.329697 0.418954 0.516455 -0.415384 0.0012331 0.462901 -0.529632 0.0012331 0.612853 -0.443946 0.0012331 0.612853 -0.443946 0.0012331 0.687828 -0.22973 0.0940599 0.719961 -0.176176 0.176176 0.623563 -0.340408 0.36183 0.648555 -0.329697 0.190457 0.70925 -0.169036 0.0012331 0.780655 0.0166183 0.0012331 0.591431 0.484323 0.122622 0.605712 0.373645 0.0869194 0.70925 0.202272 0.0012331 0.677117 0.259396 0.301135 0.612853 0.373645 0.194027 0.687828 0.202272 0.0012331 0.780655 0.0166183 0.301135 0.612853 0.373645 0.36897 0.652125 0.17728 0.201168 0.734242 0.105875 0.194027 0.687828 0.202272 0.50464 0.680688 0.0237588 0.265433 0.723531 0.0166183 0.0012331 0.780655 0.0166183 0.50464 0.680688 0.0237588 0.404673 0.673547 -0.133333 0.215449 0.744952 -0.0654978 0.265433 0.723531 0.0166183 0.36183 0.648555 -0.329697 0.190457 0.70925 -0.169036 0.0012331 0.780655 0.0166183 -0.148718 1.04485 0.30938 -0.113015 1.07342 0.334372 -0.152288 1.07342 0.273677 -0.17728 1.04128 0.337942 -0.17728 1.00558 0.330802 -0.187991 1.00558 0.30581 -0.184421 0.969879 0.341512 -0.220123 0.941317 0.337942 -0.205842 1.00201 0.352223 -0.198702 0.962738 0.377215 -0.187991 0.941317 0.387926 -0.248686 0.873482 0.362934 -0.191561 0.909185 0.402207 -0.187991 0.941317 0.387926 -0.220123 0.941317 0.337942 -0.248686 0.873482 0.362934 -0.212983 0.877052 0.412918 -0.191561 0.909185 0.402207 -0.237975 0.84492 0.395066 -0.212983 0.877052 0.412918 -0.255826 0.84135 0.427199 -0.280818 0.805647 0.44148 -0.255826 0.802077 0.416488 -0.273677 0.802077 0.395066 -0.298669 0.71282 0.416488 -0.262967 0.762804 0.423629 -0.277248 0.734242 0.466472 -0.280818 0.766374 0.452191 -0.284388 0.687828 0.480753 -0.277248 0.734242 0.466472 -0.323661 0.623563 0.459331 -0.31295 0.659266 0.487893 -0.316521 0.648555 0.434339 -0.348653 0.627134 0.487893 -0.337942 0.58429 0.473612 -0.337942 0.58429 0.44862 -0.348653 0.545018 0.477182 -0.366504 0.516455 0.470042 -0.366504 0.58429 0.491463 -0.366504 0.548588 0.495034 -0.370074 0.516455 0.495034 -0.0951641 1.10912 0.30581 -0.116586 1.14125 0.248686 -0.152288 1.07342 0.273677 -0.120156 1.18767 0.273677 -0.0880236 1.23051 0.255826 -0.0915938 1.23051 0.234404 -0.116586 1.14125 0.248686 -0.105875 1.14482 0.295099 -0.120156 1.18767 0.273677 -0.0915938 1.23051 0.234404 -0.0880236 1.23051 0.255826 -0.0951641 1.27692 0.241545 -0.0915938 1.23051 0.234404 -0.0951641 1.27692 0.241545 -0.0951641 1.32691 0.216553 -0.316521 0.648555 0.434339 -0.31295 0.659266 0.487893 -0.284388 0.687828 0.480753 -0.0951641 1.10912 0.30581 -0.105875 1.14482 0.295099 -0.116586 1.14125 0.248686 -0.152288 1.07342 0.273677 -0.113015 1.07342 0.334372 -0.0951641 1.10912 0.30581 -0.120156 1.18767 0.273677 -0.0915938 1.23051 0.234404 -0.116586 1.14125 0.248686 -0.316521 0.648555 0.434339 -0.284388 0.687828 0.480753 -0.298669 0.71282 0.416488 -0.366504 0.516455 0.470042 -0.380785 0.498604 0.455761 -0.370074 0.516455 0.495034 -0.155859 1.04485 0.30938 -0.166569 1.07342 0.262967 -0.113015 1.07342 0.334372 -0.17728 1.04128 0.337942 -0.184421 1.00558 0.330802 -0.202272 1.00915 0.295099 -0.195131 0.969879 0.341512 -0.237975 0.941317 0.327231 -0.205842 1.00201 0.352223 -0.198702 0.962738 0.377215 -0.187991 0.941317 0.387926 -0.266537 0.873482 0.355793 -0.237975 0.941317 0.327231 -0.187991 0.941317 0.387926 -0.191561 0.909185 0.402207 -0.266537 0.873482 0.355793 -0.191561 0.909185 0.402207 -0.212983 0.877052 0.412918 -0.277248 0.802077 0.416488 -0.291529 0.762804 0.423629 -0.320091 0.730671 0.402207 -0.295099 0.805647 0.380785 -0.277248 0.734242 0.466472 -0.255826 0.84492 0.395066 -0.280818 0.805647 0.44148 -0.255826 0.84135 0.427199 -0.212983 0.877052 0.412918 -0.266537 0.873482 0.355793 -0.280818 0.766374 0.452191 -0.355793 0.623563 0.459331 -0.341512 0.652125 0.420058 -0.31295 0.659266 0.487893 -0.348653 0.627134 0.487893 -0.370074 0.58429 0.473612 -0.359364 0.57358 0.43791 -0.380785 0.545018 0.477182 -0.380785 0.516455 0.462901 -0.366504 0.58429 0.491463 -0.366504 0.548588 0.495034 -0.370074 0.516455 0.495034 -0.0951641 1.10912 0.30581 -0.166569 1.07342 0.262967 -0.134437 1.14482 0.237975 -0.0951641 1.10912 0.30581 -0.105875 1.14482 0.295099 -0.0951641 1.10912 0.30581 -0.113015 1.07342 0.334372 -0.120156 1.18767 0.273677 -0.105875 1.23051 0.227264 -0.0880236 1.23051 0.255826 -0.134437 1.14482 0.237975 -0.120156 1.18767 0.273677 -0.105875 1.14482 0.295099 -0.105875 1.23051 0.227264 -0.0951641 1.27692 0.241545 -0.0880236 1.23051 0.255826 -0.105875 1.23051 0.227264 -0.0951641 1.32691 0.216553 -0.0951641 1.27692 0.241545 -0.320091 0.730671 0.402207 -0.277248 0.734242 0.466472 -0.284388 0.687828 0.480753 -0.341512 0.652125 0.420058 -0.284388 0.687828 0.480753 -0.284388 0.687828 0.480753 -0.31295 0.659266 0.487893 -0.120156 1.18767 0.273677 -0.134437 1.14482 0.237975 -0.105875 1.23051 0.227264 -0.380785 0.516455 0.462901 -0.370074 0.516455 0.495034 -0.380785 0.498604 0.455761 -0.184421 1.64823 0.0344695 -0.184421 1.65537 0.00233722 -0.184421 1.66251 0.00233722 -0.134437 1.63395 -0.0726384 -0.184421 1.65537 0.00233722 -0.18085 1.62681 -0.0619276 -0.212983 1.65537 -0.0012331 -0.273677 1.62681 -0.0654978 -0.255826 1.57682 -0.0976302 -0.284388 1.65537 -0.0012331 -0.280818 1.63038 0.0630317 -0.184421 1.61967 0.0630317 -0.259396 1.58039 0.102305 -0.166569 1.57682 0.109445 -0.220123 1.51613 0.134437 -0.366504 1.58039 0.0951641 -0.387926 1.63752 0.0630317 -0.398637 1.66251 -0.0012331 -0.391496 1.63395 -0.0654978 -0.373645 1.57325 -0.0976302 -0.348653 1.52327 -0.119052 -0.337942 1.51613 0.113015 -0.17014 1.44829 0.166569 -0.123726 1.51256 0.17371 -0.295099 1.45186 0.141578 -0.252256 1.40902 0.162999 -0.205842 1.36975 0.184421 -0.141578 1.39117 0.198702 -0.0844533 1.41973 0.212983 -0.102305 1.33405 0.220123 -0.0701723 1.51256 0.191561 -0.0523209 1.58039 0.155859 -0.159429 1.34476 0.198702 -0.0951641 1.58039 0.138007 -0.0416101 1.60539 0.138007 -0.134437 1.54112 0.145148 -0.0308993 1.60539 0.130867 -0.0451804 1.57682 0.152288 -0.0630317 1.50899 0.191561 -0.080883 1.41973 0.212983 -0.0951641 1.32691 0.216553 -0.162999 1.33762 0.195131 -0.205842 1.36261 0.17728 -0.252256 1.39831 0.159429 -0.302239 1.44829 0.138007 -0.348653 1.51613 0.109445 -0.377215 1.57682 0.0915938 -0.398637 1.63395 0.0630317 -0.409347 1.65894 -0.0012331 -0.402207 1.63038 -0.0654978 -0.384356 1.57325 -0.0940599 -0.355793 1.51613 -0.115482 -0.302239 1.45544 -0.133333 -0.220123 1.51256 -0.122622 -0.184421 1.44472 -0.136903 -0.141578 1.51256 -0.133333 -0.0880236 1.48757 -0.147614 -0.0915938 1.41259 -0.154754 0.0012331 1.40188 -0.161895 0.0012331 1.47686 -0.154754 -0.166569 1.57325 -0.108341 -0.255826 1.57682 -0.0976302 -0.080883 1.55183 -0.133333 0.0012331 1.54469 -0.144044 0.0012331 1.34476 -0.158325 -0.159429 1.39117 -0.147614 -0.234404 1.39117 -0.144044 -0.0951641 1.35904 -0.154754 -0.0951641 1.31619 -0.154754 0.0012331 1.29834 -0.158325 -0.166569 1.34476 -0.151184 -0.234404 1.38046 -0.140473 -0.30581 1.44829 -0.129763 -0.166569 1.33405 -0.144044 -0.0951641 1.30548 -0.147614 0.0012331 1.28763 -0.154754 0.0012331 1.60896 -0.115482 -0.0701723 1.60896 -0.111911 -0.152288 1.56254 0.130867 -0.166569 1.57682 0.109445 -0.162999 1.58396 0.113015 -0.152288 1.55897 0.127297 -0.166569 1.57682 0.109445 -0.184421 1.61967 0.0630317 -0.17371 1.60539 0.0880236 -0.134437 1.5554 0.141578 -0.0987343 1.58753 0.134437 -0.0951641 1.58039 0.138007 -0.134437 1.54112 0.145148 -0.148718 1.57325 0.130867 -0.152288 1.56254 0.130867 -0.0416101 1.60539 0.138007 -0.0487507 1.61253 0.130867 -0.0880236 1.63752 0.0844533 -0.159429 1.58753 0.116586 -0.166569 1.61253 0.0915938 -0.162999 1.58396 0.113015 -0.17371 1.60539 0.0880236 -0.17371 1.63395 0.0666019 -0.113015 1.65894 0.0487507 -0.17728 1.6518 0.0380399 -0.184421 1.64823 0.0344695 -0.18085 1.62681 0.0630317 -0.184421 1.66251 0.00233722 -0.17371 1.66965 0.00233722 -0.162999 1.6518 -0.0440763 -0.159429 1.65894 -0.040506 -0.109445 1.67322 -0.0297952 -0.130867 1.67322 0.00590748 -0.134437 1.63752 -0.0762087 -0.130867 1.64823 -0.0690681 -0.105875 1.62681 -0.0976302 -0.102305 1.63752 -0.0940599 -0.080883 1.67322 -0.0619276 -0.0701723 1.6161 -0.111911 -0.0701723 1.62681 -0.108341 -0.0344695 1.60896 -0.122622 -0.0344695 1.62324 -0.119052 -0.0416101 1.66965 -0.0762087 0.0012331 1.60896 -0.126192 0.0012331 1.61967 -0.122622 0.0012331 1.66965 -0.0869194 -0.184421 1.64823 0.0344695 -0.184421 1.61967 0.0630317 -0.184421 1.65537 0.00233722 -0.134437 1.63395 -0.0726384 -0.0701723 1.60896 -0.111911 -0.105875 1.62681 -0.0976302 -0.0701723 1.60896 -0.111911 0.0012331 1.60896 -0.115482 -0.0344695 1.60896 -0.122622 -0.0344695 1.60896 -0.122622 0.0012331 1.60896 -0.115482 0.0012331 1.60896 -0.126192 -0.105875 1.62681 -0.0976302 -0.0701723 1.60896 -0.111911 -0.0701723 1.6161 -0.111911 -0.134437 1.63752 -0.0762087 -0.162999 1.6518 -0.0440763 -0.134437 1.63395 -0.0726384 -0.184421 1.65537 0.00233722 -0.162999 1.6518 -0.0440763 -0.166569 1.57682 0.109445 -0.17371 1.60539 0.0880236 -0.162999 1.58396 0.113015 -0.152288 1.55897 0.127297 -0.0308993 1.60539 0.130867 -0.027329 1.62324 0.113015 -0.0308993 1.60539 0.130867 -0.0594614 1.63038 0.0987343 0.0012331 1.61967 0.123726 0.0012331 1.57682 0.159429 -0.0880236 1.63752 0.0844533 -0.0451804 1.57682 0.152288 0.0012331 1.64466 0.17728 -0.0237588 1.64823 0.18085 -0.0380399 1.64109 0.202272 -0.0737424 1.64466 0.198702 -0.0987343 1.6518 0.17371 -0.0915938 1.66251 0.148718 -0.105875 1.66965 0.127297 -0.113015 1.65894 0.0487507 -0.134437 1.67679 0.109445 -0.159429 1.67322 0.120156 -0.191561 1.68393 0.0987343 -0.198702 1.69464 0.0666019 -0.17014 1.69821 0.0523209 -0.17371 1.70178 0.0308993 -0.130867 1.67322 0.00590748 -0.109445 1.67322 -0.0297952 -0.17371 1.70535 0.00233722 -0.198702 1.70535 -0.00837362 -0.195131 1.70892 -0.0440763 -0.162999 1.70535 -0.0726384 -0.138007 1.70535 -0.0619276 -0.080883 1.67322 -0.0619276 -0.109445 1.70535 -0.0797789 -0.0951641 1.70535 -0.0976302 -0.0416101 1.66965 -0.0762087 -0.0987343 1.70535 -0.126192 -0.0737424 1.70892 -0.147614 -0.0380399 1.70535 -0.144044 -0.0237588 1.70535 -0.122622 0.0012331 1.66965 -0.0869194 0.0012331 1.70535 -0.119052 0.0012331 1.34476 -0.154754 -0.0915938 1.41259 -0.147614 0.0012331 1.40188 -0.154754 -0.0951641 1.35904 -0.147614 -0.0951641 1.30548 -0.147614 0.0012331 1.28763 -0.154754 -0.159429 1.3876 -0.144044 -0.184421 1.44472 -0.133333 -0.166569 1.33405 -0.144044 -0.234404 1.38046 -0.140473 -0.30581 1.44829 -0.129763 -0.220123 1.51256 -0.115482 -0.355793 1.51613 -0.115482 -0.255826 1.57325 -0.0904897 -0.384356 1.57325 -0.0940599 -0.277248 1.62324 -0.0619276 -0.402207 1.63038 -0.0654978 -0.287958 1.64823 -0.0012331 -0.409347 1.65894 -0.0012331 -0.273677 1.62324 0.0594614 -0.398637 1.63395 0.0630317 -0.252256 1.57325 0.0915938 -0.377215 1.57682 0.0915938 -0.348653 1.51613 0.109445 -0.216553 1.51256 0.120156 -0.302239 1.44829 0.138007 -0.17014 1.44829 0.152288 -0.252256 1.39831 0.159429 -0.205842 1.36261 0.17728 -0.141578 1.39117 0.18085 -0.162999 1.33762 0.195131 -0.0951641 1.32691 0.216553 -0.212983 1.49114 0.00590748 -0.223694 1.53041 0.0630317 -0.216553 1.51256 0.120156 -0.223694 1.50185 -0.0012331 -0.209413 1.45901 0.0166183 -0.202272 1.45544 0.0915938 -0.17014 1.44829 0.152288 -0.216553 1.39474 0.027329 -0.18085 1.39117 0.134437 -0.216553 1.33762 0.0380399 -0.17728 1.33405 0.138007 -0.17728 1.40188 -0.0797789 -0.17728 1.33762 -0.0654978 -0.18085 1.25907 -0.0583573 -0.0951641 1.2555 -0.122622 -0.105875 1.17695 -0.133333 0.0012331 1.17695 -0.144044 0.0012331 1.25193 -0.126192 -0.212983 1.17338 -0.0690681 -0.234404 1.25193 0.0523209 -0.270107 1.16267 0.0594614 -0.187991 1.24122 0.155859 -0.220123 1.15196 0.17371 -0.102305 1.33405 -0.126192 0.0012331 1.33405 -0.133333 -0.134437 1.14482 0.237975 -0.166569 1.07342 0.262967 -0.0915938 1.41259 -0.147614 0.0012331 1.40188 -0.154754 -0.184421 1.44472 -0.133333 -0.191561 1.45901 -0.0619276 -0.220123 1.51256 -0.115482 -0.209413 1.50185 -0.0619276 -0.223694 1.53041 -0.0512168 -0.255826 1.57325 -0.0904897 -0.262967 1.0877 0.195131 -0.330802 1.10198 0.0558912 -0.334372 0.962738 0.252256 -0.202272 1.00915 0.295099 -0.427199 0.98773 0.0487507 -0.402207 0.827068 0.287958 -0.509315 0.862771 0.0416101 -0.58429 0.719961 0.0308993 -0.462901 0.677117 0.30581 -0.612853 0.57358 0.187991 -0.423629 0.84849 -0.211879 -0.491463 0.705679 -0.265433 -0.348653 0.98416 -0.147614 -0.262967 1.10555 -0.0904897 -0.223694 0.809217 -0.36897 -0.259396 0.652125 -0.447516 -0.18085 0.962738 -0.279714 -0.138007 1.09841 -0.183317 0.0012331 0.959168 -0.308276 0.0012331 0.798506 -0.408243 0.0012331 1.09841 -0.197598 -0.634274 0.598571 -0.158325 -0.44148 0.555728 -0.443946 0.0012331 0.641415 -0.490359 -0.148718 0.512885 -0.551054 0.0012331 0.509315 -0.561765 0.0012331 0.484323 -0.558194 -0.148718 0.491463 -0.551054 -0.291529 0.505745 -0.515351 -0.291529 0.523596 -0.518921 -0.44148 0.537877 -0.443946 -0.552158 0.566439 -0.315416 -0.552158 0.58429 -0.318987 -0.634274 0.57715 -0.158325 -0.648555 0.57358 0.0237588 -0.648555 0.595001 0.0237588 -0.609282 0.552158 0.184421 -0.516455 0.523596 0.320091 -0.516455 0.545018 0.327231 -0.380785 0.498604 0.455761 -0.380785 0.516455 0.462901 -0.359364 0.57358 0.43791 -0.341512 0.652125 0.420058 -0.320091 0.730671 0.402207 -0.295099 0.805647 0.380785 -0.266537 0.873482 0.355793 -0.237975 0.941317 0.327231 -0.534307 1.62681 0.0666019 -0.619993 1.63752 0.0773128 -0.619993 1.65894 -0.0012331 -0.534307 1.6518 -0.0012331 -0.534307 1.57325 0.0951641 -0.619993 1.57682 0.113015 -0.534307 1.49471 0.0666019 -0.619993 1.46615 0.0951641 -0.534307 1.4233 -0.0012331 -0.623563 1.3876 -0.0012331 -0.491463 1.57325 0.0880236 -0.491463 1.62324 0.0630317 -0.44505 1.57325 0.0844533 -0.44505 1.62324 0.0594614 -0.491463 1.64823 -0.0012331 -0.44505 1.64466 -0.0012331 -0.44505 1.50899 0.0594614 -0.491463 1.50185 0.0630317 -0.44505 1.44829 -0.0012331 -0.491463 1.44115 -0.0012331 -0.252256 1.57325 0.0915938 -0.273677 1.62324 0.0594614 -0.287958 1.64823 -0.0012331 -0.223694 1.50185 -0.0012331 -0.223694 1.53041 0.0630317 -0.734242 1.37332 -0.0012331 -0.734242 1.40902 0.0594614 -0.719961 1.45901 0.109445 -0.727101 1.51613 0.127297 -0.734242 1.57325 0.130867 -0.719961 1.60896 0.120156 -0.730671 1.63752 0.0915938 -0.737812 1.65537 0.0487507 -0.719961 1.66251 -0.0012331 -0.534307 1.49471 -0.0690681 -0.619993 1.46615 -0.0940599 -0.623563 1.3876 -0.0012331 -0.534307 1.4233 -0.0012331 -0.534307 1.57325 -0.0976302 -0.619993 1.57682 -0.115482 -0.534307 1.62681 -0.0690681 -0.619993 1.63752 -0.0797789 -0.534307 1.6518 -0.0012331 -0.619993 1.65894 -0.0012331 -0.491463 1.64823 -0.0012331 -0.491463 1.62324 -0.0619276 -0.44505 1.64466 -0.0012331 -0.44505 1.62324 -0.0619276 -0.491463 1.57325 -0.0904897 -0.44505 1.57325 -0.0869194 -0.491463 1.50185 -0.0619276 -0.44505 1.50899 -0.0619276 -0.491463 1.44115 -0.0012331 -0.44505 1.44829 -0.0012331 -0.287958 1.64823 -0.0012331 -0.277248 1.62324 -0.0619276 -0.255826 1.57325 -0.0904897 -0.223694 1.50185 -0.0012331 -0.223694 1.53041 -0.0512168 -0.113015 1.14125 0.252256 -0.0915938 1.23051 0.234404 0.0012331 1.23051 0.262967 0.0012331 1.13768 0.284388 0.0012331 1.32334 0.237975 -0.0951641 1.32691 0.216553 0.0012331 1.41973 0.227264 -0.080883 1.41973 0.212983 0.0012331 1.51256 0.198702 -0.0630317 1.50899 0.191561 0.0012331 1.57682 0.159429 -0.0451804 1.57682 0.152288 0.0012331 1.05914 0.327231 -0.134437 1.06985 0.287958 0.0012331 0.923466 0.412918 -0.17371 0.934176 0.362934 0.0012331 0.780655 0.487893 -0.209413 0.791366 0.430769 -0.245115 0.637844 0.477182 0.0012331 0.623563 0.545018 -0.141578 0.491463 0.57358 -0.277248 0.502174 0.523596 0.0012331 0.484323 0.602142 0.0012331 0.466472 0.598571 -0.141578 0.473612 0.566439 -0.277248 0.484323 0.516455 -0.187991 1.00558 0.30581 -0.152288 1.07342 0.273677 -0.116586 1.14125 0.248686 -0.220123 0.941317 0.337942 -0.298669 0.71282 0.416488 -0.273677 0.802077 0.395066 -0.248686 0.873482 0.362934 -0.366504 0.516455 0.470042 -0.337942 0.58429 0.44862 -0.316521 0.648555 0.434339 -0.380785 0.498604 0.455761 -0.141578 1.39117 0.18085 -0.0951641 1.32691 0.216553 -0.105875 1.23051 0.227264 -0.252256 1.57325 0.0915938 -0.734242 1.65537 -0.0476465 -0.719961 1.66251 -0.0012331 -0.727101 1.63752 -0.0904897 -0.719961 1.60896 -0.119052 -0.734242 1.57325 -0.129763 -0.727101 1.51613 -0.129763 -0.719961 1.45901 -0.111911 -0.734242 1.40902 -0.0583573 -0.734242 1.37332 -0.0012331 -0.727101 1.51613 0.127297 -0.719961 1.45901 0.109445 -0.662836 1.55897 -0.0012331 -0.734242 1.40902 0.0594614 -0.734242 1.37332 -0.0012331 -0.734242 1.57325 0.130867 -0.719961 1.60896 0.120156 -0.730671 1.63752 0.0915938 -0.737812 1.65537 0.0487507 -0.719961 1.66251 -0.0012331 -0.734242 1.37332 -0.0012331 -0.734242 1.40902 -0.0583573 -0.662836 1.55897 -0.0012331 -0.719961 1.45901 -0.111911 -0.727101 1.51613 -0.129763 -0.734242 1.57325 -0.129763 -0.719961 1.60896 -0.119052 -0.727101 1.63752 -0.0904897 -0.734242 1.65537 -0.0476465 -0.719961 1.66251 -0.0012331 -0.109445 1.70535 -0.0797789 -0.0951641 1.70535 -0.0976302 -0.0416101 1.6875 -0.0904897 -0.138007 1.70535 -0.0619276 -0.113015 1.6875 -0.0333654 -0.162999 1.70535 -0.0726384 -0.195131 1.70892 -0.0440763 -0.198702 1.70535 -0.00837362 -0.17371 1.70535 0.00233722 -0.17371 1.70178 0.0308993 -0.17014 1.69821 0.0523209 -0.116586 1.67679 0.0523209 -0.198702 1.69464 0.0666019 -0.191561 1.68393 0.0987343 -0.159429 1.67322 0.120156 -0.134437 1.67679 0.109445 -0.105875 1.66965 0.127297 -0.0451804 1.64823 0.113015 -0.0915938 1.66251 0.148718 -0.0987343 1.6518 0.17371 -0.0737424 1.64466 0.198702 -0.0380399 1.64109 0.202272 -0.0237588 1.64823 0.18085 0.0012331 1.64466 0.17728 0.0012331 1.64823 0.109445 0.0012331 1.63395 0.00233722 0.0012331 1.6875 -0.0762087 -0.0237588 1.70535 -0.122622 -0.0380399 1.70535 -0.144044 -0.0737424 1.70892 -0.147614 -0.0987343 1.70535 -0.126192 0.0012331 1.70535 -0.119052 -0.0701723 1.60896 -0.111911 -0.0344695 1.60896 -0.122622 -0.0701723 1.6161 -0.111911 -0.134437 1.63395 -0.0726384 -0.105875 1.62681 -0.0976302 -0.134437 1.63752 -0.0762087 -0.184421 1.65537 0.00233722 -0.162999 1.6518 -0.0440763 -0.184421 1.66251 0.00233722 -0.184421 1.64823 0.0344695 -0.18085 1.62681 0.0630317 -0.184421 1.61967 0.0630317 -0.17371 1.60539 0.0880236 -0.184421 1.61967 0.0630317 -0.18085 1.62681 0.0630317 -0.152288 1.56254 0.130867 -0.134437 1.54112 0.145148 -0.152288 1.55897 0.127297 0.186887 1.64823 0.0344695 0.183317 1.66251 0.00233722 0.183317 1.65537 0.00233722 0.136903 1.63395 -0.0726384 0.179746 1.62681 -0.0619276 0.183317 1.65537 0.00233722 0.211879 1.65537 -0.0012331 0.276143 1.62681 -0.0654978 0.283284 1.65537 -0.0012331 0.390392 1.63395 -0.0654978 0.279714 1.63038 0.0630317 0.386822 1.63752 0.0630317 0.258292 1.58039 0.102305 0.183317 1.61967 0.0630317 0.165465 1.57682 0.109445 0.219019 1.51613 0.134437 0.36897 1.58039 0.0951641 0.340408 1.51613 0.113015 0.172606 1.44829 0.166569 0.122622 1.51256 0.17371 0.293995 1.45186 0.141578 0.251152 1.40902 0.162999 0.204738 1.36975 0.184421 0.140473 1.39117 0.198702 0.0869194 1.41973 0.212983 0.104771 1.33405 0.220123 0.0690681 1.51256 0.191561 0.0512168 1.58039 0.155859 0.161895 1.34476 0.198702 0.136903 1.54112 0.145148 0.0940599 1.58039 0.138007 0.040506 1.60539 0.138007 0.0333654 1.60539 0.130867 0.0440763 1.57682 0.152288 0.0619276 1.50899 0.191561 0.0797789 1.41973 0.212983 0.0976302 1.32691 0.216553 0.161895 1.33762 0.195131 0.208308 1.36261 0.17728 0.254722 1.39831 0.159429 0.304706 1.44829 0.138007 0.347549 1.51613 0.109445 0.376111 1.57682 0.0915938 0.397533 1.63395 0.0630317 0.401103 1.66251 -0.0012331 0.411814 1.65894 -0.0012331 0.401103 1.63038 -0.0654978 0.376111 1.57325 -0.0976302 0.386822 1.57325 -0.0940599 0.347549 1.52327 -0.119052 0.354689 1.51613 -0.115482 0.301135 1.45544 -0.133333 0.219019 1.51256 -0.122622 0.258292 1.57682 -0.0976302 0.169036 1.57325 -0.108341 0.140473 1.51256 -0.133333 0.186887 1.44472 -0.136903 0.0869194 1.48757 -0.147614 0.0940599 1.41259 -0.154754 0.0012331 1.40188 -0.161895 0.0012331 1.47686 -0.154754 0.0833492 1.55183 -0.133333 0.0012331 1.54469 -0.144044 0.0012331 1.34476 -0.158325 0.158325 1.39117 -0.147614 0.2333 1.39117 -0.144044 0.0940599 1.35904 -0.154754 0.0976302 1.31619 -0.154754 0.0012331 1.29834 -0.158325 0.165465 1.34476 -0.151184 0.236871 1.38046 -0.136903 0.308276 1.44829 -0.129763 0.165465 1.33405 -0.144044 0.0976302 1.30548 -0.147614 0.0012331 1.28763 -0.154754 0.0012331 1.60896 -0.115482 0.0726384 1.60896 -0.111911 0.258292 1.57682 -0.0976302 0.151184 1.56254 0.130867 0.165465 1.58396 0.113015 0.165465 1.57682 0.109445 0.154754 1.55897 0.127297 0.165465 1.57682 0.109445 0.176176 1.60539 0.0880236 0.183317 1.61967 0.0630317 0.133333 1.5554 0.141578 0.136903 1.54112 0.145148 0.0940599 1.58039 0.138007 0.101201 1.58753 0.134437 0.147614 1.57325 0.130867 0.151184 1.56254 0.130867 0.040506 1.60539 0.138007 0.0476465 1.61253 0.130867 0.0869194 1.63752 0.0844533 0.158325 1.58753 0.116586 0.169036 1.61253 0.0915938 0.165465 1.58396 0.113015 0.176176 1.60539 0.0880236 0.172606 1.63395 0.0666019 0.111911 1.65894 0.0487507 0.176176 1.6518 0.0380399 0.186887 1.64823 0.0344695 0.179746 1.62681 0.0630317 0.183317 1.66251 0.00233722 0.172606 1.66965 0.00233722 0.165465 1.6518 -0.0440763 0.158325 1.65894 -0.040506 0.111911 1.67322 -0.0297952 0.129763 1.67322 0.00590748 0.136903 1.63752 -0.0762087 0.133333 1.64823 -0.0690681 0.104771 1.62681 -0.0976302 0.101201 1.63752 -0.0940599 0.0833492 1.67322 -0.0619276 0.0726384 1.6161 -0.111911 0.0690681 1.62681 -0.108341 0.0369357 1.60896 -0.122622 0.0369357 1.62324 -0.119052 0.040506 1.66965 -0.0762087 0.0012331 1.60896 -0.126192 0.0012331 1.61967 -0.122622 0.0012331 1.66965 -0.0869194 0.186887 1.64823 0.0344695 0.183317 1.65537 0.00233722 0.183317 1.61967 0.0630317 0.136903 1.63395 -0.0726384 0.104771 1.62681 -0.0976302 0.0726384 1.60896 -0.111911 0.0726384 1.60896 -0.111911 0.0369357 1.60896 -0.122622 0.0012331 1.60896 -0.115482 0.0369357 1.60896 -0.122622 0.0012331 1.60896 -0.126192 0.0012331 1.60896 -0.115482 0.104771 1.62681 -0.0976302 0.0726384 1.6161 -0.111911 0.0726384 1.60896 -0.111911 0.136903 1.63752 -0.0762087 0.136903 1.63395 -0.0726384 0.165465 1.6518 -0.0440763 0.183317 1.65537 0.00233722 0.165465 1.6518 -0.0440763 0.165465 1.57682 0.109445 0.165465 1.58396 0.113015 0.176176 1.60539 0.0880236 0.154754 1.55897 0.127297 0.0333654 1.60539 0.130867 0.0262249 1.62324 0.113015 0.0583573 1.63038 0.0987343 0.0333654 1.60539 0.130867 0.0012331 1.61967 0.123726 0.0869194 1.63752 0.0844533 0.0012331 1.57682 0.159429 0.0440763 1.57682 0.152288 0.0012331 1.64466 0.17728 0.0226547 1.64823 0.18085 0.0369357 1.64109 0.202272 0.0726384 1.64466 0.198702 0.0976302 1.6518 0.17371 0.0940599 1.66251 0.148718 0.108341 1.66965 0.127297 0.111911 1.65894 0.0487507 0.133333 1.67679 0.109445 0.161895 1.67322 0.120156 0.194027 1.68393 0.0987343 0.197598 1.69464 0.0666019 0.172606 1.69821 0.0523209 0.172606 1.70178 0.0308993 0.129763 1.67322 0.00590748 0.111911 1.67322 -0.0297952 0.172606 1.70535 0.00233722 0.197598 1.70535 -0.00837362 0.194027 1.70892 -0.0440763 0.161895 1.70535 -0.0726384 0.136903 1.70535 -0.0619276 0.0833492 1.67322 -0.0619276 0.111911 1.70535 -0.0797789 0.0976302 1.70535 -0.0976302 0.040506 1.66965 -0.0762087 0.101201 1.70535 -0.126192 0.0762087 1.70892 -0.147614 0.040506 1.70535 -0.144044 0.0262249 1.70535 -0.122622 0.0012331 1.66965 -0.0869194 0.0012331 1.70535 -0.119052 0.0012331 1.34476 -0.154754 0.0012331 1.40188 -0.154754 0.0904897 1.41259 -0.147614 0.0940599 1.35904 -0.147614 0.0976302 1.30548 -0.147614 0.0012331 1.28763 -0.154754 0.158325 1.3876 -0.144044 0.183317 1.44472 -0.133333 0.165465 1.33405 -0.144044 0.236871 1.38046 -0.136903 0.308276 1.44829 -0.129763 0.219019 1.51256 -0.115482 0.354689 1.51613 -0.115482 0.258292 1.57325 -0.0904897 0.386822 1.57325 -0.0940599 0.276143 1.62324 -0.0619276 0.401103 1.63038 -0.0654978 0.286854 1.64823 -0.0012331 0.411814 1.65894 -0.0012331 0.272573 1.62324 0.0594614 0.397533 1.63395 0.0630317 0.251152 1.57325 0.0915938 0.376111 1.57682 0.0915938 0.347549 1.51613 0.109445 0.215449 1.51256 0.120156 0.304706 1.44829 0.138007 0.169036 1.44829 0.152288 0.254722 1.39831 0.159429 0.208308 1.36261 0.17728 0.140473 1.39117 0.18085 0.161895 1.33762 0.195131 0.0976302 1.32691 0.216553 0.222589 1.53041 -0.0512168 0.443946 1.50899 -0.0619276 0.443946 1.57325 -0.0869194 0.258292 1.57325 -0.0904897 0.276143 1.62324 -0.0619276 0.443946 1.62324 -0.0619276 0.443946 1.64466 -0.0012331 0.286854 1.64823 -0.0012331 0.443946 1.44829 -0.0012331 0.22616 1.50185 -0.0012331 0.490359 1.62324 -0.0619276 0.490359 1.64823 -0.0012331 0.490359 1.57325 -0.0904897 0.490359 1.50185 -0.0619276 0.490359 1.44115 -0.0012331 0.536773 1.62681 -0.0690681 0.536773 1.6518 -0.0012331 0.622459 1.63752 -0.0797789 0.622459 1.57682 -0.115482 0.536773 1.57325 -0.0976302 0.622459 1.46615 -0.0940599 0.536773 1.49471 -0.0690681 0.622459 1.3876 -0.0012331 0.536773 1.4233 -0.0012331 0.622459 1.65894 -0.0012331 0.733137 1.65537 -0.0476465 0.718856 1.60896 -0.119052 0.729567 1.51613 -0.129763 0.733137 1.40902 -0.0583573 0.718856 1.66251 -0.0012331 0.729567 1.63752 -0.0904897 0.733137 1.57325 -0.129763 0.718856 1.45901 -0.111911 0.733137 1.37332 -0.0012331 0.443946 1.64466 -0.0012331 0.443946 1.62324 0.0594614 0.272573 1.62324 0.0594614 0.286854 1.64823 -0.0012331 0.443946 1.57325 0.0844533 0.251152 1.57325 0.0915938 0.443946 1.50899 0.0594614 0.222589 1.53041 0.0630317 0.443946 1.44829 -0.0012331 0.22616 1.50185 -0.0012331 0.490359 1.62324 0.0630317 0.490359 1.57325 0.0880236 0.490359 1.64823 -0.0012331 0.490359 1.50185 0.0630317 0.490359 1.44115 -0.0012331 0.536773 1.62681 0.0666019 0.536773 1.57325 0.0951641 0.622459 1.63752 0.0773128 0.622459 1.65894 -0.0012331 0.536773 1.6518 -0.0012331 0.622459 1.57682 0.113015 0.536773 1.49471 0.0666019 0.622459 1.46615 0.0951641 0.536773 1.4233 -0.0012331 0.622459 1.3876 -0.0012331 0.718856 1.60896 0.120156 0.736708 1.65537 0.0487507 0.729567 1.51613 0.127297 0.733137 1.40902 0.0594614 0.733137 1.37332 -0.0012331 0.718856 1.45901 0.109445 0.733137 1.57325 0.130867 0.733137 1.63752 0.0915938 0.718856 1.66251 -0.0012331 0.215449 1.49114 0.00590748 0.215449 1.51256 0.120156 0.222589 1.53041 0.0630317 0.22616 1.50185 -0.0012331 0.208308 1.45901 0.0166183 0.201168 1.45544 0.0915938 0.169036 1.44829 0.152288 0.219019 1.39474 0.027329 0.179746 1.39117 0.134437 0.215449 1.33762 0.0380399 0.176176 1.33405 0.138007 0.176176 1.40188 -0.0797789 0.176176 1.33762 -0.0654978 0.183317 1.25907 -0.0583573 0.0940599 1.2555 -0.122622 0.108341 1.17695 -0.133333 0.0012331 1.17695 -0.144044 0.0012331 1.25193 -0.126192 0.211879 1.17338 -0.0690681 0.2333 1.25193 0.0523209 0.269003 1.16267 0.0594614 0.136903 1.09841 -0.183317 0.0012331 1.09841 -0.197598 0.265433 1.10555 -0.0904897 0.329697 1.10198 0.0558912 0.261862 1.0877 0.195131 0.219019 1.15196 0.17371 0.186887 1.24122 0.155859 0.0012331 0.959168 -0.308276 0.183317 0.962738 -0.279714 0.347549 0.98416 -0.147614 0.426095 0.98773 0.0487507 0.336838 0.962738 0.252256 0.136903 1.14482 0.237975 0.165465 1.07342 0.262967 0.0012331 0.798506 -0.408243 0.222589 0.809217 -0.36897 0.426095 0.84849 -0.211879 0.511781 0.862771 0.0416101 0.404673 0.827068 0.287958 0.461797 0.677117 0.30581 0.583186 0.719961 0.0308993 0.611748 0.57358 0.187991 0.49393 0.705679 -0.265433 0.63674 0.598571 -0.158325 0.258292 0.652125 -0.447516 0.440376 0.555728 -0.443946 0.0012331 0.641415 -0.490359 0.318987 0.730671 0.402207 0.297565 0.805647 0.380785 0.265433 0.873482 0.355793 0.340408 0.652125 0.420058 0.36183 0.57358 0.43791 0.515351 0.545018 0.327231 0.379681 0.516455 0.462901 0.236871 0.941317 0.327231 0.201168 1.00915 0.295099 0.379681 0.498604 0.455761 0.515351 0.523596 0.320091 0.611748 0.552158 0.184421 0.651021 0.595001 0.0237588 0.647451 0.57358 0.0237588 0.63317 0.57715 -0.158325 0.551054 0.58429 -0.318987 0.554624 0.566439 -0.315416 0.440376 0.537877 -0.443946 0.290425 0.523596 -0.518921 0.290425 0.505745 -0.515351 0.147614 0.512885 -0.551054 0.151184 0.491463 -0.551054 0.0012331 0.484323 -0.558194 0.0012331 0.509315 -0.561765 0.222589 1.53041 -0.0512168 0.208308 1.50185 -0.0619276 0.219019 1.51256 -0.115482 0.258292 1.57325 -0.0904897 0.190457 1.45901 -0.0619276 0.183317 1.44472 -0.133333 0.0904897 1.41259 -0.147614 0.101201 1.33405 -0.126192 0.0012331 1.33405 -0.133333 0.0012331 1.40188 -0.154754 0.111911 1.14125 0.252256 0.0012331 1.13768 0.284388 0.0012331 1.23051 0.262967 0.0904897 1.23051 0.234404 0.0012331 1.05914 0.327231 0.133333 1.06985 0.287958 0.172606 0.934176 0.362934 0.0012331 0.923466 0.412918 0.0012331 1.32334 0.237975 0.0976302 1.32691 0.216553 0.0012331 1.41973 0.227264 0.0797789 1.41973 0.212983 0.0012331 1.51256 0.198702 0.0619276 1.50899 0.191561 0.0012331 1.57682 0.159429 0.0440763 1.57682 0.152288 0.208308 0.791366 0.430769 0.0012331 0.780655 0.487893 0.0012331 0.623563 0.545018 0.244011 0.637844 0.477182 0.140473 0.491463 0.57358 0.276143 0.502174 0.523596 0.0012331 0.484323 0.602142 0.0012331 0.466472 0.598571 0.140473 0.473612 0.566439 0.276143 0.484323 0.516455 0.301135 0.71282 0.416488 0.272573 0.802077 0.395066 0.251152 0.873482 0.362934 0.222589 0.941317 0.337942 0.190457 1.00558 0.30581 0.151184 1.07342 0.273677 0.119052 1.14125 0.248686 0.36897 0.516455 0.470042 0.379681 0.498604 0.455761 0.315416 0.648555 0.434339 0.336838 0.58429 0.44862 0.140473 1.39117 0.18085 0.0976302 1.32691 0.216553 0.104771 1.23051 0.227264 0.251152 1.57325 0.0915938 0.729567 1.51613 0.127297 0.665302 1.55897 -0.0012331 0.718856 1.45901 0.109445 0.733137 1.40902 0.0594614 0.733137 1.37332 -0.0012331 0.733137 1.57325 0.130867 0.718856 1.60896 0.120156 0.733137 1.63752 0.0915938 0.736708 1.65537 0.0487507 0.718856 1.66251 -0.0012331 0.733137 1.37332 -0.0012331 0.665302 1.55897 -0.0012331 0.733137 1.40902 -0.0583573 0.718856 1.45901 -0.111911 0.729567 1.51613 -0.129763 0.733137 1.57325 -0.129763 0.718856 1.60896 -0.119052 0.729567 1.63752 -0.0904897 0.733137 1.65537 -0.0476465 0.718856 1.66251 -0.0012331 0.111911 1.70535 -0.0797789 0.040506 1.6875 -0.0904897 0.0976302 1.70535 -0.0976302 0.136903 1.70535 -0.0619276 0.111911 1.6875 -0.0333654 0.161895 1.70535 -0.0726384 0.194027 1.70892 -0.0440763 0.197598 1.70535 -0.00837362 0.172606 1.70535 0.00233722 0.172606 1.70178 0.0308993 0.172606 1.69821 0.0523209 0.115482 1.67679 0.0523209 0.197598 1.69464 0.0666019 0.194027 1.68393 0.0987343 0.161895 1.67322 0.120156 0.133333 1.67679 0.109445 0.108341 1.66965 0.127297 0.0476465 1.64823 0.113015 0.0940599 1.66251 0.148718 0.0976302 1.6518 0.17371 0.0726384 1.64466 0.198702 0.0369357 1.64109 0.202272 0.0226547 1.64823 0.18085 0.0012331 1.64466 0.17728 0.0012331 1.64823 0.109445 0.0012331 1.63395 0.00233722 0.0012331 1.6875 -0.0762087 0.0262249 1.70535 -0.122622 0.040506 1.70535 -0.144044 0.0762087 1.70892 -0.147614 0.101201 1.70535 -0.126192 0.0012331 1.70535 -0.119052 0.0726384 1.60896 -0.111911 0.0726384 1.6161 -0.111911 0.0369357 1.60896 -0.122622 0.136903 1.63395 -0.0726384 0.136903 1.63752 -0.0762087 0.104771 1.62681 -0.0976302 0.183317 1.65537 0.00233722 0.183317 1.66251 0.00233722 0.165465 1.6518 -0.0440763 0.186887 1.64823 0.0344695 0.183317 1.61967 0.0630317 0.179746 1.62681 0.0630317 0.176176 1.60539 0.0880236 0.179746 1.62681 0.0630317 0.183317 1.61967 0.0630317 0.151184 1.56254 0.130867 0.154754 1.55897 0.127297 0.136903 1.54112 0.145148 0.158325 1.04485 0.30938 0.115482 1.07342 0.334372 0.165465 1.07342 0.262967 0.176176 1.04128 0.337942 0.183317 1.00558 0.330802 0.201168 1.00915 0.295099 0.194027 0.969879 0.341512 0.236871 0.941317 0.327231 0.204738 1.00201 0.352223 0.197598 0.962738 0.377215 0.186887 0.941317 0.387926 0.265433 0.873482 0.355793 0.190457 0.909185 0.402207 0.186887 0.941317 0.387926 0.236871 0.941317 0.327231 0.265433 0.873482 0.355793 0.211879 0.877052 0.412918 0.190457 0.909185 0.402207 0.279714 0.802077 0.416488 0.297565 0.805647 0.380785 0.318987 0.730671 0.402207 0.290425 0.762804 0.423629 0.279714 0.734242 0.466472 0.258292 0.84492 0.395066 0.279714 0.805647 0.44148 0.254722 0.84135 0.427199 0.211879 0.877052 0.412918 0.265433 0.873482 0.355793 0.279714 0.766374 0.452191 0.354689 0.623563 0.459331 0.311846 0.659266 0.487893 0.340408 0.652125 0.420058 0.347549 0.627134 0.487893 0.372541 0.58429 0.473612 0.36183 0.57358 0.43791 0.383251 0.545018 0.477182 0.379681 0.516455 0.462901 0.36897 0.58429 0.491463 0.36897 0.548588 0.495034 0.36897 0.516455 0.495034 0.0940599 1.10912 0.30581 0.136903 1.14482 0.237975 0.165465 1.07342 0.262967 0.0940599 1.10912 0.30581 0.108341 1.14482 0.295099 0.115482 1.07342 0.334372 0.0940599 1.10912 0.30581 0.122622 1.18767 0.273677 0.0869194 1.23051 0.255826 0.104771 1.23051 0.227264 0.136903 1.14482 0.237975 0.108341 1.14482 0.295099 0.122622 1.18767 0.273677 0.104771 1.23051 0.227264 0.0869194 1.23051 0.255826 0.0976302 1.27692 0.241545 0.104771 1.23051 0.227264 0.0976302 1.27692 0.241545 0.0976302 1.32691 0.216553 0.318987 0.730671 0.402207 0.283284 0.687828 0.480753 0.279714 0.734242 0.466472 0.340408 0.652125 0.420058 0.283284 0.687828 0.480753 0.340408 0.652125 0.420058 0.311846 0.659266 0.487893 0.283284 0.687828 0.480753 0.122622 1.18767 0.273677 0.104771 1.23051 0.227264 0.136903 1.14482 0.237975 0.379681 0.516455 0.462901 0.379681 0.498604 0.455761 0.36897 0.516455 0.495034 0.147614 1.04485 0.30938 0.151184 1.07342 0.273677 0.115482 1.07342 0.334372 0.176176 1.04128 0.337942 0.176176 1.00558 0.330802 0.190457 1.00558 0.30581 0.183317 0.969879 0.341512 0.222589 0.941317 0.337942 0.204738 1.00201 0.352223 0.197598 0.962738 0.377215 0.186887 0.941317 0.387926 0.251152 0.873482 0.362934 0.222589 0.941317 0.337942 0.186887 0.941317 0.387926 0.190457 0.909185 0.402207 0.251152 0.873482 0.362934 0.190457 0.909185 0.402207 0.211879 0.877052 0.412918 0.236871 0.84492 0.395066 0.211879 0.877052 0.412918 0.254722 0.84135 0.427199 0.279714 0.805647 0.44148 0.254722 0.802077 0.416488 0.272573 0.802077 0.395066 0.301135 0.71282 0.416488 0.265433 0.762804 0.423629 0.279714 0.734242 0.466472 0.279714 0.766374 0.452191 0.279714 0.734242 0.466472 0.283284 0.687828 0.480753 0.322557 0.623563 0.459331 0.315416 0.648555 0.434339 0.311846 0.659266 0.487893 0.347549 0.627134 0.487893 0.336838 0.58429 0.473612 0.336838 0.58429 0.44862 0.347549 0.545018 0.477182 0.36897 0.516455 0.470042 0.36897 0.58429 0.491463 0.36897 0.548588 0.495034 0.36897 0.516455 0.495034 0.0940599 1.10912 0.30581 0.151184 1.07342 0.273677 0.119052 1.14125 0.248686 0.122622 1.18767 0.273677 0.0904897 1.23051 0.234404 0.0869194 1.23051 0.255826 0.119052 1.14125 0.248686 0.122622 1.18767 0.273677 0.108341 1.14482 0.295099 0.0904897 1.23051 0.234404 0.0976302 1.27692 0.241545 0.0869194 1.23051 0.255826 0.0904897 1.23051 0.234404 0.0976302 1.32691 0.216553 0.0976302 1.27692 0.241545 0.315416 0.648555 0.434339 0.283284 0.687828 0.480753 0.311846 0.659266 0.487893 0.0940599 1.10912 0.30581 0.119052 1.14125 0.248686 0.108341 1.14482 0.295099 0.151184 1.07342 0.273677 0.0940599 1.10912 0.30581 0.115482 1.07342 0.334372 0.122622 1.18767 0.273677 0.119052 1.14125 0.248686 0.0904897 1.23051 0.234404 0.315416 0.648555 0.434339 0.301135 0.71282 0.416488 0.283284 0.687828 0.480753 0.36897 0.516455 0.470042 0.36897 0.516455 0.495034 0.379681 0.498604 0.455761 0.486789 0.880622 0.145148 0.490359 0.855631 0.148718 0.490359 0.859201 0.141578 0.490359 0.880622 0.141578 0.50107 0.880622 0.148718 0.511781 0.862771 0.148718 0.511781 0.866341 0.155859 0.518921 0.84849 0.155859 0.511781 0.834209 0.152288 0.511781 0.837779 0.148718 0.490359 0.855631 0.148718 0.490359 0.859201 0.141578 0.50107 0.862771 0.184421 0.50464 0.84492 0.184421 0.486789 0.880622 0.18085 0.476078 0.877052 0.17371 0.479649 0.85206 0.17014 0.479649 0.85206 0.17014 0.50107 0.834209 0.18085 0.476078 0.855631 0.17371 0.472508 0.877052 0.17728 0.4975 0.859201 0.187991 0.4975 0.834209 0.184421 0.476078 0.855631 0.17371 0.511781 0.912755 0.0630317 0.483219 0.912755 0.0915938 0.4975 0.934176 0.027329 0.511781 0.862771 0.148718 0.536773 0.866341 0.0666019 0.554624 0.823498 0.0773128 0.511781 0.837779 0.148718 0.543913 0.802077 0.105875 0.554624 0.787795 0.0523209 0.490359 0.880622 0.141578 0.551054 0.787795 0.0344695 0.508211 0.912755 0.013048 0.50107 0.934176 0.0166183 0.529632 0.837779 0.0237588 0.511781 0.877052 0.00590748 0.486789 0.934176 0.027329 0.490359 0.930606 0.00590748 0.4975 0.912755 0.00233722 0.522492 0.805647 0.0773128 0.543913 0.802077 0.105875 0.554624 0.787795 0.0523209 0.490359 0.859201 0.141578 0.490359 0.84135 0.0666019 0.476078 0.884193 0.0594614 0.511781 0.837779 0.148718 0.490359 0.880622 0.141578 0.483219 0.912755 0.0915938 0.486789 0.934176 0.027329 0.551054 0.787795 0.0344695 0.529632 0.837779 0.0237588 0.511781 0.877052 0.00590748 0.4975 0.912755 0.00233722 0.490359 0.930606 0.00590748 0.429665 0.894903 0.252256 0.390392 0.912755 0.266537 0.429665 0.902044 0.209413 0.4975 0.859201 0.187991 0.454657 0.84849 0.262967 0.472508 0.809217 0.259396 0.4975 0.834209 0.184421 0.486789 0.791366 0.230834 0.458227 0.766374 0.270107 0.472508 0.877052 0.17728 0.443946 0.766374 0.284388 0.390392 0.887763 0.280818 0.383251 0.909185 0.277248 0.411814 0.823498 0.277248 0.390392 0.85206 0.284388 0.383251 0.912755 0.259396 0.372541 0.905614 0.277248 0.372541 0.887763 0.280818 0.454657 0.791366 0.234404 0.458227 0.766374 0.270107 0.486789 0.791366 0.230834 0.476078 0.855631 0.17371 0.422524 0.827068 0.223694 0.404673 0.869912 0.223694 0.4975 0.834209 0.184421 0.472508 0.877052 0.17728 0.429665 0.902044 0.209413 0.383251 0.912755 0.259396 0.443946 0.766374 0.284388 0.411814 0.823498 0.277248 0.390392 0.85206 0.284388 0.372541 0.887763 0.280818 0.372541 0.905614 0.277248 -0.487893 0.880622 0.145148 -0.491463 0.880622 0.141578 -0.491463 0.859201 0.141578 -0.491463 0.855631 0.148718 -0.498604 0.880622 0.148718 -0.512885 0.862771 0.148718 -0.512885 0.866341 0.155859 -0.520026 0.84849 0.155859 -0.509315 0.834209 0.152288 -0.512885 0.837779 0.148718 -0.491463 0.855631 0.148718 -0.491463 0.859201 0.141578 -0.502174 0.862771 0.184421 -0.505745 0.84492 0.184421 -0.487893 0.880622 0.18085 -0.473612 0.877052 0.17371 -0.480753 0.85206 0.17014 -0.480753 0.85206 0.17014 -0.498604 0.834209 0.18085 -0.477182 0.855631 0.17371 -0.473612 0.877052 0.17728 -0.495034 0.859201 0.187991 -0.495034 0.834209 0.184421 -0.477182 0.855631 0.17371 -0.512885 0.912755 0.0630317 -0.495034 0.934176 0.027329 -0.480753 0.912755 0.0915938 -0.512885 0.862771 0.148718 -0.537877 0.866341 0.0666019 -0.552158 0.823498 0.0773128 -0.512885 0.837779 0.148718 -0.541447 0.802077 0.105875 -0.555728 0.787795 0.0523209 -0.491463 0.880622 0.141578 -0.552158 0.787795 0.0344695 -0.509315 0.912755 0.013048 -0.498604 0.934176 0.0166183 -0.527166 0.837779 0.0237588 -0.509315 0.877052 0.00590748 -0.484323 0.934176 0.027329 -0.491463 0.930606 0.00590748 -0.495034 0.912755 0.00233722 -0.523596 0.805647 0.0773128 -0.555728 0.787795 0.0523209 -0.541447 0.802077 0.105875 -0.491463 0.859201 0.141578 -0.491463 0.84135 0.0666019 -0.477182 0.884193 0.0594614 -0.512885 0.837779 0.148718 -0.491463 0.880622 0.141578 -0.480753 0.912755 0.0915938 -0.484323 0.934176 0.027329 -0.552158 0.787795 0.0344695 -0.527166 0.837779 0.0237588 -0.509315 0.877052 0.00590748 -0.495034 0.912755 0.00233722 -0.491463 0.930606 0.00590748 -0.430769 0.894903 0.252256 -0.430769 0.902044 0.209413 -0.391496 0.912755 0.266537 -0.495034 0.859201 0.187991 -0.452191 0.84849 0.262967 -0.473612 0.809217 0.259396 -0.495034 0.834209 0.184421 -0.487893 0.791366 0.230834 -0.459331 0.766374 0.270107 -0.473612 0.877052 0.17728 -0.44148 0.766374 0.284388 -0.391496 0.887763 0.280818 -0.384356 0.909185 0.277248 -0.412918 0.823498 0.277248 -0.391496 0.85206 0.284388 -0.384356 0.912755 0.259396 -0.370074 0.905614 0.277248 -0.373645 0.887763 0.280818 -0.455761 0.791366 0.234404 -0.487893 0.791366 0.230834 -0.459331 0.766374 0.270107 -0.477182 0.855631 0.17371 -0.420058 0.827068 0.223694 -0.402207 0.869912 0.223694 -0.495034 0.834209 0.184421 -0.473612 0.877052 0.17728 -0.430769 0.902044 0.209413 -0.384356 0.912755 0.259396 -0.44148 0.766374 0.284388 -0.412918 0.823498 0.277248 -0.391496 0.85206 0.284388 -0.373645 0.887763 0.280818 -0.370074 0.905614 0.277248 -0.184421 1.66251 0.00233722 -0.241545 1.68393 -0.0262249 -0.220123 1.66251 -0.0690681 -0.245115 1.66965 0.0344695</float_array>
                    <technique_common>
                        <accessor count="5482" source="#ID156" stride="3">
                            <param name="X" type="float"/>
                            <param name="Y" type="float"/>
                            <param name="Z" type="float"/>
                        </accessor>
                    </technique_common>
                </source>
                <source id="ID157">
                    <float_array id="ID158" count="15687">-0.155077 -0.498465 0.852927 -0.501687 -0.236088 0.832209 0.900733 -0.0385773 0.432657 0.985364 0.164565 -0.0444515 0.997526 -0.069572 0.0100868 0.921257 -0.164834 0.3523 0.978827 -0.192053 0.0708113 0.910728 -0.181895 0.370794 0.943739 -0.291268 0.156585 0.904239 -0.226996 0.361696 0.931596 -0.295176 -0.212132 0.956086 -0.0948569 -0.27731 0.905479 0.0977672 -0.412976 0.868861 0.330859 -0.368258 0.916871 0.379932 0.122469 0.903925 -0.413528 0.109148 0.889232 -0.380418 0.254066 0.90286 -0.343949 0.257959 0.886969 -0.295655 0.354788 0.155931 -0.490071 0.857622 0.481409 -0.226545 0.846713 -0.894556 -0.0456767 0.444617 -0.934764 -0.159376 0.317515 -0.99638 -0.0839293 0.0135416 -0.990434 0.136771 -0.0183054 -0.984435 -0.166918 0.0550111 -0.904089 -0.177748 0.388624 -0.944189 -0.283016 0.16855 -0.889781 -0.189403 0.415231 -0.936151 -0.274195 -0.220086 -0.959272 -0.087032 -0.268741 -0.920553 0.0649137 -0.385187 -0.868862 0.330858 -0.368256 -0.917867 0.368596 0.147164 -0.889376 -0.45151 0.0717532 -0.890533 -0.412958 0.190829 -0.91975 -0.339434 0.19709 -0.883788 -0.220947 0.412434 -0.987767 -0.0558511 0.145591 -0.885602 0.450367 0.113484 -0.607907 0.438909 0.66167 -0.612881 0.0138485 0.790054 0.144799 0.0451097 0.988432 0.1703 0.433154 0.885085 0.715677 0.41862 0.559074 0.759586 0.0430771 0.648979 -0.745208 0.392179 -0.539315 -0.766589 -0.131836 -0.628458 -0.120913 -0.135468 -0.983376 -0.112422 0.344865 -0.931896 0.915929 0.0423429 0.3991 0.853772 0.406558 0.325245 0.532743 0.324831 -0.781454 0.613675 -0.0775385 -0.785742 0.775693 -0.0341122 -0.630188 0.721995 0.309427 -0.618852 0.717805 -0.327772 0.614265 0.203102 -0.351497 0.913893 -0.521918 -0.40862 0.748753 -0.818561 -0.546265 0.177632 -0.643541 -0.597087 -0.478896 -0.135384 -0.581566 -0.802155 0.504712 -0.467279 -0.72589 0.616991 -0.342773 -0.708398 0.820552 -0.290349 0.492333 0.98173 -0.0306017 0.187801 0.820892 -0.499182 0.277405 0.511008 -0.369993 0.775871 0.61288 0.0138488 0.790055 -0.117354 0.0412899 0.992231 -0.102662 -0.360519 0.927085 -0.712442 -0.36198 0.601163 -0.759586 0.043077 0.648979 0.654528 -0.587234 -0.476181 0.777092 -0.119997 -0.617842 0.137635 -0.136235 -0.981069 0.158817 -0.577693 -0.800655 -0.951315 0.0352662 0.306195 -0.866282 -0.35984 0.346512 -0.523095 -0.488753 -0.698206 -0.612669 -0.0682966 -0.787383 -0.800708 -0.03571 -0.597989 -0.712009 -0.395561 -0.58015 -0.738526 0.437746 0.512793 -0.887317 0.447884 0.109856 -0.170297 0.433155 0.885085 0.767966 0.39001 -0.508056 0.885602 0.450367 0.113484 0.607908 0.438909 0.66167 -0.526093 0.341875 -0.778683 0.181429 0.342222 -0.921937 -0.712673 0.332581 -0.617646 -0.559865 0.476922 0.677566 -0.522284 0.370473 0.768094 -0.58849 0.372732 0.717461 -0.636277 0.223021 0.738521 -0.563514 0.459708 0.686383 -0.682164 0.403086 0.610061 -0.713786 0.245833 0.655801 -0.545622 0.152272 0.824081 -0.697341 0.0389934 0.715678 -0.258873 0.00800713 0.965878 -0.615917 -0.214898 0.757935 -0.267029 -0.0676584 0.96131 -0.449909 -0.337137 0.826995 -0.937988 -0.204755 0.27974 -0.759048 -0.484139 0.435265 -0.912512 0.0650455 0.403845 -0.869175 0.235943 0.434587 -0.805613 0.0895369 0.585636 -0.587975 0.0541719 0.807063 -0.349159 0.170239 0.92147 -0.270829 0.013334 0.962535 -0.472925 -0.16897 0.864749 -0.259351 -0.168615 0.95095 -0.317153 -0.340091 0.885298 -0.787782 -0.0856403 0.609971 -0.590016 -0.279142 0.757602 -0.266203 0.563498 0.782052 0.00140927 0.6102 0.792246 -0.267349 0.454314 0.849779 0.00394866 0.460354 0.887727 -0.268846 0.225075 0.936517 -0.43097 0.384163 0.816507 -0.409687 0.224557 0.884155 0.262541 0.522492 0.811218 0.423672 0.533375 0.732129 0.355245 0.227621 0.906636 0.0291017 0.166 0.985696 0.470097 0.400973 0.786276 0.607208 0.38619 0.694374 0.464031 0.144253 0.873994 0.701401 0.212563 0.680334 0.63694 0.0185866 0.77069 0.36278 -0.0434278 0.930862 0.63041 -0.183061 0.754369 0.364359 -0.193661 0.910899 0.563514 0.459707 0.686383 0.682164 0.403086 0.610061 0.717416 0.253601 0.648846 0.444716 -0.322037 0.835775 0.59488 0.151436 0.78942 0.621127 0.0873633 0.778825 0.258867 0.0109271 0.965851 0.68939 -0.217759 0.690885 0.266917 -0.0736054 0.960905 0.44488 -0.352853 0.823151 0.943075 0.0415818 0.32997 0.937861 -0.299154 0.17585 0.761816 -0.503967 0.407006 0.869174 0.235943 0.434588 0.681519 -0.299725 0.667605 0.825887 -0.121488 0.550592 0.889447 0.0162061 0.45675 -0.105498 0.0147432 0.99431 -0.247509 0.00904827 0.968843 -0.243149 0.193811 0.950429 -0.408631 0.0324551 0.912122 -0.195415 -0.0859455 0.976947 -0.340604 -0.0815661 0.936662 -0.299357 -0.125418 0.945862 0.00916986 -0.134232 0.990908 -0.654339 0.0946027 0.750261 -0.651928 -0.0396846 0.757242 -0.00528313 -0.111168 0.993788 0.208999 -0.160769 0.96461 -0.167211 -0.0348817 0.985304 0.0561269 -0.144639 0.987891 0.155002 0.0033882 0.987908 0.305406 -0.124318 0.944072 0.169174 -0.242487 0.955291 0.219968 0.0301631 0.975041 0.426815 -0.148103 0.892129 0.329328 -0.203949 0.921926 0.108047 -0.169273 0.979629 0.471786 0.00335848 0.881706 0.718692 -0.233986 0.654776 0.684111 -0.129693 0.717755 0.638526 0.0219528 0.769287 0.691198 -0.0705512 -0.719213 0.621443 0.0676724 -0.780531 0.851088 0.0905773 -0.517151 0.859768 -0.100447 -0.500709 0.800214 0.101626 -0.591041 0.278799 -0.0949668 -0.955643 0.316698 -0.00635324 -0.948505 0.542126 -0.0119236 -0.840213 0.614879 -0.139978 -0.776099 0.537698 -0.436778 -0.721183 0.480884 -0.423713 -0.767606 0.082473 -0.958497 -0.272915 0.618706 -0.523359 -0.585917 0.538754 -0.131287 -0.83217 0.196668 -0.142922 -0.969997 0.861716 -0.0687396 -0.502714 0.380394 -0.567401 -0.730312 0.179189 -0.625823 -0.759103 0.303329 -0.103169 -0.947284 0.234151 -0.565311 -0.790947 0.190994 -0.0862693 -0.977793 0.0805425 -0.568766 -0.818546 0.0618104 -0.120112 -0.990834 0.477863 0.0213617 -0.878174 0.0425645 -0.0784388 -0.99601 -0.0065797 -0.451658 -0.892167 -0.0727269 -0.153021 -0.985543 -0.00529335 -0.124978 -0.992145 -0.195962 -0.136169 -0.971111 -0.221375 -0.428039 -0.876228 -0.277649 -0.0127782 -0.960598 -0.397139 -0.00563325 -0.917741 -0.335014 -0.617216 -0.711906 0.12506 0.00181473 -0.992148 0.0485749 -0.03184 -0.998312 -0.17888 -0.00773075 -0.983841 0.0685458 -0.0702383 -0.995172 -0.0943129 -4.76903e-005 -0.995543 -0.194593 -0.105419 -0.975203 -0.136791 -0.0342561 -0.990007 0.111271 -0.0417982 -0.992911 0.249868 0.0319562 -0.967752 -2.78361e-006 -1.50252e-007 -1 -0.079137 -0.0906523 -0.992733 -0.443278 0.0431183 -0.895346 -0.273483 0.044769 -0.960835 -0.356089 -0.0220779 -0.934191 -0.448712 0.108326 -0.887087 -0.642876 0.136833 -0.75365 -0.503895 -0.0359133 -0.863018 0.274681 0.016865 -0.961387 0.578517 0.0123454 -0.815577 0.573864 -0.115365 -0.810784 0.374164 0.0404888 -0.926478 0.853636 0.0947495 -0.51218 0.683144 0.0993711 -0.723491 -0.704624 -0.0621661 -0.706853 -0.858639 -0.113662 -0.499821 -0.861092 0.119673 -0.494165 -0.634812 0.0868969 -0.767765 -0.289 -0.0991569 -0.95218 -0.31622 -0.00684954 -0.948661 -0.808084 0.12119 -0.576466 -0.541285 -0.0124781 -0.840747 -0.625211 -0.186398 -0.75787 -0.547811 -0.452671 -0.703556 -0.504325 -0.480684 -0.717355 -0.20696 -0.959873 -0.189239 -0.599204 -0.537065 -0.59373 -0.560422 -0.0959749 -0.822627 -0.200666 -0.0705583 -0.977115 -0.875407 -0.0825916 -0.476278 -0.598815 -0.669765 -0.439131 -0.698354 -0.019163 -0.715496 -0.55422 0.0384693 -0.831481 -0.178808 0.0293232 -0.983447 -0.901406 0.0704376 -0.427208 -0.775039 0.0379649 -0.630772 -0.395531 0.0190781 -0.918254 -0.245004 -0.190333 0.950656 -0.377039 -0.130285 0.916988 0 -0.0786481 0.996902 -0.546732 -0.267999 0.793259 -0.630583 -0.172537 0.756701 0.662549 0.0874875 -0.743891 0.730388 0.0849331 -0.677731 0.347177 0.00747904 -0.93777 0.207561 -0.0561486 -0.976609 -0.163101 -0.125512 -0.978593 0.0734025 -0.194343 -0.978183 0.098226 -0.0395453 -0.994378 0.702663 -0.667842 0.245464 0.355172 0.176567 -0.917975 -0.671965 -0.0850058 -0.735688 0.961612 0.0454655 0.270622 0.00717919 -0.343336 0.939185 -0.414872 -0.373403 0.82973 0.296052 -0.0336523 0.954579 0.929114 0.366914 -0.0460551 0.05718 0.103858 -0.992947 -0.49402 -0.315977 -0.810002 -0.637622 -0.449673 0.625486 0.7647 0.64229 0.0519467 0.240001 0.156754 -0.958033 -0.167396 -0.122254 0.97828 -0.84406 -0.522515 0.120582 0.706745 0.706741 0.0320895 -0.110225 -0.983236 -0.145248 -0.424764 -0.30689 0.851701 -0.676824 -0.500982 0.539376 -0.830774 -0.458165 0.316067 -0.98105 0.0539571 0.186089 -0.616567 0.209408 0.758942 -0.0735961 0.137739 0.987731 -0.384465 -0.191641 0.903028 -0.725869 -0.293832 -0.621914 -0.0647669 -0.290772 -0.954598 -0.20012 0.128989 -0.971243 -0.814822 0.257581 -0.519343 0.677135 -0.224092 -0.700907 0.531323 0.282894 -0.798541 0.612252 -0.432203 -0.662079 0.858972 -0.143104 -0.491618 0.872472 0.151013 -0.464746 0.975668 0.169249 -0.139383 -0.554788 -0.185996 0.810935 0.0571526 -0.285759 -0.956596 0.45023 0.164842 0.877565 0.565181 0.45168 0.69033 -0.065288 -0.219826 0.973352 0.596448 0.0316979 0.802026 0.0657331 -0.328661 -0.942158 0.830073 0.0688441 0.553388 0.843253 0.367116 0.39262 0.890897 0.144785 0.43051 0.602543 0.476854 -0.639963 0.289521 0.440597 -0.849737 -0.304913 0.408288 -0.860424 -0.80347 0.384375 -0.454634 -0.907519 0.401898 0.122014 -0.602588 0.398213 0.691602 -0.0237737 0.431291 0.9019 0.540842 0.531264 0.652111 0.738328 0.505157 0.446864 -0.97649 -0.186641 0.107856 -0.707345 0.0845725 0.701791 -0.595241 0.354162 0.721289 -0.987943 -0.108884 -0.110056 -0.712072 0.151627 0.685538 -0.946628 -0.317095 0.0578436 -0.815649 -0.464134 0.345393 -0.541768 -0.10453 0.834003 0.00975639 0.472956 0.881032 0.190937 0.675201 0.712493 0.0328975 0.438036 0.898356 0.141394 0.0638301 0.987893 0.784399 -0.0294402 0.619558 0.720034 0.470117 0.510433 -0.258567 -0.436578 -0.861709 -4.2849e-005 -0.154149 -0.988048 -0.659972 -0.48666 -0.572362 -0.0257086 -0.493384 -0.869432 -0.00386451 -0.807557 -0.589777 -0.617814 -0.7593 -0.204377 0.611088 0.603219 0.512541 0.423492 0.576087 0.699127 0.937153 0.199137 0.28651 0.921664 -0.121809 0.368371 0.491372 -0.245702 -0.835574 0.663948 0.0619486 -0.745208 0.62304 -0.260071 -0.737688 0.622474 -0.668893 -0.406336 0.865973 -0.217368 -0.450379 0.786624 -0.53658 -0.305457 0.286105 -0.440738 -0.85082 -0.627618 -0.424465 -0.652629 -0.0764314 -0.93056 -0.358073 0.724279 -0.661289 -0.195236 -0.639827 -0.768088 -0.0257499 0.510065 -0.790756 -0.338436 -0.924501 -0.175626 0.338308 -0.148989 0.393141 0.907327 0.50347 0.738858 0.447892 -0.730617 -0.608633 0.309459 -0.55157 -0.234287 0.80055 0.16295 -0.118558 0.979485 0.713037 -0.227039 0.663349 0.843701 -0.304239 0.442276 -0.702669 -0.667836 0.245464 0.671964 -0.085006 -0.735689 -0.40473 0.213526 -0.889157 -0.971407 0.0955597 0.217339 -0.00718233 -0.343336 0.939185 0.414872 -0.373404 0.82973 -0.384548 0.00887714 0.923062 -0.922444 0.384246 -0.038098 -0.121684 0.120506 -0.985226 0.494017 -0.315977 -0.810003 0.637622 -0.449673 0.625486 -0.783655 0.619238 0.0492897 -0.240001 0.156754 -0.958033 0.167397 -0.122253 0.97828 0.844062 -0.522513 0.12058 -0.706744 0.706742 0.0320903 0.100925 -0.978969 -0.177298 0.727302 -0.554272 0.404739 0.411839 -0.294438 0.862377 0.846554 -0.439866 0.299773 0.982871 0.0516999 0.176892 0.605057 0.183422 0.774767 0.0735963 0.137739 0.987731 0.411438 -0.176825 0.894121 0.71809 -0.277043 -0.638431 0.0580422 -0.292417 -0.954528 0.226187 0.127842 -0.965658 0.819005 0.230604 -0.525408 -0.673512 -0.223734 -0.704503 -0.533187 0.26484 -0.803474 -0.614763 -0.4063 -0.676008 -0.859673 -0.163823 -0.483863 -0.879623 0.110165 -0.462739 -0.984937 0.100504 -0.140705 -0.0707383 -0.282949 -0.956523 -0.492544 0.158637 0.855707 -0.559102 0.465663 0.685977 -0.0808175 -0.323265 -0.942851 -0.877175 0.337367 0.341684 -0.967557 0.0908616 0.235748 -0.712825 0.0195403 0.70107 0.619287 -0.204544 0.758054 -0.0817453 -0.382713 0.920244 -0.947946 0.039436 0.31598 -0.69539 0.528574 0.486869 -0.52133 0.567662 0.637162 -0.0220413 0.437256 0.899067 0.571203 0.358943 0.738164 0.930237 0.344369 0.126766 0.770074 0.3362 -0.542177 0.285405 0.394436 -0.873478 -0.289521 0.440596 -0.849737 -0.602541 0.476855 -0.639964 0.967003 -0.252773 -0.0317975 0.998974 -0.0421461 -0.0165993 0.60281 0.344619 0.719623 0.723152 0.0739097 0.686723 0.719468 0.153309 0.677394 0.94737 -0.310997 0.0759597 0.828629 -0.459324 0.319992 0.5503 -0.103084 0.828579 0.222394 -0.197254 -0.954794 0.665257 -0.485836 -0.566919 0.0146671 -0.490937 -0.871072 2.02379e-005 -0.808404 -0.588628 0.606123 -0.766605 -0.211971 -0.0171141 -0.387227 -0.921825 -0.608715 0.0487929 -0.791888 -0.447031 -0.393746 -0.803198 0.0999934 0.456026 0.884331 -0.233244 0.646894 0.726034 -0.47485 0.615032 0.629486 -0.69943 0.573618 0.426333 -0.720034 0.470117 0.510432 -0.62304 -0.260071 -0.737688 -0.876343 -0.216903 -0.430088 -0.633168 -0.67216 -0.383795 -0.812324 -0.526049 -0.251796 -0.29604 -0.435602 -0.850065 0.626617 -0.424109 -0.653821 -0.726767 -0.667742 -0.161032 -0.511195 -0.801432 -0.310461 0.068125 -0.933358 -0.352424 0.590369 -0.803696 -0.0744156 0.725613 -0.632719 0.270469 0.535431 -0.2211 0.815125 -0.164809 -0.105294 0.980689 -0.119879 0.0662789 0.990574 -0.0264236 0.437297 0.898929 -0.799454 -0.0516973 0.598499 -0.947786 0.173893 0.267324 -0.933283 -0.188224 0.305866 -0.875835 -0.358893 0.322659 -0.764524 -0.262267 0.588829 0.127517 0.412755 0.901872 0.935412 -0.174753 0.307352 -0.514651 0.735214 0.441129 -0.426123 0.746642 0.510827 -0.593197 0.618915 0.514841 -0.627961 0.645844 0.434223 -0.359118 0.832933 0.421018 -0.202008 0.833888 0.513638 -0.209968 0.886764 0.411781 -0.410921 0.875617 0.253847 -0.253309 0.88592 0.388562 -0.692681 0.689936 0.210193 -0.795256 0.606273 -0.000237051 -0.859884 0.494716 0.12592 -0.752048 0.463359 0.468745 -0.959374 0.274723 0.0642576 -0.937979 0.329146 0.108893 -0.981756 0.128389 0.140252 -0.981834 0.0522824 0.182398 -0.93949 0.0316689 0.341109 -0.975819 -0.0365874 0.215495 -0.982982 -0.125569 0.134086 -0.891082 -0.0971459 0.443324 -0.48543 0.0295482 0.873776 -0.98368 -0.151457 0.0971316 -0.887351 0.170384 0.428459 -0.863437 -0.0174813 0.504154 -0.620993 -0.0848341 0.779212 -0.501537 -0.140646 0.853627 -0.222007 -0.161228 0.961623 -0.412592 -0.0767364 0.907678 -0.216766 -0.038876 0.975449 -0.654135 -0.112167 0.748014 -0.885115 -0.156728 0.438187 -0.598256 -0.22147 0.770091 -0.403904 -0.0645528 0.912521 -0.715511 -0.505401 0.482301 -0.339554 0.106191 0.934573 -0.662379 -0.500773 0.557207 -0.0519805 0.251664 0.966418 -0.173633 0.0429438 0.983874 -0.18955 -0.601022 0.77643 0.610974 -0.765006 0.203659 -0.325063 0.00441772 0.945682 -0.73988 -0.253255 0.623249 -0.737751 -0.465344 0.489059 -0.895526 -0.39645 0.20214 -0.071485 -0.555806 0.828233 -0.720648 -0.597284 0.35202 -0.843068 -0.494025 0.212545 -0.547657 -0.0789547 0.83297 -0.936829 -0.347394 0.0408431 0.0827319 -0.748373 0.658098 -0.122467 -0.492854 -0.861451 -0.221557 -0.775789 -0.590816 0.200944 -0.672024 -0.712745 0.434248 -0.335388 -0.836029 0.269324 -0.788023 -0.553611 0.777851 -0.364933 -0.511636 0.92551 -0.129293 -0.35597 0.932933 -0.0559563 -0.355675 0.874064 -0.243408 -0.420434 0.965239 0.0898679 -0.245431 0.9082 0.176385 -0.379553 0.914538 0.137586 -0.380382 0.998325 0.00246857 -0.0577981 0.904448 -0.0699455 -0.420811 0.951304 0.0191948 -0.307656 0.931217 0.104511 0.349158 0.620863 -0.123751 -0.77409 0.805121 -0.056411 -0.590422 -0.109092 -0.310373 -0.944334 0.909962 -0.408573 -0.0709661 0.748755 -0.397423 0.530491 0.245852 0.0391128 0.968518 0.234359 -0.971272 -0.0413145 0.824172 -0.393232 -0.407564 0.246547 -0.96564 -0.0821822 0.371805 0.772259 0.515147 0.393658 0.824157 0.407184 0.630939 0.641844 0.435835 0.593197 0.618915 0.514841 0.212414 0.871581 0.441845 0.21851 0.839077 0.4982 0.414273 0.87244 0.25928 0.253309 0.88592 0.388562 0.695199 0.684852 0.218348 0.797105 0.603218 0.0274282 0.864376 0.4771 0.158837 0.80833 0.45158 0.377728 0.752048 0.463359 0.468745 0.792102 0.295492 0.534096 0.872731 0.343386 0.347026 0.89768 0.181185 0.401674 0.616424 -0.077745 0.783567 0.863728 -0.0231002 0.503428 0.49347 -0.145303 0.857539 0.959422 0.265819 0.0940761 0.930993 0.318245 0.178807 0.972767 0.15118 0.175698 0.982223 0.0515072 0.180512 0.939731 0.024045 0.341069 0.975819 -0.0365874 0.215495 0.982982 -0.125569 0.134085 0.891082 -0.0971466 0.443324 0.48543 0.0295479 0.873776 0.98514 -0.151488 0.0809354 0.222008 -0.161228 0.961623 0.412592 -0.0767362 0.907678 0.216766 -0.0388761 0.975449 0.65072 -0.120149 0.749752 0.879074 -0.160407 0.448886 0.604079 -0.217074 0.76679 0.406195 -0.0510634 0.912359 0.720665 -0.514426 0.464767 0.33994 0.105742 0.934483 0.654819 -0.517506 0.550817 0.0519805 0.251664 0.966418 0.173633 0.0429439 0.983874 0.1762 -0.64771 0.741233 -0.609467 -0.781157 0.135437 0.325064 0.00441702 0.945682 0.729684 -0.245536 0.63818 0.729787 -0.46561 0.500618 0.0582439 -0.582579 0.810685 0.690233 -0.616005 0.379627 -0.0827456 -0.746622 0.660082 0.489277 -0.128809 0.862564 0.820193 -0.522106 0.233855 0.896473 -0.388573 0.212949 0.940777 -0.339008 -0.00349835 0.114438 -0.48712 -0.865805 -0.434248 -0.335388 -0.836029 -0.220223 -0.648739 -0.72845 0.199193 -0.776675 -0.597577 -0.308744 -0.747883 -0.587664 -0.809456 -0.317815 -0.493735 -0.902242 -0.19093 -0.386659 -0.940818 -0.0479363 -0.335505 -0.919772 -0.139711 -0.366744 -0.978147 0.0364001 -0.204702 -0.895782 0.160587 -0.414472 -0.90273 0.111844 -0.415415 -0.947522 -0.0271231 -0.318538 -0.993669 0.096943 -0.0567815 -0.969435 0.032683 0.243161 -0.933442 0.0340047 -0.357112 -0.620862 -0.123751 -0.77409 -0.862964 0.00038871 -0.505265 -0.905955 -0.367565 -0.210099 -0.758804 -0.44486 0.475727 -0.221865 0.0201695 0.974869 -0.243949 -0.96764 -0.0645081 -0.719138 -0.65221 -0.239713 -0.249516 -0.964792 -0.0831718 0.109092 -0.310373 -0.944334 -0.801591 0.463782 0.377305 -0.791247 0.295742 0.535224 -0.770197 0.401969 0.495195 -0.912391 0.353725 0.205964 0.793186 -0.22175 -0.567171 -0.771988 0.458886 0.439838 -0.859091 0.413288 0.301919 -0.80373 0.521092 -0.287197 -0.0754616 0.237156 -0.968536 -0.935944 0.324289 0.13728 -0.399048 0.141282 0.90598 -0.0956386 -0.0678303 0.993102 0.786279 -0.156361 -0.59776 0.927549 -0.305032 0.21589 -0.983867 0.152054 0.094261 0.309639 -0.116527 0.943687 -0.994335 -0.0190048 0.104583 0.400514 -0.0790815 0.912872 0.974892 -0.136217 0.176156 0.993738 -0.0599083 0.0943212 0.135465 -0.0789469 -0.987632 0.0758059 0.142286 -0.986919 0.906253 -0.0492017 -0.419863 0.834305 -0.0685659 -0.547022 -0.0801116 -0.326125 -0.941926 -0.876965 -0.21343 0.430558 0.938415 -0.0584963 -0.340522 0.746863 0.0258183 0.664476 0.998396 0.0566121 -0 0.974565 -0.221993 0.0306947 0.425408 0.814338 -0.394819 0.468368 0.499406 -0.728852 0.703145 0.588861 -0.398534 0.289121 0.629486 -0.721218 0.239337 0.931909 -0.272513 0.442772 0.885881 -0.138451 0.262205 0.957325 -0.121565 0.787972 0.573864 -0.223115 0.339334 0.210549 -0.9168 0.481497 0.226053 -0.846794 0.824001 0.372468 -0.426954 0.934417 0.283523 -0.21559 0.299376 0.153804 -0.941657 0.915942 0.226352 -0.331384 0.957777 0.203382 -0.203223 0.93625 0.263169 -0.23276 0.873692 0.306936 -0.377429 0.875207 0.372731 -0.308359 0.824096 0.396162 -0.404871 0.810594 0.461678 -0.360264 0.812548 0.399871 -0.42411 0.758196 0.371958 -0.535523 0.374154 0.213892 -0.902363 0.24395 0.284101 -0.927241 0.401865 0.245088 -0.88229 0.430569 0.15097 -0.889842 0.360231 0.394268 -0.84545 0.181104 0.416216 -0.891047 0.260496 0.392371 -0.882149 0.349201 0.368939 -0.861361 0.347092 0.217834 -0.912182 0.213434 0.193596 -0.957584 0.325469 -0.0679941 -0.943105 0.202839 -0.104972 -0.973569 0.424665 0.305605 -0.852212 0.496877 0.39864 -0.770843 0.347915 0.400235 -0.847802 0.37273 0.157497 -0.914476 0.325933 -0.132061 -0.936124 0.0497809 -0.469213 -0.881681 0.331015 -0.479904 -0.812478 0.109784 -0.721805 -0.683334 0.307692 -0.733306 -0.60629 0.196996 -0.505594 -0.83998 0.517921 0.312802 -0.796186 0.501296 0.165903 -0.849223 0.361258 0.414382 -0.835332 0.487387 0.416066 -0.767687 0.450219 0.290403 -0.844375 0.449365 0.00851644 -0.893308 -0.0971791 -0.695941 -0.711493 -0.248356 -0.699464 -0.670126 0.399463 -0.392651 -0.828405 0.378421 -0.699378 -0.606357 0.581966 -0.0510883 -0.811606 0.61921 -0.379157 -0.687619 0.480065 -0.643267 -0.596443 0.447531 -0.691131 -0.567498 0.0887365 -0.689017 -0.719292 0.611764 -0.0664996 -0.788241 0.709727 0.179064 -0.681339 0.649685 0.274449 -0.708934 0.589435 -0.0149449 -0.807677 0.562941 -0.391828 -0.727714 0.613033 -0.300847 -0.730535 0.572822 -0.445133 -0.688282 0.642435 -0.417797 -0.642435 0.591587 -0.547767 -0.591588 0.56548 0.227499 -0.792765 0.414862 0.430536 -0.801579 0.629124 0.413109 -0.65844 0.518295 0.318895 -0.793521 0.611112 0.197781 -0.766437 0.502271 0.110805 0.857581 0.485264 -0.0394282 0.873478 0.71327 0.101162 0.693551 0.436591 0.0702659 0.896912 0.171147 0.0815632 0.981864 0.506244 -0.0922621 0.857441 0.782733 0.0231475 0.621927 0.514663 -0.231244 0.82562 0.772261 -0.1212 0.623637 0.586005 -0.288663 0.757147 0.75328 -0.199696 0.62665 0.711537 -0.279589 0.644628 0.421664 -0.374789 0.825671 0.642231 -0.334217 0.68981 0.352274 -0.345727 0.869699 0.146702 -0.288148 0.946282 0.136172 -0.383832 0.913307 0.121057 -0.383404 0.915613 0.105251 -0.370836 0.922715 0.0996655 -0.235678 0.966707 0.0802897 -0.437842 0.89546 0.194308 -0.299537 0.934089 0.212382 -0.288932 0.933494 -0.0140325 -0.427396 0.903955 0.169782 -0.33491 0.926828 -0.164685 -0.389805 0.906052 0.038103 -0.527037 0.848988 -0.0364702 -0.425254 0.904339 -0.185809 -0.30452 0.934207 -0.124682 -0.322786 0.938224 -0.125074 -0.323109 0.93806 0.112823 -0.475079 0.87268 0.0148564 -0.396146 0.918067 -0.0821257 -0.318237 0.944447 0.476992 -0.255808 0.840857 0.471797 -0.0845516 0.877644 0.285603 -0.217767 0.933278 0.651341 -0.330621 0.682967 0.358689 -0.239532 0.902201 0 -0.100554 0.994932 0.781647 -0.534598 -0.321299 0.769922 -0.555705 -0.313705 0.224352 -0.792185 -0.567546 0.0566458 -0.705525 -0.706418 -0.930246 0.0421048 -0.364512 -0.923333 0.0539208 -0.380196 -0.93414 -0.00191228 -0.356901 -0.942829 0.0184868 -0.332763 -0.916851 0.129838 -0.377527 0.884452 -0.346844 0.31216 -0.93677 -0.127246 -0.325991 -0.292945 -0.947209 -0.130299 0.680486 -0.701424 0.211999 -0.980425 0.093984 -0.173016 -0.287769 -0.956352 -0.0507828 0.864718 -0.478515 0.152597 -0.159066 -0.957779 0.239495 -0.995646 -0.0588822 -0.0722645 0.932827 -0.319369 0.166847 0.0831067 -0.834449 -0.544783 0.347333 -0.773197 -0.530591 0.0786138 -0.810867 -0.579926 0.164538 -0.634754 -0.754993 0.247929 -0.339422 -0.907372 0.590935 -0.0470655 0.805345 -0.529427 0.52253 -0.668334 -0.421876 0.815724 -0.395745 -0.700601 0.636238 -0.323048 -0.442126 0.88687 -0.134115 -0.793702 0.573636 -0.202432 -0.81336 0.373225 -0.44626 -0.427533 0.212697 -0.878621 -0.934513 0.292149 -0.203307 -0.926598 0.227619 -0.299343 -0.654077 0.20897 -0.72699 -0.954132 0.216978 -0.206281 -0.936251 0.263169 -0.232759 -0.883505 0.280262 -0.37533 -0.876394 0.364814 -0.314394 -0.824484 0.36844 -0.429508 -0.804001 0.438936 -0.401146 -0.774864 0.392056 -0.49586 -0.788825 0.420566 -0.448196 -0.834261 0.295871 -0.465261 -0.760711 0.261941 -0.59389 -0.88658 0.0602187 -0.458639 -0.646373 -0.00753222 -0.762984 -0.826143 -0.257741 -0.501056 -0.453272 -0.307979 -0.836477 -0.554394 -0.442857 -0.704645 -0.623658 0.40995 -0.665576 -0.655417 0.240446 -0.715971 -0.554263 0.227231 -0.800724 -0.365576 0.421716 -0.829765 -0.421288 0.426971 -0.800132 -0.492934 0.408285 -0.768322 -0.46413 0.335064 -0.819948 -0.557839 0.312406 -0.768907 -0.497956 0.161406 -0.85205 -0.472491 0.234626 -0.849531 -0.543532 -0.076609 -0.835885 -0.495937 -0.00838781 -0.868318 -0.403783 -0.392144 -0.826548 -0.570082 -0.400032 -0.717622 -0.484217 -0.6421 -0.594342 -0.45207 -0.687759 -0.567996 -0.0917789 -0.691046 -0.71696 -0.647718 -0.392549 -0.652967 -0.775772 -0.545331 -0.317478 -0.792731 -0.513426 -0.328592 -0.426885 0.282479 -0.859054 -0.444252 0.207369 -0.871572 -0.382008 0.210402 -0.899889 -0.491839 0.386787 -0.780058 -0.352473 0.418001 -0.83728 -0.268146 0.161864 -0.949683 -0.23986 0.31076 -0.919726 -0.39844 0.24251 -0.884553 -0.419513 0.151837 -0.894961 -0.362224 0.377091 -0.852406 -0.243878 0.421685 -0.87333 -0.336334 0.38176 -0.860894 -0.171521 0.405584 -0.897821 -0.228045 0.169346 -0.95881 -0.33336 0.162752 -0.928646 -0.29553 -0.104668 -0.949582 -0.216241 -0.106423 -0.970523 -0.295142 -0.108134 -0.949315 -0.202133 -0.505272 -0.838953 -0.0539298 -0.469333 -0.881373 -0.323735 -0.456657 -0.82865 -0.120623 -0.724249 -0.678906 -0.305707 -0.735557 -0.604565 -0.347332 -0.773197 -0.530591 -0.383818 -0.695929 -0.606932 -0.224352 -0.792185 -0.567546 -0.0566457 -0.705525 -0.706418 0.0863544 -0.697432 -0.711429 0.228723 -0.707346 -0.66884 -0.161451 -0.636173 -0.754465 -0.208746 -0.411525 -0.887171 -0.0786138 -0.810867 -0.579926 -0.0831067 -0.834449 -0.544783 -0.491689 0.0995068 0.865067 -0.694988 0.0868077 0.713762 -0.485265 -0.0394285 0.873478 -0.424405 0.0619874 0.903348 -0.171459 0.0823489 0.981744 -0.537436 -0.0912092 0.838357 -0.763846 0.0288043 0.644755 -0.765923 -0.104032 0.63446 -0.435472 -0.272319 0.858025 -0.588593 -0.29056 0.754409 -0.770794 -0.199784 0.604949 -0.718176 -0.276765 0.638454 -0.42216 -0.371712 0.826808 -0.644039 -0.323438 0.693255 -0.34325 -0.342397 0.874611 -0.133306 -0.390235 0.911014 -0.14761 -0.290805 0.945327 -0.121744 -0.376063 0.918562 -0.0850687 -0.442726 0.892612 -0.101121 -0.340465 0.934804 -0.0988167 -0.237352 0.966384 -0.192092 -0.30223 0.93368 -0.205311 -0.28972 0.934831 0.0128003 -0.42597 0.904647 -0.176998 -0.333407 0.926019 0.154244 -0.375747 0.913796 -0.0369931 -0.527053 0.849027 0.0235465 -0.441063 0.897167 0.177273 -0.305304 0.935609 0.126044 -0.324699 0.937381 0.124933 -0.326216 0.937003 -0.109545 -0.475255 0.873002 -0.0131907 -0.395171 0.918513 0.0821852 -0.316185 0.945131 -0.495017 -0.258703 0.829476 -0.48948 -0.0789485 0.868433 0 -0.100554 0.994932 -0.264057 -0.208642 0.94167 -0.334011 -0.216404 0.917391 -0.622785 -0.320477 0.713746 0.944888 0.045996 -0.324146 0.951336 0.015066 -0.307785 0.947289 0.00468911 -0.320345 0.941207 0.0614741 -0.33219 0.93519 0.12836 -0.330066 -0.887391 -0.360712 0.287097 0.944614 -0.134421 -0.299393 0.300697 -0.945687 -0.123519 -0.675103 -0.713186 0.188684 0.974253 0.102944 -0.200581 0.280384 -0.958151 -0.0577258 -0.86989 -0.459583 0.179094 0.155713 -0.957141 0.244201 0.99676 -0.0696654 -0.040192 -0.930715 -0.336303 0.143769 -0.148879 -0.105326 0.98323 -0.51191 -0.265689 0.816919 0.166054 -0.476525 0.863336 -0.0222253 -0.353208 0.935281 -0.0639887 -0.22278 0.972767 -0.0835175 -0.173866 0.981221 -0.0511789 -0.227825 0.972356 0.0323397 -0.12397 0.991759 -0.915354 0.360141 0.180068 -0.567781 -0.536238 -0.624559 -0.612224 -0.41431 -0.673446 -0.538964 -0.0859091 -0.837936 -0.983109 -0.178051 0.0423552 -0.767508 -0.189054 -0.612527 -0.873177 -0.207573 -0.440994 -0.933503 -0.155582 0.323057 -0.369751 -0.18495 -0.910537 -0.170529 -0.101933 -0.980066 0.284528 -0.0217259 -0.958421 0.45577 0.0342808 -0.889437 0.64719 0.0486784 -0.760773 0.707107 0 -0.707107 -0.684325 -0.114054 0.720202 -0.482997 -0.0662225 0.873114 -0.0340841 -0.0177816 0.999261 0.262443 0.0315854 0.96443 0.603431 0.0751892 0.793863 0.735819 0.151099 0.660105 0.816367 0.177952 0.549434 0.835918 0.222907 0.501552 0.726656 0.112943 0.677654 0.823441 0.0932821 0.559682 0.190259 0.161397 0.968376 0.190258 0.161394 0.968377 0.899188 0.0719362 0.43161 0.899188 0.0719357 0.43161 -0.643468 0.125844 0.755058 -0.643467 0.125846 0.755058 -0.974471 0.0369104 0.221459 -0.974471 0.0369102 0.221459 -0.9261 -0.170154 -0.336729 -0.900048 -0.137808 -0.413428 -0.177373 -0.403375 -0.897679 -0.233721 -0.465708 -0.853517 0.592999 -0.303239 -0.745921 0.725681 -0.214362 -0.653786 0.843629 -0.139326 -0.518535 0.807714 -0.0969264 -0.581552 0.486812 -0.0163283 0.873354 -0.267864 0.0140389 0.963354 0.0422478 0.0139564 0.99901 0.642215 -0.0406182 0.765447 0.920948 -0.102242 0.376034 0.979341 -0.175202 0.100977 0.873674 -0.204978 -0.441223 0.727955 -0.22903 -0.646241 0.374138 -0.212791 -0.90263 0.122097 -0.126516 -0.984422 -0.31291 -0.00604163 -0.949763 -0.542216 0.0882937 -0.835587 -0.686345 0.111388 -0.718695 -0.684714 0.108115 -0.720749 -0.672315 0.030132 0.739652 -0.749379 0.11619 0.651868 -0.825586 0.172519 0.537257 -0.66667 0.33333 0.666665 0.62285 0.0367323 0.781479 0.630967 0.0240805 0.775436 -0.205769 0.148772 0.967226 -0.216649 0.160493 0.962967 -0.77213 0.10447 0.626818 -0.896992 0.0726735 0.436032 -0.971653 0.0388668 0.233197 -0.971653 0.0388665 0.233196 0.974991 -0.0848611 0.205405 0.97587 -0.133897 0.172479 0.921176 -0.176057 -0.347044 0.928838 -0.117158 -0.351475 0.205985 -0.387635 -0.898504 0.217125 -0.436541 -0.873091 -0.609754 -0.317832 -0.726073 -0.725682 -0.214362 -0.653785 -0.84363 -0.139325 -0.518533 -0.807716 -0.0969261 -0.58155 -0.239337 0.931909 -0.272513 -0.262205 0.957325 -0.121565 -0.29119 0.567899 -0.769869 -0.339962 0.161528 -0.926463 -0.611168 -0.0540854 0.789651 0.0511789 -0.227825 0.972356 0.0852915 -0.170852 0.981598 0.0658093 -0.219677 0.973351 -0.0323397 -0.12397 0.991759 0.021757 -0.352738 0.935469 -0.16292 -0.480765 0.861581 0.50709 -0.251103 0.824504 0.902738 0.384775 0.192384 0.146469 -0.107257 0.983383 0.855008 0.225872 -0.466845 0.864596 -0.0648687 -0.498263 0.800146 -0.274261 -0.53343 -0.729204 0.0140687 -0.684152 -0.722153 0.0911178 -0.685706 -0.72629 0.0507224 -0.685514 -0.70687 0.136263 -0.694095 -0.74098 -0.0267661 -0.670993 -0.738195 -0.0171603 -0.674369 -0.73104 0.00159808 -0.682333 -0.729062 -0.000757401 -0.684447 -0.738787 -0.00151502 -0.673938 -0.721516 -0.00383269 -0.692387 -0.727685 -0.00130548 -0.68591 -0.747963 -0.0027694 -0.663735 -0.746824 -0.0109838 -0.664931 -0.728452 -0.0184115 -0.68485 -0.720364 -0.018663 -0.693345 -0.721597 -0.0104541 -0.692234 -0.734428 0.0115001 -0.678589 -0.724784 0.0119707 -0.688872 -0.746614 0.029373 -0.664608 -0.748525 0.0213973 -0.662761 -0.759327 0.0218928 -0.650341 -0.747389 -0.00334258 -0.664378 -0.766559 -0.00668401 -0.642139 -0.732773 -0.0210484 -0.680147 -0.707108 1.59266e-006 -0.707106 0.743068 0.0573837 0.666751 0.741684 0.0373058 0.669711 0.757164 0.0588078 0.650572 0.734126 0.00787723 0.678968 0.739769 0.000862802 0.67286 0.743994 -0.00577288 0.668161 0.739967 -0.00012969 0.672644 0.741236 0.00650285 0.671213 0.728959 -0.00871734 0.684502 0.744887 -0.00244438 0.667186 0.750196 -0.00100611 0.661215 0.738756 -0.00176409 0.67397 0.729921 -0.000563071 0.683531 0.742159 -0.00288718 0.670218 0.751756 -0.00971279 0.659369 0.732492 -0.00916814 0.680714 0.722261 -0.0102391 0.691544 0.707107 3.03041e-007 0.707107 0.707107 3.03041e-007 0.707106 0.707108 -1.46837e-007 0.707106 0.665846 0.0464322 0.744643 0.687763 0.0595465 0.723489 0.620974 0.0927214 0.778327 0.573685 0.0661917 0.816397 0.707108 2.85318e-006 0.707106 0.736301 0.0119527 0.676549 0.435429 0.705545 -0.559114 0.262395 0.915114 -0.306128 0.316162 0.865249 -0.389084 0.511601 0.601618 -0.613449 0.160401 0.96915 -0.187135 0.118562 0.983265 -0.138323 0.624494 0.374919 -0.685159 0.664907 0.256029 -0.701675 0.67008 0.000511587 -0.742289 0.628336 -0.137972 -0.76561 0.570534 -0.386233 -0.724787 0.528955 -0.512951 -0.676083 0.43575 -0.724016 -0.534718 0.393691 -0.807106 -0.439986 0.320676 -0.881842 -0.34572 0.340754 -0.876227 -0.340754 0.0763924 0.993087 -0.0891244 0.0763924 0.993087 -0.0891241 -0.343312 -0.86328 0.369978 -0.503001 -0.702837 0.503002 -0.422463 -0.79212 0.440536 -0.319904 -0.870844 0.37322 -0.639252 -0.427447 0.639254 -0.690767 -0.213724 0.69077 -0.69756 0.163757 0.697563 -0.668106 0.327514 0.668108 -0.543246 0.640129 0.543247 -0.439926 0.782898 0.439926 -0.32338 0.889298 0.32338 -0.453668 0.743626 0.491127 -0.521508 0.598202 0.608427 -0.490864 0.678102 0.54702 -0.457496 0.762492 0.457496 -0.582079 0.447232 0.679093 -0.607021 0.360541 0.708191 -0.644758 0.135869 0.752215 -0.670209 0.0116856 0.742081 -0.66516 -0.255342 0.701685 -0.636328 -0.393923 0.663259 -0.522399 -0.636333 0.567609 -0.458967 -0.731632 0.504047 -0.337069 -0.871799 0.355458 -0.26593 -0.923793 0.275476 -0.094635 -0.990524 0.0995259 0.00267365 -0.999994 0.00221579 0.0885251 -0.991494 -0.0954134 0.0943872 -0.991051 -0.0943872 0.685814 -0.243556 -0.685813 0.659737 -0.359855 -0.659737 0.659737 -0.359854 -0.659736 0.701845 -0.121778 -0.701843 0.690769 0.213723 -0.690768 0.629727 0.415266 -0.656504 0.471763 0.718024 -0.511744 0.379879 0.824199 -0.419986 0.149121 0.975285 -0.163041 0.00288226 0.999992 -0.0028825 -0.14003 0.980195 0.14003 -0.14003 0.980195 0.14003 -0.687025 0.14722 -0.711564 0.126271 -0.349037 0.928563 0.166751 -0.762372 0.625286 0.316812 -0.836105 0.447837 -0.0351377 -0.277946 0.959954 -0.267188 -0.504789 0.820852 -0.438566 -0.861563 0.255672 -0.516815 -0.565391 0.642834 -0.770994 -0.544682 0.329984 -0.668264 -0.531952 0.520048 -0.735114 -0.45093 0.506231 -0.415684 -0.773437 0.478541 -0.633224 -0.762749 -0.131306 -0.777201 -0.629224 0.00599025 -0.414758 -0.909619 -0.0238569 -0.700916 -0.623536 0.346294 -0.173311 -0.978885 -0.108382 -0.186676 -0.837514 -0.513538 -0.425388 -0.901498 -0.0796711 -0.134089 -0.973144 -0.18711 -0.431726 -0.875346 0.217673 -0.106986 -0.955758 0.27401 0.391833 -0.915649 0.0897397 0.405723 -0.912736 0.0479712 0.0179345 -0.984747 0.173065 -0.294913 -0.845198 0.44572 0.22462 -0.938242 -0.263148 0.469779 -0.857188 -0.211035 0.38263 -0.865076 -0.324404 -0.114395 -0.992945 0.0312148 -0.365657 -0.833389 0.414436 0.0107111 -0.999299 -0.0358785 0.326655 -0.935519 0.13454 -0.16893 -0.856904 0.487009 -0.119876 -0.86451 0.488111 -0.339936 -0.529197 0.777428 -0.246505 -0.745716 0.618986 0.0212659 -0.962727 0.269639 -0.443977 -0.841008 0.309178 -0.438744 -0.793418 0.421891 -0.267031 -0.936523 0.227198 -0.493591 -0.827367 -0.268014 -0.845542 -0.478524 -0.236799 0.472349 -0.311407 -0.824568 0.144649 -0.298073 -0.94352 0.112783 -0.0546483 -0.992116 -0.30262 0.213443 -0.928905 0.31546 0.375389 -0.871532 -0.315379 0.577105 -0.753317 0.284285 0.128036 -0.950152 0.129387 0.106821 -0.985824 0.133424 0.274729 -0.95222 0.337743 0.396458 -0.853669 0.221742 0.669797 -0.708663 0.769566 0.122827 -0.626643 0.524638 0.548558 -0.651029 0.771862 0.584633 -0.249867 0.838177 -0.0854505 -0.538663 0.655205 0.0677859 -0.752404 0.997894 -0.0471204 -0.0445884 0.990726 0.132322 -0.0308648 0.901318 0.160613 0.402279 0.793626 0.50486 0.339521 0.593598 0.794003 0.131151 0.447192 0.703277 0.552649 0.298648 0.864926 0.403377 0.515221 0.369222 0.773448 0.723832 0.562682 0.399319 0.837943 0.543472 0.049889 0.269623 0.962669 0.0239168 0.395221 0.829747 -0.394106 0.189766 0.913143 0.360775 0.17843 0.97753 0.112237 0.220529 0.729927 0.646972 0.223505 0.312635 0.923203 0.108836 0.693464 0.712224 0.059632 0.516168 0.854409 -0.288631 0.725411 0.624876 0.43576 0.875871 0.207276 0.574582 0.661024 0.4826 0.522162 0.85196 -0.0388647 0.0123672 0.999749 -0.0186631 0.597327 0.795646 -0.10074 0.108172 0.955128 -0.275734 0.0806736 0.990135 0.114559 -0.387899 0.760862 0.520216 -0.380335 0.176351 0.90788 -0.271112 0.345535 0.89839 0.670511 0.561311 0.485124 0.89934 0.23938 0.365903 0.460773 0.872838 0.160755 0.421303 0.678475 0.60181 0.837733 0.546031 0.00735081 0.520791 0.16417 0.83775 0.654697 0.749822 -0.0955954 0.917516 0.386079 -0.0954369 0.913739 0.405816 -0.0198495 0.884986 0.340104 -0.318007 0.790663 -0.0293997 -0.611545 0.748657 0.523558 -0.406694 0.907462 0.356641 0.222082 0.981055 -0.0709002 0.180287 0.730942 0.438982 -0.522511 0.357482 0.676704 -0.643645 0.958889 -0.266978 0.0962046 0.669379 0.459911 -0.58345 0.731076 0.258165 -0.631568 0.749274 -0.547728 0.372267 0.737004 0.426739 -0.524136 0.721647 0.622691 -0.302459 0.451222 0.370926 -0.811673 0.385892 0.800242 -0.459021 -0.56043 -0.149746 -0.814552 -0.415859 -0.582201 -0.698643 -0.165525 -0.765916 0.621268 -0.121102 -0.349409 0.929111 -0.308966 -0.842252 0.44176 0.0349918 -0.27937 0.959546 -0.321858 -0.938588 0.124339 -0.0167431 -0.999223 -0.03567 0.157304 -0.858837 0.487499 0.233385 -0.509445 0.828249 0.300246 -0.519642 0.79989 0.0719534 -0.869064 0.48944 0.135452 -0.759666 0.63605 0.435997 -0.864546 0.249935 0.487545 -0.619321 0.61542 0.765327 -0.574684 0.289848 0.696883 -0.575381 0.428125 0.834945 -0.312934 0.452702 0.457564 -0.736539 0.498141 0.335277 -0.932174 0.136529 0.592542 -0.736146 0.327083 0.735362 -0.671912 0.0881877 0.322674 -0.946158 -0.0258017 0.174584 -0.97939 -0.101564 0.182604 -0.838109 -0.514032 0.433873 -0.896963 -0.0849187 0.113047 -0.956082 0.270422 -0.389669 -0.917134 0.0838044 -0.218673 -0.939306 -0.264362 -0.405421 -0.913404 0.0364327 -0.463486 -0.856594 -0.226775 -0.0179347 -0.984747 0.173065 0.296135 -0.842737 0.449554 0.444978 -0.871564 0.205842 -0.358937 -0.873934 -0.327726 0.145305 -0.970475 -0.192523 -0.000541064 -0.997424 -0.0717263 0.173995 -0.93171 0.318815 0.507415 -0.690183 0.515923 0.862356 -0.483153 -0.151348 0.630397 -0.765933 -0.12628 0.495291 -0.828511 -0.26126 0.264817 -0.931328 0.250002 -0.0687546 0.178665 -0.981505 -0.144148 -0.295627 -0.944366 -0.465137 -0.303025 -0.831759 0.301162 0.215567 -0.928888 -0.528802 0.104817 -0.842248 -0.388629 0.77702 -0.495184 0.384134 0.439137 -0.812157 -0.282293 0.140276 -0.949017 -0.129387 0.106821 -0.985824 -0.146993 0.287161 -0.946537 -0.333081 0.407132 -0.850471 -0.2259 0.663262 -0.713479 -0.759508 0.137113 -0.635883 -0.509484 0.547458 -0.663864 -0.771917 0.585169 -0.248438 -0.846137 -0.0984178 -0.523799 -0.540078 0.0863791 -0.83717 -0.995064 -0.0919705 -0.0372678 -0.99288 0.116374 -0.025421 -0.791671 0.502692 0.347215 -0.901318 0.160614 0.402279 -0.511967 0.370749 0.774877 -0.723832 0.562682 0.399319 -0.796427 0.604728 -0.00271017 -0.440911 0.708633 0.550851 -0.584261 0.79942 0.139885 -0.295928 0.86479 0.405665 -0.267528 0.963218 0.0252818 -0.389335 0.830998 -0.397317 -0.188139 0.913267 0.361313 -0.17532 0.978067 0.112465 -0.219352 0.731674 0.645397 -0.219214 0.316625 0.922873 -0.108767 0.694374 0.711347 -0.0568142 0.516134 0.854621 0.279807 0.724358 0.63009 -0.352731 0.91837 0.17938 -0.589152 0.686681 0.425875 -0.433432 0.858962 0.272617 -0.0138669 0.999664 -0.0219065 0.381575 0.757313 0.529979 0.363506 0.165967 0.916689 0.253031 0.347298 0.902973 -0.676311 0.462359 0.573435 -0.634792 0.771142 -0.0487802 -0.0806733 0.990135 0.114559 -0.312437 0.658945 0.684233 -0.525186 0.122232 0.842164 -0.903555 0.172345 0.392283 -0.585301 0.805414 -0.0934433 -0.434467 0.871904 -0.225882 -0.75674 0.565273 -0.328347 -0.818891 0.570608 -0.0618429 -0.925683 0.376357 -0.0382901 -0.883533 0.285365 -0.371397 -0.867751 -0.000257327 -0.496999 -0.631669 0.661086 -0.404918 -0.997555 -0.0570545 0.0403679 -0.738467 0.409394 -0.535782 -0.735583 0.446796 -0.509206 -0.729866 0.53552 -0.424869 -0.721336 0.691967 -0.0292635 -0.109159 0.744616 -0.658507 -0.974136 0.0268412 -0.224364 -0.764956 -0.564584 0.309979 -0.923646 0.303083 0.23456 -0.688815 0.347422 -0.636264 -0.926474 0.195047 -0.321873 -0.354366 0.502971 -0.788318 -0.342221 0.544111 -0.766047 0.415859 -0.582201 -0.698643 0.56043 -0.149746 -0.814551 -0.106331 0.955295 -0.275872 -0.156368 -0.950979 0.26681 0.910601 -0.413269 0.00379168 0.474083 -0.739301 0.478204 0.659324 -0.288865 0.694153 0.871251 0.124819 0.474702 0.947066 0.321039 -5.36446e-008 0.874252 0.131278 -0.467385 0.666413 -0.291984 -0.686031 0.471103 -0.745683 -0.471188 0.360075 -0.932923 -4.58522e-008 -0.677874 0.304488 0.669159 -0.695658 -0.355157 0.624438 -0.812972 -0.216799 0.540439 -0.344415 0.157099 0.92558 -0.189501 0.753161 0.629951 -0.378223 0.739898 0.556326 -0.423125 0.906071 -1.11504e-007 0.0333153 0.999445 -6.23662e-008 -0.192834 0.758125 -0.622946 -0.378223 0.739898 -0.556326 -0.683033 0.306775 -0.662839 -0.370807 0.168858 -0.91323 -0.701251 -0.356038 -0.617643 -0.812972 -0.216799 -0.540439 -0.963014 -0.26945 -8.88944e-008 -0.768222 -0.640184 -4.68074e-008 -0.911473 0.41136 -6.55724e-008 -0.475627 0.715401 0.51184 -0.781205 0.50043 0.373214 -0.432525 0.857433 0.278804 -0.835099 0.470875 0.284405 -0.931565 0.00415538 0.36355 -0.978264 0.13408 0.158184 -0.850776 0.253393 0.460405 -0.563199 0.249504 0.787753 -0.97504 0.0578082 0.214373 -0.927883 0.00710954 0.372802 -0.893534 0.43991 0.0898726 -0.557827 0.818157 -0.139456 -0.908009 -0.0112389 0.4188 -0.769532 0.0153186 0.638425 0.926983 -0.36014 -0.104889 0.821296 -0.29363 -0.489136 0.78707 -0.479202 -0.388441 0.663606 -0.399274 -0.63262 0.599135 -0.6858 -0.413177 0.60724 -0.567736 -0.555819 0.812332 -0.50603 -0.289915 0.854501 -0.37551 0.358915 0.612635 -0.572361 -0.545052 0.577597 -0.561114 -0.592902 0.562053 -0.163187 -0.810843 0.503344 0.0169313 -0.86392 0.882759 -0.468112 -0.0401007 0.628384 -0.620959 -0.468554 -0.844934 0.404869 0.349525 -0.901606 0.425811 -0.0761073 -0.67783 0.655309 0.333341 -0.869049 0.461177 -0.179083 -0.871052 0.0500866 -0.48863 -0.774478 0.339319 -0.533898 -0.95407 0.202448 -0.220829 -0.985181 -0.0745367 0.154474 -0.816735 0.217478 -0.53446 -0.883808 0.0710524 -0.462422 -0.744106 0.591325 -0.310871 -0.468444 0.88319 0.0231324 -0.88906 0.0310495 -0.456736 -0.969574 -0.0884567 -0.22826 0.775912 -0.498317 0.386834 0.967394 -0.196167 0.16021 0.917771 -0.388079 0.0842014 0.984742 -0.156377 -0.0763507 0.86296 -0.473082 -0.177463 0.917995 -0.358354 -0.169905 0.858048 -0.497347 0.12806 0.368931 -0.768617 0.522607 0.919338 -0.350742 -0.178318 0.933598 -0.289675 -0.210909 0.988193 0.121391 -0.0934812 0.941608 0.333468 -0.0466212 0.703745 -0.634189 0.32023 0.900301 -0.408982 -0.148967 -0.909867 -0.414883 0.00374096 -0.651479 -0.288078 0.701845 -0.476477 -0.734045 0.483888 -0.867839 0.117687 0.482706 -0.947066 0.321039 -4.59811e-008 -0.870944 0.124168 -0.475436 -0.658604 -0.291342 -0.693802 -0.473488 -0.740589 -0.476798 -0.360076 -0.932923 -4.58522e-008 0.679461 0.301648 0.668835 0.812972 -0.216799 0.540439 0.698576 -0.355612 0.620913 0.355774 0.159155 0.920921 0.191203 0.752979 0.629654 0.374155 0.735997 0.564196 0.426794 0.904349 -8.62329e-008 -0.0322418 0.99948 -6.23635e-008 0.194559 0.758015 -0.622544 0.374155 0.735996 -0.564196 0.684744 0.303972 -0.662364 0.38269 0.171033 -0.907908 0.70429 -0.356534 -0.613889 0.812972 -0.216799 -0.540439 0.963014 -0.26945 -1.1006e-007 0.768222 -0.640184 -4.68074e-008 0.915968 0.40125 -7.35434e-008 0.475627 0.715401 0.51184 0.432525 0.857433 0.278803 0.781205 0.50043 0.373214 0.835099 0.470875 0.284405 0.931566 0.00415566 0.36355 0.977504 0.161572 0.135577 0.849979 0.270626 0.451994 0.554349 0.261856 0.790018 0.972103 0.096476 0.213795 0.927884 0.00711 0.372802 0.893533 0.439911 0.0898715 0.557827 0.818157 -0.139457 0.908247 -0.0111805 0.418286 0.785168 0.0319327 0.618459 -0.926983 -0.36014 -0.104888 -0.78707 -0.479202 -0.388441 -0.821296 -0.29363 -0.489136 -0.663606 -0.399274 -0.63262 -0.599135 -0.6858 -0.413177 -0.605298 -0.583555 -0.541366 -0.807801 -0.517879 -0.281531 -0.848144 -0.393123 0.355113 -0.598761 -0.590851 -0.540722 -0.577597 -0.561114 -0.592902 -0.562053 -0.163188 -0.810843 -0.503344 0.016931 -0.86392 -0.874408 -0.484897 -0.0168881 -0.630282 -0.621744 -0.46495 0.844934 0.404869 0.349525 0.67783 0.65531 0.33334 0.90076 0.430347 -0.0585847 0.863859 0.473514 -0.171847 0.879858 0.0831472 -0.467906 0.797733 0.319962 -0.511122 0.95825 0.190023 -0.213655 0.985181 -0.074537 0.154473 0.83305 0.173388 -0.525323 0.880697 0.104001 -0.462122 0.744107 0.591324 -0.310871 0.468444 0.88319 0.0231324 0.88906 0.0310489 -0.456737 0.969573 -0.0884574 -0.228261 -0.775912 -0.498317 0.386834 -0.916822 -0.393819 0.0659088 -0.967394 -0.196167 0.160212 -0.982044 -0.169041 -0.0837514 -0.844529 -0.495792 -0.20239 -0.923599 -0.327189 -0.199778 -0.866598 -0.484219 0.120582 -0.368931 -0.768616 0.522608 -0.936746 -0.296364 -0.186213 -0.922583 -0.32076 -0.21437 -0.988193 0.121392 -0.0934813 -0.941608 0.333468 -0.046621 -0.703745 -0.634189 0.320231 -0.900302 -0.408982 -0.148966 0.0371443 0.744937 -0.6661 -0.435179 0.319247 -0.841844 -0.153986 0.441874 -0.883762 0.877649 0.479036 -0.016021 0.610709 0.57593 0.543451 0.834717 -0.325932 0.443865 0.51715 -0.106842 0.8492 0.490995 -0.49262 0.718506 0.161979 -0.949999 -0.266955 -0.433029 -0.734339 -0.522716 -0.33518 -0.283041 -0.898634 -0.666673 -0.333331 -0.666662 0.0491472 -0.0640806 0.996734 -0.0923075 -0.520905 0.848609 -0.105542 0.47393 0.874215 0.170406 0.944983 -0.279228 0.123387 0.301482 -0.945455 -0.154663 -0.212511 -0.964841 -0.865528 -0.439186 -0.240783 0.37326 0.425254 -0.824522 -0.421921 0.903204 0.07877 -0.646909 -1.27366e-006 0.762567 -0.592766 -0.189908 -0.782665 0.66666 -0.333336 -0.666672 0.325875 0.249053 0.912018 0.0154068 0.687038 0.726458 0.185876 0.897626 0.399646 0.127371 0.0567649 0.990229 0.541934 -0.11327 0.832753 0.351906 -0.345429 0.869966 -0.00888911 -0.388172 0.921544 0.155517 -0.388801 0.908102 0.309171 -0.515614 0.799097 0.0946977 0.426164 0.899676 0.562217 -0.314916 0.764683 0.88422 -0.125428 0.449913 0.697102 0.571101 0.433466 0.798635 -0.206559 0.565257 0.171535 0.985065 0.0148957 0.914131 0.384614 0.128206 0.988433 -0.10724 0.107238 -0.451306 -0.40073 -0.797332 -0.66644 -0.497131 -0.555625 -0.484665 -0.605831 -0.630927 -0.700408 -0.0439164 -0.712391 -0.256194 -0.0760342 -0.96363 -0.434087 0.412592 -0.800835 -0.634029 -0.345834 -0.691669 -0.637554 0.489552 -0.594864 -0.53125 0.547008 -0.646958 -0.395581 0.677769 -0.619795 -0.289727 -0.278062 -0.915827 -0.0219562 -0.184144 -0.982654 -0.0353162 0.0032896 -0.999371 -0.277564 0.378526 -0.882993 0.0516155 0.30852 0.949816 0.264136 0.83923 0.475315 0.441305 0.649206 0.619501 0.239598 0.0744892 0.968011 -0.27532 0.00294178 0.961348 -0.178611 -0.235928 0.955215 0.193193 -0.332746 0.923015 0.0286152 -0.281553 0.959119 -0.272797 -0.32506 0.905493 0.285704 0.428567 0.857148 -0.462231 -0.0967441 0.881466 -0.723547 0.168119 0.66949 -0.316979 0.728033 0.607859 -0.65932 -0.0238852 0.751483 -0.941736 0.201699 0.269166 0.166607 0.986023 -0 -0.689694 0.693846 0.207124 0.116482 -0.481278 -0.868794 0.171911 -0.634605 -0.753474 0.327834 -0.645756 -0.689582 0.40068 -0.195769 -0.895059 -0.0680556 -0.123801 -0.989971 0.207912 0.347822 -0.914217 0.147444 -0.442326 -0.884651 0.49772 0.420485 -0.758596 0.439853 0.4522 -0.775915 0.196566 0.478984 -0.855533 -0.0568164 -0.230085 -0.971511 -0.304438 -0.158818 -0.939199 -0.252848 0.09882 -0.962446 -0.078384 0.325462 -0.942301 0.213368 -0.97672 -0.0221795 0.208094 -0.97795 0.01764 0.268079 -0.877194 0.398326 0.351133 -0.875459 0.332079 0.21337 -0.962153 -0.169513 0.0733428 -0.990052 -0.120077 0.083656 -0.996491 -0.0026193 -0.206094 -0.881885 0.424034 0.401983 -0.892991 -0.202427 0.488164 -0.861335 -0.140702 0.347716 -0.937352 0.0215501 0.471015 -0.882021 -0.0135533 -0.331708 -0.884535 0.327975 0.487229 -0.843329 -0.226725 -0.02382 -0.865438 -0.50045 -0.00419502 -0.67897 -0.734154 -0.0125817 -0.678662 -0.734343 0.228182 -0.884564 -0.406791 -0.015932 -0.916878 0.398849 -0.677041 -0.395698 0.620515 -0.417908 -0.669516 0.614086 0.738958 -0.652223 -0.168953 0.349586 -0.768685 0.535643 0.794914 -0.516672 -0.318061 0.78216 -0.60679 0.141533 0.339706 -0.674049 0.65594 -0.0930299 -0.254766 -0.962517 -0.0325589 -0.491342 -0.870358 -0.0504505 -0.370919 -0.927294 -0.238722 -0.392912 -0.888049 -0.101183 -0.63375 -0.766891 0.158186 -0.9849 -0.070348 0.026619 -0.704188 0.709515 0.0798461 -0.996773 0.00821448 0.0326603 -0.676426 0.735786 0.101175 -0.660557 -0.743927 0.445212 -0.837902 0.315764 0 -1 -0 0 -0.707107 0.707107 0 -0.707107 -0.707107 0.478588 -0.857247 0.189951 0.0424015 -0.998845 -0.0225906 0.0644959 -0.712054 0.699157 -0.0721419 -0.708564 -0.701949 0.42671 -0.895217 0.128472 0.264497 -0.697072 0.666432 0.123512 -0.992234 0.0146772 -0.0295117 -0.68716 -0.725906 -0.20107 -0.741101 -0.640577 0.0699634 -0.997186 -0.0269392 0.225401 -0.7148 0.662009 0.169257 -0.775929 0.607689 0.130818 -0.656061 -0.743284 0.377354 -0.924106 0.060261 0.591575 -0.788757 -0.167033 0.378324 -0.740535 0.555408 0 -1 8.1484e-007 0.107104 -0.994125 0.0156268 0.0820209 -0.688128 0.720939 0.139757 -0.697602 0.702723 0.119156 -0.687014 -0.716808 0.314774 -0.945578 0.0824621 0.586054 -0.783858 -0.205202 0.319422 -0.794692 0.516173 0.306394 0.817395 0.48784 -0.175499 0.789363 0.588307 0.0641698 0.970699 0.231573 -0.0584204 0.998292 0.000807895 0.0662856 0.972125 -0.224897 0.091971 0.798423 0.595031 0.209415 0.977049 0.0390073 0.140277 0.959511 -0.244255 0.531493 0.780955 0.328063 0.532563 0.439857 0.72312 0.943156 0.286234 0.168897 0.709033 0.701077 0.075912 0.914354 0.391661 -0.10276 0.279208 0.936285 0.213104 0.510301 0.859988 -0.00379725 -0.109418 0.578614 0.808228 -0.281039 0.785804 0.550935 -0.675639 0.29707 0.674731 0.333832 0.918048 -0.21388 -0.00888353 0.581021 -0.81384 -0.0242717 0.731392 -0.681525 -0.135379 0.283568 -0.949348 -0.227693 0.688031 -0.689035 -0.29248 0.346014 -0.891476 -0.0695323 0.195643 -0.978207 -0.0516233 0.492775 -0.868624 -0.288506 0.515896 0.806608 0.576473 0.694114 0.431143 0.904525 0.424851 0.0365489 0.619113 0.46952 0.629484 0.0993908 0.992178 -0.0755213 -0.0505914 0.630051 -0.774904 0.273641 0.699545 0.660119 0.380067 0.809654 -0.447224 0.1237 0.99139 -0.0429372 0.0259295 0.660612 -0.750279 0.135835 0.649923 0.747763 0.512139 0.772487 -0.375469 0.581319 0.797326 0.162298 0.130572 0.991157 -0.0236475 0.0528754 0.662269 -0.747398 0.0304057 0.620607 0.783532 0.697815 0.712073 0.0774961 0.139934 0.572535 -0.807851 0.101586 0.994809 -0.00592997 -0.116316 0.627885 0.769565 0.160461 0.986886 -0.0175307 0 0.707112 -0.707102 0.0977237 0.994509 0.0374389 -1.21087e-006 0.707111 -0.707103 0.140867 0.661918 0.736221 0.154191 0.692542 0.704706 0.319691 0.920267 -0.225624 0.179075 0.672934 -0.717699 0.612248 0.786228 -0.0836557 0.330608 0.629003 0.703601 0.00174906 0.682764 0.730637 0.211475 0.976596 0.0392359 0.0321981 0.652354 0.757231 0.0770001 0.99703 0.00126304 0.126358 0.655392 -0.744644 0.220952 0.663977 -0.714363 0.374485 0.62858 -0.681651 0.473217 0.87843 0.0665344 0.690063 0.716175 0.104432 0.0997882 0.667723 0.737691 -0.346033 0.419586 0.839172 0.0141875 0.447169 0.894337 0.00485098 0.801799 0.597574 0.0301492 0.471653 0.881269 -0.0059195 0.766511 0.642204 -0.0101341 0.995387 0.0954082 -0.00546871 0.996283 -0.0859677 0.00770539 0.756122 -0.654385 -0.146108 0.742681 -0.653511 -0.0548701 0.463109 -0.884601 0.0361531 0.495816 -0.867675 -0.23913 -0.481742 0.843055 0.0416505 -0.741662 0.669479 -0.0327636 -0.998637 0.0406253 0.0855274 -0.78063 0.619114 0.0816462 -0.992446 -0.0915693 -0.133016 -0.794312 -0.592769 0.0747841 -0.680736 -0.728702 -0.0794053 -0.46454 -0.881985 0.0380479 -0.405844 -0.91315 0.0439864 -0.466193 0.883589 0.0434744 -0.405754 0.912948 0.324756 0.626953 -0.708141 0.707107 0.707107 1.03416e-006 0.382776 0.901497 -0.201955 0.212035 0.635605 0.742326 0.063513 0.701403 -0.70993 0.0429479 0.998319 0.038927 0.124695 0.992157 0.00863832 0.0597088 0.645184 0.76169 0.116537 0.668437 0.734582 0.248071 -0.744203 0.62018 0.600006 -0.799995 9.6858e-007 0.3007 -0.936293 0.181481 0.226623 -0.748247 -0.623513 0.20563 -0.976746 0.0606962 0.11438 -0.752046 -0.64911 0.110817 -0.993528 0.0249446 0.132744 -0.693364 0.708256 0.0877944 -0.737067 0.670093 0.156493 -0.678553 0.717688 0.690069 -0.716169 0.104433 0.276654 -0.932249 0.233182 0.326331 -0.668392 -0.668401 -0.0240631 -0.999666 -0.00942035 0.112682 -0.734701 -0.668967 0.19064 -0.975635 0.108597 0.210539 -0.736377 -0.642979 -0.0177039 -0.667027 0.744823 -0.165715 -0.733002 0.659732 0.209529 0.517473 -0.82965 0.696922 0.696925 -0.169103 0.297691 0.905734 -0.301706 0.32709 0.693531 0.641893 -0.145757 0.702208 -0.696892 0.108854 0.992799 -0.0500135 -0.122303 0.678651 -0.724206 0.133806 0.988747 -0.0669026 0.282777 0.69921 0.656614 0.107806 0.659698 0.743759 -0.212966 -0.976732 -0.0252925 -0.255889 -0.876514 0.407731 -0.202547 -0.979152 0.0153986 -0.329302 -0.890345 0.314398 -0.228618 -0.957115 -0.177943 -0.0735686 -0.989982 -0.120511 -0.0928139 -0.99566 -0.00683876 0.204741 -0.886903 0.414107 -0.419136 -0.884009 -0.20701 -0.505479 -0.85045 -0.145693 -0.364326 -0.931108 0.0174629 -0.468112 -0.883018 -0.0339196 0.304462 -0.9039 0.300447 -0.487228 -0.84333 -0.226723 0.0114789 -0.864237 -0.502954 -0.00140996 -0.672423 -0.740166 0.0236694 -0.665689 -0.745854 -0.238314 -0.877185 -0.416837 -0.00587999 -0.931632 0.363354 0.660324 -0.472048 0.584074 0.378711 -0.720092 0.581417 -0.738956 -0.652226 -0.168954 -0.363277 -0.768661 0.526488 -0.794914 -0.516673 -0.318059 -0.772512 -0.628489 0.0906972 -0.32252 -0.689638 0.648367 0.101319 -0.235427 -0.966597 0.0460555 -0.481695 -0.875128 0.0527398 -0.361765 -0.930776 0.242161 -0.38896 -0.888858 0.0992542 -0.645517 -0.757269 -0.198183 -0.978259 -0.0610876 -0.453083 -0.87945 0.145889 0.0661355 -0.712141 -0.698914 -0.0511728 -0.9985 -0.0194759 -0.492476 -0.848151 0.195212 -0.0769294 -0.70501 0.705013 -0.278761 -0.708901 0.647882 -0.480384 -0.811964 0.33158 -0.103446 -0.649237 -0.753519 -0.0824509 -0.996528 -0.0115747 -0.0310611 -0.704835 0.708691 -0.0306834 -0.67282 0.73917 -0.0842132 -0.996349 0.0140126 -0.0890637 -0.744974 -0.661121 -0.200002 -0.978011 0.0591146 -0.138306 -0.690242 0.710238 -0.113385 -0.721708 0.682848 -0.21139 -0.773012 -0.598136 -0.273039 -0.944563 0.182348 -0.514501 -0.85749 9.21273e-007 -0.221899 -0.780051 0.585048 -0.183806 -0.978276 0.095875 -0.197114 -0.716595 -0.669057 -0.0973217 -0.734562 -0.671526 0.00964939 -0.999885 0.0117387 -0.0031633 -0.645895 0.763419 0.136311 -0.717332 0.683267 -0.317791 -0.676346 -0.664503 -0.276232 -0.930809 0.239356 -0.690071 -0.716168 0.104434 -0.156493 -0.678553 0.717688 -0.305557 0.818038 0.487287 -0.0571778 0.970705 0.233371 0.183748 0.790285 0.58454 0.0584468 0.99829 -0.00106801 -0.0648181 0.97252 -0.223616 -0.0851486 0.801743 0.591573 -0.204338 0.978064 0.0404486 -0.140277 0.959511 -0.244255 -0.5284 0.767037 0.363934 -0.529685 0.441119 0.724464 -0.916028 0.317825 0.244703 -0.666108 0.736446 0.118097 -0.873827 0.475751 -0.100432 -0.289063 0.933755 0.211055 -0.529508 0.848305 -0.000790727 0.11404 0.585011 0.802967 0.278351 0.791094 0.544694 0.694375 0.295142 0.656304 0.368146 0.415805 0.83161 -0.34234 0.91487 -0.214048 0.0121744 0.578028 -0.815926 0.0242717 0.731392 -0.681525 0.135379 0.283568 -0.949348 0.226923 0.685963 -0.691347 0.29248 0.346014 -0.891476 0.0809104 0.195475 -0.977365 0.0550098 0.494741 -0.867297 0.283536 0.521678 0.804649 -0.558657 0.717036 0.416847 -0.904525 0.424852 0.0365473 -0.6097 0.471135 0.637415 0.146787 0.741532 -0.654663 0.00525262 0.996288 -0.0859195 -0.00739425 0.756161 -0.654344 0.00967375 0.995391 0.0954118 -0.00463078 0.801797 0.597579 0.00565071 0.766515 0.642201 -0.0287803 0.471671 0.881305 -0.0135434 0.447173 0.894345 0.0556019 0.463091 -0.884565 -0.0347087 0.495841 -0.86772 0.253422 -0.47994 0.839902 -0.0397697 -0.741966 0.669257 0.0342589 -0.998594 0.0404417 -0.0818483 -0.781172 0.618928 -0.0785519 -0.992707 -0.0914487 0.13472 -0.794185 -0.592554 -0.0718113 -0.680913 -0.728835 0.0809504 -0.464484 -0.881874 -0.036528 -0.405867 -0.913202 -0.0419955 -0.466235 0.883664 -0.0415017 -0.405788 0.913025 -0.59523 0.786183 0.166182 -0.747515 0.660129 0.0738288 -0.0304057 0.620607 0.783532 -0.158461 0.986962 -0.0282186 -0.521202 0.766164 -0.375955 -0.0699739 0.661643 -0.746547 -0.140993 0.557885 -0.817854 -0.100906 0.994513 -0.0275892 0.118173 0.639222 0.759888 -0.146575 0.643389 0.751377 -0.127682 0.991277 -0.0326598 -0.400841 0.793833 -0.457336 -0.031785 0.659921 -0.750662 -0.257984 0.692754 0.673451 -0.100055 0.992487 -0.0704131 0.0496268 0.63596 -0.770125 -0.0973605 0.993768 -0.054279 0.117157 0.676002 -0.727527 -0.0761864 0.99634 -0.0387644 0.145758 0.702208 -0.696892 -0.227036 0.711537 0.664959 -0.107807 0.659698 0.743758 -0.354576 0.879256 -0.318094 -0.249137 0.498272 -0.830455 -0.785081 0.588807 -0.192235 -0.369837 0.682671 0.630222 -0.162185 0.98674 -0.00625725 -0.153998 0.676858 0.719825 -0.143028 0.646027 0.749795 -0.098554 0.993986 0.0477431 1.21087e-006 0.707111 -0.707103 -0.364454 0.905903 -0.215668 -0.212925 0.663765 -0.716993 -0.698414 0.713235 -0.0592824 -0.351861 0.584748 0.730934 -0.296936 0.675216 -0.675213 -0.349751 0.916036 -0.196347 -0.624694 0.78087 1.02092e-006 -0.202888 0.665163 0.718606 -0.0624406 0.702417 -0.709022 -0.0490622 0.998223 0.033823 -0.162962 0.98663 -0.00199112 -0.0770328 0.650617 0.755489 -0.153999 0.676859 0.719824 -0.359351 0.638686 -0.680403 -0.460423 0.885383 0.0640943 -0.690065 0.716173 0.104433 -0.0991226 0.662872 0.742143 -0.0646772 0.997887 0.00611227 -0.108933 0.654968 -0.747764 -0.190006 0.981412 0.0269762 -0.204346 0.643387 -0.737764 -0.0123714 0.643093 0.765688 0.0197308 0.685309 0.727985 -0.357512 -0.747122 0.560351 -0.35868 -0.92662 0.112798 -0.678112 -0.717693 -0.15837 -0.141563 -0.682064 -0.71746 -0.110214 -0.99356 0.0262947 0 -1 8.42938e-007 0 -0.707107 -0.707107 -0.0846873 -0.678701 0.729515 -0.142115 -0.682061 0.717354 -0.389999 -0.780802 0.488108 -0.37702 -0.925738 0.0294173 -0.590175 -0.786887 -0.180283 -0.144674 -0.675134 -0.723369 -0.0611045 -0.996867 -0.0502335 0.212668 -0.716998 -0.663842 -0.15733 -0.987354 -0.0194984 5.89707e-006 -0.679576 -0.733605 -0.21265 -0.741818 0.635992 -0.164223 -0.794083 0.585203 0.538486 -0.587765 0.603793 0.774548 -0.554598 0.304133 0.713275 -0.407144 0.570502 0.564159 -0.436908 0.700597 0.982338 -0.164721 0.0887673 0.861811 -0.468648 -0.194036 0.795258 -0.083164 -0.60054 0.565137 -0.362445 -0.741116 0.294289 -0.0722178 -0.952984 0.376638 -0.292939 -0.878823 0.4657 0.12399 0.876213 0.680707 0.338974 0.649411 0.809781 0.549732 0.20506 0.337135 0.527447 -0.779833 0.85756 0.43535 -0.273972 0.662846 0.638177 -0.391619 0.296727 0.722903 -0.62399 0.73568 0.676358 0.0362637 0.530437 0.722761 0.443005 -0.0375153 0.754859 -0.654814 -0.111043 0.445548 -0.888345 0.298893 0.518673 0.801025 0.179784 0.39952 0.898922 -0.514351 -0.627891 0.584119 -0.564158 -0.436908 0.700597 -0.687234 -0.449821 0.570413 -0.726042 -0.627741 0.280721 -0.976048 -0.191285 0.103633 -0.861811 -0.468649 -0.194037 -0.779624 -0.0863357 -0.620268 -0.551611 -0.362495 -0.751214 -0.273324 -0.0749428 -0.958998 -0.354787 -0.295655 -0.886969 -0.465699 0.123989 0.876214 -0.662539 0.330809 0.672018 -0.801673 0.547752 0.239349 -0.308008 0.533874 -0.787471 -0.849837 0.43618 -0.295843 -0.635348 0.666873 -0.389375 -0.266343 0.764541 -0.586974 -0.735116 0.675581 0.056521 -0.520862 0.710113 0.473754 0.0375152 0.754859 -0.654814 0.111043 0.445548 -0.888345 -0.298893 0.518672 0.801025 -0.179784 0.39952 0.898922 -0.243727 -0.785056 -0.569459 -0.20262 -0.804185 -0.558777 -0.446879 -0.887653 -0.11123 -0.421245 -0.631516 -0.650953 -0.441901 -0.741237 -0.505264 -0.433519 -0.900522 -0.0334843 -0.669338 -0.693988 0.265268 -0.696518 -0.627301 0.348362 -0.0576473 -0.877469 0.476157 0.158584 -0.838494 0.521324 -0.164981 -0.946793 0.27634 0.166421 -0.981362 -0.0960879 0.123759 -0.942845 -0.309398 -0.22101 -0.970661 0.0947183 -0.74787 -0.65743 -0.0920625 -0.688891 -0.693417 0.211194 -0.040916 -0.681338 0.730825 0.0396 -0.609233 0.792002 -0.107959 -0.733798 -0.670735 -0.110487 -0.738261 -0.665405 -0.461229 -0.513146 -0.723844 -0.0782077 -0.742957 -0.664754 -0.522969 -0.724997 -0.4482 -0.83939 -0.109463 -0.532393 -0.621066 -0.676641 -0.395517 -0.445286 -0.879562 0.167602 -0.356459 -0.932628 -0.0560497 0.229392 -0.787841 -0.571565 0.409825 -0.617718 -0.671169 0.452512 -0.88491 -0.1103 0.20262 -0.804185 -0.558777 0.450853 -0.715551 -0.53359 0.433518 -0.900522 -0.0334842 0.699444 -0.655775 0.284143 0.713945 -0.589229 0.378274 0.0507119 -0.875635 0.480303 -0.161161 -0.840162 0.517838 0.160828 -0.946622 0.279357 -0.174054 -0.980485 -0.0913978 -0.129975 -0.942241 -0.30869 0.236552 -0.967939 0.0844828 0.710475 -0.701844 -0.0513911 0.625377 -0.74196 0.241659 0.0478099 -0.687047 0.725038 -0.0396 -0.609233 0.792002 0.524518 -0.72426 -0.44758 0.342455 -0.938954 -0.0330019 0.438793 -0.874791 0.205428 0.621065 -0.676642 -0.395518 0.839389 -0.109466 -0.532394 0.468988 -0.509566 -0.721383 0.119719 -0.737492 -0.66466 0.113549 -0.736485 -0.666855 0.0827623 -0.744844 -0.662086 -0.100112 0.78788 0.607638 -0.103437 0.785518 0.610133 -0.164391 0.739934 0.652283 -0.111897 0.611515 0.78328 -0.249901 0.780622 0.572869 -0.322898 0.943073 0.0796849 -0.347145 0.937768 0.00903102 -0.421867 0.794711 -0.436421 -0.255377 0.816558 -0.517703 -0.141511 0.670301 -0.728471 -0.114699 0.925722 0.360393 0.0544543 0.998013 0.03169 -0.216833 0.973344 0.0747271 -0.450151 0.731021 0.512809 -0.5434 0.698376 0.465819 -0.625446 0.26422 0.73417 -0.441758 0.345108 0.828101 -0.346203 0.341766 0.873693 -0.129812 0.664867 0.735596 -0.121456 0.715237 0.688248 0.0762758 0.783691 -0.61645 0.126474 0.738041 -0.662797 0.29241 0.880855 -0.372277 0.565269 0.817426 -0.110838 0.279024 0.95782 -0.0687535 -0.129647 0.927621 -0.3503 -0.200242 0.957353 -0.208277 -0.626102 0.683079 -0.376032 -0.324792 0.575767 -0.750335 -0.726596 0.290516 -0.622622 0.00793046 0.519649 -0.854343 0.0877076 0.472273 -0.877078 0.0994967 0.788999 0.606285 0.111303 0.616911 0.779123 0.16143 0.746234 0.645813 0.103176 0.786227 0.609263 0.236347 0.669647 0.704069 0.306953 0.869695 0.386537 0.107097 0.93018 0.351135 -0.060866 0.998127 0.0060715 0.20326 0.976459 0.0722046 0.4392 0.725383 0.530022 0.519186 0.703221 0.485722 0.616977 0.252427 0.745399 0.444938 0.335572 0.830314 0.340749 0.345571 0.87434 0.122304 0.66824 0.733823 0.115449 0.711933 0.692693 -0.132561 0.742222 -0.656912 -0.568178 0.81607 -0.105844 -0.298772 0.882112 -0.364162 -0.0794133 0.786362 -0.61264 -0.28075 0.957536 -0.0656113 0.12042 0.928009 -0.352559 0.185337 0.95856 -0.216365 0.64694 0.666944 -0.369667 0.331201 0.554961 -0.763102 0.766672 0.197608 -0.610873 -0.0111944 0.517805 -0.855425 -0.0877076 0.472273 -0.877078 0.132203 0.682381 -0.718943 0.237537 0.829261 -0.505868 0.376156 0.755915 -0.535816 0.231803 0.965833 -0.115901 0.0560768 0.745535 -0.664103 -0.837122 0.441385 -0.323119 0.543947 0.375261 -0.750534 0.767777 0.155392 -0.621588 -0.59978 0.592488 0.537793 -0.783795 -0.316687 0.534205 -0.308175 -0.0711604 0.948664 -0.430146 -0.50845 0.745958 -0.14957 -0.911389 -0.383404 0.777407 -0.619769 -0.107351 0.546385 -0.175027 -0.819041 1 0 0 -0.0395694 -0.0771297 0.996236 0.177206 -0.540113 0.822725 0.105146 0.463549 0.87981 -0.161544 0.944502 -0.286041 -0.103346 0.287844 -0.952085 0.0153622 -0.259507 -0.965619 0.698982 -0.659493 -0.276575 -0.373264 0.425254 -0.82452 0.421924 0.903203 0.078767 0.55022 -0.0351024 0.834282 -0.0416694 -0.798464 -0.600599 -0.624694 -0.468523 -0.624694 -0.369828 0.22786 0.900726 -0.303733 0.868077 0.392669 -0.00699019 0.690928 0.72289 -0.124383 0.0650567 0.990099 -0.586735 -0.119744 0.800877 -0.354688 -0.359197 0.863234 0.00121494 -0.373902 0.927468 -0.159826 -0.399573 0.902661 -0.245629 -0.575131 0.780315 -0.0637543 0.446304 0.892608 -0.53154 -0.347323 0.772549 -0.862718 -0.163114 0.478656 -0.77717 0.418917 0.469591 -0.83486 -0.196367 0.514245 -0.271862 0.962081 -0.0221502 -0.902245 0.261236 0.343088 -0.964306 -0.187236 0.187233 0.44133 -0.376477 -0.814551 0.488086 -0.48809 -0.723561 0.655705 -0.494167 -0.570833 0.678683 -0.0575966 -0.732169 0.254584 -0.0720665 -0.964362 0.416665 0.435618 -0.797889 0.574978 -0.365896 -0.731793 0.59397 0.522287 -0.611895 0.503413 0.573583 -0.646203 0.395581 0.677767 -0.619797 0.241299 -0.184061 -0.952836 0.0244755 -0.188181 -0.981829 0.0408647 0.0139741 -0.999067 0.281179 0.386694 -0.878297 -0.0136574 0.281956 0.95933 -0.405629 0.647019 0.645625 -0.239031 0.839419 0.488097 -0.232867 0.061963 0.970533 0.285057 -0.00170869 0.958509 0.174965 -0.242443 0.954258 -0.210831 -0.353714 0.911283 -0.0344847 -0.274357 0.961009 0.272798 -0.32506 0.905493 -0.285703 0.428567 0.857149 0.462233 -0.0967439 0.881465 0.728163 0.0520894 0.683422 0.371924 0.670663 0.641782 0.659322 -0.0238855 0.751481 0.92153 0.0809888 0.379767 -0.152697 0.988273 -0 0.772668 0.538076 0.336836 -0.0927516 -0.462171 -0.881927 -0.321641 -0.622119 -0.713803 -0.171973 -0.604052 -0.778169 -0.384512 -0.205578 -0.899938 0.0947904 -0.126586 -0.987416 -0.200921 0.346337 -0.916341 -0.190696 -0.476732 -0.858115 -0.49772 0.420486 -0.758595 -0.429214 0.469793 -0.771408 -0.184569 0.495579 -0.848726 0.0638395 -0.230173 -0.971054 0.337094 -0.156077 -0.928444 0.267632 0.0985719 -0.958466 0.0823412 0.311601 -0.946639 -0.223764 0.586485 -0.778438 -0.830205 0.5265 -0.183188 -0.118725 0.21751 -0.968811 -0.016337 0.196093 -0.980449 -0.399201 0.707405 0.583281 -0.704071 -0.0272651 0.709606 -0.0943595 0.283739 0.954248 -0.246426 -0.17164 0.953842 -0.344619 -0.924136 -0.164958 -0.483031 -0.746691 -0.457311 -0.132243 -0.484017 -0.865009 0 -0.514497 -0.857492 0.0492908 0.237954 0.970025 0.368891 -0.468124 0.802981 0.183688 0.741069 0.645814 0.016075 0.813722 -0.581032 0.0681908 0.226454 -0.971632 -0.0914695 -0.478099 -0.87353 0.44847 -0.883652 -0.134292 0.118725 0.21751 -0.968811 0.406943 0.861788 -0.302852 0.537663 0.0624066 0.840847 -0.327572 -0.848765 -0.415084 -0.514495 -0.514495 -0.685995 -0.157361 0.421485 0.893078 -0.0703957 0.901426 0.427171 0.1806 0.78575 0.591591 0.0588596 0.291157 0.954863 -0.414237 0.100145 0.904643 -0.243312 -0.13338 0.960734 0.201033 -0.217728 0.955081 0.0305647 -0.260537 0.96498 -0.263208 -0.360858 0.894708 0.0623463 0.623478 0.779351 -0.548078 -0.0867049 0.831921 -0.827432 0.0380453 0.560276 -0.582916 0.648776 0.489182 -0.767507 -0.0397752 0.639805 -0.15406 0.988061 0.00033721 -0.874905 0.457547 0.158718 -0.994269 -0.0755978 0.075597 0.329211 -0.596407 -0.732065 0.367973 -0.799757 -0.474325 0.505545 -0.644193 -0.573969 0.538534 -0.249248 -0.804895 0.116347 -0.280589 -0.95275 0.27326 0.18228 -0.944512 0.313456 -0.441687 -0.84063 0.509853 0.255898 -0.82132 0.422941 0.393374 -0.81632 0.243251 0.411419 -0.878387 0.163091 -0.525766 -0.834848 -0.122901 -0.349089 -0.928995 -0.124754 -0.150533 -0.980702 0.0331339 0.17275 -0.984408 0.124657 0.493441 0.8608 -0.187138 0.767838 0.612703 -0.128305 0.892685 0.432031 0.0010464 0.287076 0.957907 0.454514 0.166709 0.875 0.317956 -0.0752534 0.945114 -0.0353922 -0.18876 0.981385 0.0984904 -0.147736 0.984111 0.334744 -0.203074 0.920167 -0.0500867 0.617783 0.784752 0.550709 0.0394758 0.833764 0.789265 0.159445 0.592991 0.371745 0.771716 0.516004 0.758916 0.0802387 0.646227 0.945634 0.111532 0.305511 -0.105604 0.993005 0.0528011 0.792948 0.561668 0.23614 -0.260017 -0.63583 -0.726713 -0.465152 -0.716301 -0.52014 -0.256925 -0.825957 -0.501781 -0.551108 -0.33101 -0.765972 -0.117741 -0.274901 -0.954236 -0.32741 0.100542 -0.939518 -0.37181 -0.53116 -0.761332 -0.594769 0.132688 -0.79287 -0.508641 0.262157 -0.820096 -0.322789 0.34882 -0.879847 -0.0708243 -0.539388 -0.839073 0.123586 -0.325401 -0.937465 0.120069 -0.13501 -0.983542 -0.0728281 0.0890121 -0.993364 0.214527 0.57795 -0.78737 0.0158297 0.193049 -0.981061 0.0966807 0.1952 -0.975987 0.870769 0.44971 -0.198803 0.406615 0.684413 0.60518 0.647774 -0.0417409 0.760688 0.0897492 0.279389 0.955974 0.222875 -0.157629 0.962019 0.342491 -0.934302 -0.098896 0.458342 -0.747145 -0.481349 0.114073 -0.467575 -0.876562 -0.0951405 0.227823 0.969043 -0.334958 -0.43068 0.838044 -0.237995 0.723222 0.648312 -0.223065 0.877446 -0.424653 -0.435997 0.194719 -0.87863 0.282622 -0.473084 -0.834456 -0.434294 -0.898914 0.0578054 -0.707107 0.138677 -0.693375 -0.458594 0.834783 -0.304678 -0.52775 0.0176832 0.849216 0.729152 -0.629173 0.26922 0.948684 0 0.316226 0.166193 0.415763 0.894159 -0.185068 0.797905 0.573671 0.0165592 0.901707 0.432031 -0.0655937 0.283014 0.95687 0.422084 0.109707 0.899894 0.243943 -0.157624 0.956894 -0.205945 -0.232325 0.950585 -0.029111 -0.254309 0.966685 0.25578 -0.394669 0.882504 -0.0790393 0.632331 0.770656 0.556139 -0.145261 0.818296 0.784098 0.00910531 0.620571 0.561632 0.624564 0.542669 0.739015 -0.0208074 0.673368 0.105112 0.994 0.0302468 0.873979 0.388962 0.291325 0.936884 -0.0355363 0.347829 -0.313572 -0.575496 -0.755299 -0.504276 -0.625009 -0.595877 -0.376734 -0.765261 -0.521966 -0.538367 -0.243148 -0.806871 -0.107722 -0.290586 -0.950766 -0.277277 0.193416 -0.941121 -0.386622 -0.474488 -0.790812 -0.531197 0.297682 -0.793231 -0.43015 0.385944 -0.816099 -0.231323 0.42572 -0.874787 -0.169615 -0.508111 -0.844425 0.122672 -0.34875 -0.929153 0.120557 -0.147321 -0.981714 -0.0344202 0.17884 -0.983276 -0.1228 0.492385 0.861671 0.145168 0.904846 0.400224 0.206667 0.78458 0.584571 0.00285271 0.290479 0.956877 -0.45142 0.166903 0.876563 -0.317185 -0.0750916 0.945386 0.0333173 -0.188799 0.98145 -0.0984904 -0.147736 0.984111 -0.334743 -0.203076 0.920167 0.0584602 0.623625 0.779534 -0.550709 0.0394739 0.833764 -0.789264 0.159445 0.592992 -0.371746 0.771716 0.516004 -0.758914 0.0802393 0.646228 -0.945632 0.111534 0.305516 0.121473 0.992595 -0 -0.792949 0.561668 0.23614 0.256246 -0.643818 -0.720996 0.256925 -0.825957 -0.501781 0.446085 -0.726432 -0.522785 0.548665 -0.317889 -0.773249 0.121379 -0.272899 -0.954355 0.327393 0.12407 -0.936707 0.33915 -0.532952 -0.775203 0.597281 0.189821 -0.779246 0.508642 0.262159 -0.820095 0.322789 0.348821 -0.879847 0.0708241 -0.539388 -0.839074 -0.114391 -0.320626 -0.940273 -0.115835 -0.138134 -0.983616 0.0728278 0.0890119 -0.993365 0.297944 0.407456 -0.863255 -0.25983 0.925423 -0.275827 0.707107 -0.223602 -0.670822 -0.207193 0.951436 0.227688 -0.626625 0.370587 0.68557 -0.217168 0.689365 0.691097 -0.213967 0.198135 0.956536 -0.295375 -0.760325 0.578498 0.490177 -0.856461 0.161867 0.520965 -0.757897 -0.392668 0.894424 -0.44722 -0 0.213752 0.544911 0.810791 0.265445 0.10281 0.958629 0.394513 0.841933 0.368116 -0.286841 0.683043 -0.671695 -0.255096 -0.228164 -0.93961 -0.250521 -0.805518 -0.53701 0.304229 -0.949875 -0.0719934 -0.707095 0 -0.707119 0.910505 0.169526 0.377149 -0.175114 -0.968848 -0.175125 -0.48506 -0.727611 -0.485076 -0.0902025 0.788923 0.607836 0.0253312 0.966829 0.254164 0.0561839 0.9055 0.42061 0.0130514 0.618655 0.785554 -0.401971 0.492056 0.772205 -0.299437 0.279986 0.91211 0.183297 0.147159 0.971981 0.07375 0.1475 0.986309 -0.371154 0.148461 0.916626 0.055383 0.830772 0.553851 -0.692962 0.290405 0.6599 -0.770591 0.413449 0.485025 -0.294889 0.939592 0.173801 -0.801614 0.192587 0.565973 -0.0594361 0.986305 -0.153851 -0.82026 0.555761 -0.135289 -0.995775 -0.0290379 0.0871141 0.306456 -0.841329 -0.445253 0.360807 -0.922932 -0.134221 0.528779 -0.829618 -0.17924 0.567404 -0.528547 -0.631419 0.108458 -0.589546 -0.80042 0.292155 -0.219623 -0.930812 0.487765 -0.792625 -0.365828 0.531263 -0.0146898 -0.84708 0.464655 -0.129496 -0.875971 0.247339 -0.182743 -0.95154 0.16547 -0.79094 -0.589095 -0.116293 -0.660938 -0.741375 -0.0717116 -0.492039 -0.867614 0.0501551 -0.375049 -0.925647 0.111989 0.772994 0.62445 -0.0604974 0.914237 0.400638 -0.0319053 0.972648 0.23008 -0.00624868 0.618276 0.785936 0.416321 0.507493 0.754405 0.31724 0.312361 0.895427 -0.167756 0.13744 0.976201 -0.0688637 0.137727 0.988073 0.371154 0.148463 0.916626 -0.055383 0.830772 0.553851 0.714188 0.322951 0.620998 0.770789 0.352555 0.53065 0.440275 0.88892 0.126411 0.753865 0.270319 0.598845 0.923501 0.198404 0.328302 0.0761298 0.967162 -0.24249 0.899484 0.374739 -0.22472 -0.30228 -0.843059 -0.444836 -0.48933 -0.83969 -0.235536 -0.360805 -0.922933 -0.13422 -0.517308 -0.549738 -0.655881 -0.0974508 -0.597028 -0.79628 -0.276301 -0.25678 -0.926133 -0.34684 -0.780399 -0.520269 -0.49275 -0.143216 -0.858305 -0.417241 -0.195352 -0.887551 -0.239022 -0.189703 -0.952303 -0.166467 -0.792645 -0.586517 0.133592 -0.671122 -0.729211 0.0804159 -0.503211 -0.860414 -0.0684917 -0.362074 -0.92963 0.0526504 0.0262387 0.998268 -0.0843615 0.116914 0.989553 0.0982288 0.121993 0.987658 0.0575462 0.247185 0.967258 0.229593 0.251173 0.940319 0.19069 0.102439 0.976291 0.217858 0.368976 0.903546 -0.0333119 0.354646 0.934407 0.111001 0.423164 0.899228 -0.166507 0.24341 0.955525 -0.260784 0.314458 0.912748 -0.131372 0.377303 0.916724 -0.0620605 -0.204529 -0.976891 -0.121606 -0.130056 -0.984021 -0.0963504 -0.118018 -0.988326 -0.0218535 -0.147503 -0.98882 -0.0584049 -0.254222 -0.965381 -0.0109828 -0.318961 -0.947704 0 -0.303912 -0.9527 0 -0.332819 -0.942991 -0.0572943 0.0248751 0.998047 -0.109218 0.123196 0.986354 0.0843615 0.116914 0.989553 -0.0701266 0.250105 0.965676 -0.250723 0.255824 0.933644 -0.205474 0.103547 0.973169 -0.243574 0.375597 0.894203 0.0237209 0.355663 0.934313 -0.125371 0.428464 0.894819 0.166507 0.24341 0.955525 0.261406 0.307538 0.914925 0.132071 0.370503 0.919394 0.0830944 -0.176953 -0.980705 0.0227314 -0.147746 -0.988764 0.100801 -0.118829 -0.987785 0.127462 -0.130903 -0.983167 0.0434424 -0.267646 -0.962537 0.0179207 -0.320553 -0.947061 0 -0.33282 -0.94299 0 -0.332819 -0.942991 0 -0.332819 -0.942991 -0.108121 -0.457489 -0.882617 -0.0714538 -0.460787 -0.88463 -0.0875115 -0.442532 -0.892473 -0.132972 -0.443242 -0.886485 -0.0391031 -0.378341 -0.92484 -0.0704407 -0.394552 -0.91617 0.074922 0.00893891 -0.997149 0.180334 0.409411 -0.89435 0.229062 0.860918 -0.454257 0.216207 0.965357 -0.146086 0.10387 0.855542 0.507207 -0.0175354 0.652101 0.757929 -0.128507 0.371549 0.919477 -0.130808 0.399995 0.907135 -0.0152717 0.399207 0.916734 -0.0934544 0.398422 0.912429 0.105708 0.440289 0.891612 0.277514 0.378449 0.883041 0.381752 0.153908 0.91136 0.191424 0.414383 0.889744 0.32499 0.286152 0.901387 0.394957 0.220949 0.891735 0.0577365 0.432858 0.899611 0.273786 0.0859333 0.957944 -0.124266 -0.115156 0.985544 0.0803142 -0.718866 0.690494 -0.22364 -0.952154 0.208297 0.212629 -0.907022 -0.363455 -0.0159054 -0.731276 -0.681897 0.412196 -0.425828 -0.805459 0.153902 -0.370686 -0.915918 0.468618 -0.578896 -0.667291 0.0785994 -0.328112 -0.941363 0.354178 -0.538306 -0.764712 -0.176134 0.685207 0.706731 -0.257019 0.493487 0.83091 -0.512349 -0.490517 0.704906 -0.443627 -0.882504 -0.156149 -0.273331 -0.478221 -0.834623 -0.207311 -0.0851928 -0.974559 -0.306894 0.0305692 -0.951253 -0.0573323 -0.221378 -0.973501 0.0872987 0.606986 0.789903 0.352006 -0.602189 -0.716562 0.268543 -0.718998 -0.641035 -0.0230167 -0.904895 -0.425012 -0.168863 -0.926373 -0.336628 0.0981729 -0.846406 -0.523411 0.667835 -0.2932 -0.684127 -0.670616 -0.354462 0.651637 -0.564089 0.283019 0.775696 0.282121 0.903233 0.323384 0.405951 0.893281 0.193013 0.131869 0.813122 0.56696 -0.614073 -0.524996 0.589316 0.642459 0.763433 -0.0664588 0.693112 0.693089 -0.198048 0.811748 0.445607 -0.377492 -0.194397 -0.46263 -0.864976 -0.150154 -0.407179 -0.900921 -0.757103 -0.372967 -0.536368 -0.765025 -0.430664 -0.478816 -0.758757 -0.256587 -0.598708 -0.151422 -0.389373 -0.908548 -0.858497 -0.324307 0.39725 -0.855551 0.158369 0.492901 -0.541797 -0.344579 0.76663 -0.403525 0.376786 0.833787 -0.60041 0.756231 0.260042 -0.386643 0.878122 0.281796 -0.339485 -0.858493 0.384369 -0.408241 -0.8165 0.408248 -0.104799 0.907295 -0.407226 -0.0617779 0.926706 -0.370675 0.251176 -0.465133 -0.848859 0.791396 -0.419957 -0.444216 0.768187 -0.395159 -0.503725 0.168887 -0.413032 -0.89492 0.7567 -0.340265 -0.558234 0.151422 -0.389373 -0.908548 0.877785 -0.323129 0.353667 0.874806 0.0798653 0.477845 0.636129 -0.335535 0.694807 0.443435 0.350644 0.824872 0.632203 0.721569 0.282236 0.386644 0.878122 0.281795 0.432243 -0.823289 0.367915 0.512142 -0.768225 0.384111 0.104799 0.907295 -0.407226 0.0617781 0.926706 -0.370675 0.0328135 -0.890473 -0.453851 0.205002 -0.946842 -0.24792 -0.271721 -0.699676 -0.660773 -0.278032 -0.709628 -0.647399 -0.331095 -0.536161 -0.776471 0.151479 -0.863728 -0.480654 0.653678 -0.531086 0.539122 0.564089 0.283018 0.775696 -0.164495 0.866709 0.470911 -0.558635 0.829186 -0.0194125 0.701998 -0.265896 0.66068 -0.415696 0.885189 0.208896 -0.765515 0.583439 -0.271267 -0.707107 0 -0.707107 -0.856789 0.398359 -0.327449 0.0875115 -0.442532 -0.892473 0.0247429 -0.346156 -0.937851 0.0492705 -0.364847 -0.929763 0.0714537 -0.460787 -0.884629 -0.0831679 0.0178754 -0.996375 -0.173622 0.341709 -0.923629 -0.236313 0.835306 -0.496407 -0.222022 0.963695 -0.148314 -0.115115 0.872252 0.475315 0.0372192 0.608008 0.793058 0.145709 0.338634 0.929568 0.159912 0.324861 0.932144 0.113505 0.41135 0.904383 -0.0377145 0.424186 0.90479 -0.105708 0.440289 0.891612 0.108121 -0.457489 -0.882617 0.132972 -0.443242 -0.886485 -0.277514 0.378449 0.883041 -0.381752 0.153908 0.91136 -0.32499 0.286152 0.901387 -0.186371 0.417165 0.889516 -0.368529 0.228976 0.900975 -0.0354888 0.440632 0.896986 -0.256161 0.0723481 0.963923 0.136746 -0.119991 0.983312 -0.0694312 -0.728781 0.681217 0.245078 -0.949167 0.197534 -0.204769 -0.90487 -0.373202 0.0336916 -0.720142 -0.693008 -0.421784 -0.439649 -0.792974 -0.161887 -0.386414 -0.908007 -0.476131 -0.590094 -0.651987 -0.0785993 -0.328112 -0.941363 -0.354178 -0.538306 -0.764712 0.178806 0.691865 0.699536 0.277231 0.492151 0.825185 0.548335 -0.48249 0.683031 0.475682 -0.853414 -0.213097 0.288014 -0.457086 -0.841498 0.207311 -0.0851925 -0.974559 0.306894 0.0305692 -0.951253 0.0573323 -0.221378 -0.973501 -0.0872988 0.606986 0.789903 -0.179963 0.297604 -0.937574 -0.370485 -0.293719 -0.881175 -0.374548 -0.124849 -0.918764 0.57735 0.57735 -0.57735 0.325142 0.92178 0.211198 0.73628 0.196501 0.647518 0.193018 0.655347 0.73025 0.213969 0.198135 0.956535 0.295377 -0.760326 0.578496 -0.175119 -0.968847 -0.175127 -0.332797 -0.784623 -0.523081 -0.485067 -0.727608 -0.485075 -0.216507 0.557962 0.801126 -0.214091 0.131124 0.967973 -0.20644 0.929044 0.307019 0.187656 0.669208 -0.718989 0.244836 -0.306597 -0.919812 0.250525 -0.805517 -0.53701 -0.408051 -0.684949 0.603606 0.374548 -0.124849 -0.918764 -0.259834 0.925422 -0.275828 -0.626631 0.370585 0.685566 0.175119 -0.968847 -0.175127 0.485067 -0.727608 -0.485075 0.11199 0.772994 0.62445 -0.0604974 0.914237 0.400638 -0.0319052 0.972649 0.230081 -0.0108635 0.614033 0.789206 0.411966 0.478762 0.775288 0.286071 0.308009 0.907355 -0.189728 0.120638 0.974397 -0.0806672 0.121002 0.989369 0.358234 0.21494 0.908553 -0.0553832 0.830772 0.553851 0.657501 0.402797 0.636747 0.77079 0.352554 0.530649 0.440275 0.88892 0.126411 0.728461 0.252895 0.636701 0.0761298 0.967162 -0.24249 0.899485 0.374738 -0.22472 0.923502 0.1984 0.3283 -0.30228 -0.843058 -0.444837 -0.48933 -0.83969 -0.235538 -0.360806 -0.922932 -0.134222 -0.526523 -0.561489 -0.63836 -0.100222 -0.610069 -0.785984 -0.294393 -0.242607 -0.924378 -0.536282 -0.0994546 -0.838159 -0.447049 -0.113466 -0.887284 -0.240989 -0.142986 -0.959937 -0.166468 -0.792645 -0.586518 0.133593 -0.671121 -0.729211 0.0804163 -0.503211 -0.860414 -0.0643481 -0.353918 -0.93306 -0.11199 0.772994 0.62445 0.0319052 0.972649 0.230081 0.0604974 0.914237 0.400638 0.0108635 0.614033 0.789206 -0.411966 0.478762 0.775288 -0.286071 0.308009 0.907355 0.189728 0.120638 0.974397 0.0806672 0.121002 0.989369 -0.358234 0.21494 0.908553 0.0553832 0.830772 0.553851 -0.657501 0.402797 0.636747 -0.842217 0.279448 0.461063 -0.440275 0.88892 0.126411 -0.795052 0.221561 0.564627 -0.995775 -0.0290383 0.0871155 -0.0761298 0.967162 -0.24249 -0.927172 0.264909 -0.264905 0.322199 -0.857267 -0.401598 0.347498 -0.936589 -0.0452388 0.528847 -0.838424 -0.131778 0.554591 -0.548515 -0.625748 0.10054 -0.596699 -0.796142 0.294393 -0.242607 -0.924378 0.34684 -0.780399 -0.520269 0.536282 -0.0994546 -0.838159 0.447049 -0.113466 -0.887284 0.240989 -0.142986 -0.959937 0.148094 -0.805329 -0.574033 -0.135957 -0.669571 -0.730199 -0.0827924 -0.492721 -0.86624 0.0643481 -0.353918 -0.93306 -0.675736 -0.350437 0.648517 0.0313479 -0.219687 0.975067 -0.0757872 -0.305796 0.949076 -0.754283 -0.341663 0.560646 -0.878933 -0.320716 0.353013 -0.884678 -0.302027 0.35514 0.707177 -0.110605 0.698331 0.716324 -0.2318 0.658141 0.99875 -0.0495575 -0.0065749 0.994541 -0.104288 -0.00347232 0.767292 -0.0576038 -0.638706 0.721711 -0.00774362 -0.692152 0.0135016 -0.101558 -0.994738 -0.0244451 -0.159413 -0.986909 -0.714137 -0.302354 -0.631341 -0.698562 -0.210742 -0.683812 -0.87667 -0.247223 -0.412712 -0.850754 -0.202939 -0.484803 0.767947 -0.250061 0.589683 0.990226 -0.0528711 0.129066 0.721754 -0.169427 0.671093 0.983059 0.178258 -0.0426396 0.764852 0.0493248 -0.642314 0.634614 0.291746 -0.715646 -0.0412831 0.0718579 -0.99656 -0.216455 0.233456 -0.947969 -0.718624 -0.0821739 -0.690527 -0.831284 0.0197237 -0.555498 -0.85734 -0.131033 -0.497794 -0.911134 -0.0822436 -0.403821 0.0783267 -0.32214 0.943446 0.0572474 -0.380479 0.923016 -0.651835 -0.333039 0.68132 -0.691896 -0.318349 0.648023 -0.905442 -0.262965 0.333203 -0.867881 -0.325381 0.37538 -0.680023 0.138009 -0.720085 0.171459 0.296202 -0.939609 -0.0142577 0.0575675 -0.99824 -0.702388 -0.0319827 -0.711076 -0.956676 -0.0423021 -0.288064 0.752736 0.0592084 -0.655654 0.805973 0.278884 -0.522141 0.990156 -0.0489885 0.131113 0.971176 0.0816079 0.223959 0.647319 -0.183157 0.739886 0.101127 -0.289036 0.951962 0.609047 -0.151112 0.778606 -0.173595 -0.178951 0.968422 -0.654796 -0.309378 0.689585 -0.761412 -0.140255 0.632914 -0.87128 -0.186531 0.453958 -0.872101 -0.105865 0.477737 -0.856006 -0.0331005 0.515904 -0.674426 -0.0377998 0.737374 -0.841332 0.054338 0.537781 -0.576563 0.017822 0.816859 -0.0136634 -0.0875737 0.996064 0.124683 -0.0564248 0.990591 0.649418 -0.105458 0.753084 0.752016 -0.113977 0.649216 0.982199 -0.170676 0.0784558 0.982203 -0.181183 -0.0494983 0.735089 -0.175483 -0.654866 0.627673 -0.209811 -0.749671 0.00791028 -0.167801 -0.985789 -0.112231 -0.179782 -0.977283 -0.73284 -0.0906867 -0.67433 -0.827157 -0.033946 -0.560944 -0.95411 0.00327052 -0.299439 -0.940115 0.0587571 -0.335756 -0.953176 -0.0648138 -0.295388 -0.73943 -0.100478 -0.665693 -0.0173184 -0.112991 -0.993445 0.721378 -0.139979 -0.678247 0.982712 -0.158297 0.0960198 -0.579711 -0.330823 0.744642 0.107097 -0.213397 0.971078 -0.883893 -0.367074 0.289811 0.640041 -0.0657039 0.765527 0.99923 0.0366297 0.0140471 0.640881 0.015593 -0.767482 0.00351478 -0.157167 -0.987566 -0.635784 -0.361687 -0.681881 -0.890499 -0.357051 -0.282004 0.686045 -0.288801 -0.667785 0.79032 -0.16853 -0.58906 -1.75624e-005 -0.151396 -0.988473 -0.198603 -0.268492 -0.942586 -0.802022 -0.147175 -0.578878 -0.846206 -0.146386 -0.512354 -0.964045 -0.195846 -0.179614 -0.948131 -0.167903 -0.269919 0.939045 -0.325556 -0.110489 0.97246 -0.188414 -0.137195 0.960506 -0.248322 0.125553 0.935305 -0.309502 0.171502 0.799263 0.109409 -0.590938 0.99663 0.0687049 -0.0448164 0.97608 0.12127 0.180448 0.759132 0.486085 0.432943 0.0573945 0.183248 -0.98139 0.22447 -0.0814028 -0.971075 -0.661973 -0.0569483 -0.747361 -0.011261 -0.316649 -0.948476 -0.759391 -0.240826 -0.604423 -0.911581 -0.19244 -0.363301 -0.942232 -0.115942 -0.314256 0.608028 -0.402895 -0.684089 0.816062 -0.194106 -0.544394 0.93552 -0.351425 -0.0360944 0.967567 -0.251429 -0.024432 0.77559 -0.0614037 0.628243 -0.0501757 0.545525 0.836591 0.0781266 -0.0827844 0.9935 -0.656249 -0.0641547 0.751812 -0.862769 0.119252 0.491333 -0.934794 -0.116873 0.33541 -0.959156 -0.0751255 0.272721 0.668867 -0.186334 0.71965 -0.977292 0.203121 0.0603528 -0.73915 0.609714 0.286193 -0.679123 0.554793 0.480621 -0.969321 0.245593 0.010079 -0.00625991 0.415471 0.909585 -0.732334 0.118839 0.670496 -0.991082 -0.133127 0.00585634 -0.723636 -0.183159 0.665435 -0.0303086 0.0242225 0.999247 -0.0347196 0 0.999397 0.607015 -0.0957201 0.788905 0.765765 -0.0422246 0.641733 -0.930516 -0.363874 -0.0416571 0.647977 0.497883 0.576401 -0.958961 -0.163817 -0.231427 -0.903783 -0.333519 -0.26822 0.515286 0.664547 0.541163 0.327144 0.866879 0.376163 0.447974 0.889107 0.0938514 0.898702 0.431368 0.0790936 0.0311473 0.89946 0.435893 0.0116217 0.330698 0.943665 -0.481884 0.68565 0.545593 -0.246629 0.885974 0.392714 -0.444371 0.864329 0.235521 -0.883383 0.260057 0.389877 0.402629 0.877858 -0.259336 0.67744 0.328151 -0.658325 0.0421355 0.916761 -0.397208 0.0374539 0.536423 -0.843117 -0.622871 0.423763 -0.657614 -0.413958 0.859033 -0.301168 -0.762362 0.588168 -0.269931 -0.544125 0.816188 -0.194331 -0.934084 0.0175703 -0.35662 -0.767886 0.0784818 -0.635761 0.670956 -0.354625 0.651198 0.759725 -0.331431 0.559439 0.0666263 -0.305039 0.950006 -0.0344044 -0.218139 0.975311 0.876262 -0.330357 0.350755 0.884678 -0.302027 0.35514 -0.709553 -0.110795 0.695887 -0.711669 -0.226586 0.664971 -0.998378 -0.0563522 -0.00804835 -0.995315 -0.0963791 -0.00769865 -0.755449 -0.069598 -0.6515 -0.720322 -0.0155798 -0.693464 -0.00614975 -0.106481 -0.994296 0.0347211 -0.161852 -0.986204 0.714978 -0.307445 -0.62792 0.702918 -0.216799 -0.677424 0.872746 -0.2567 -0.415233 0.850754 -0.202939 -0.484803 -0.763993 -0.235251 0.600809 -0.992164 -0.0498989 0.114548 -0.713807 -0.185603 0.675301 -0.9799 0.190455 -0.0593611 -0.754394 0.0565483 -0.653982 -0.634582 0.301712 -0.711531 0.0324814 0.0718473 -0.996887 0.208855 0.235496 -0.949169 0.718624 -0.0821736 -0.690527 0.824386 0.0244516 -0.565499 0.858722 -0.11518 -0.49933 0.896767 -0.0679921 -0.437248 -0.0785532 -0.322668 0.943247 -0.0343036 -0.387428 0.921262 0.639826 -0.346012 0.68622 0.689772 -0.316765 0.651057 0.896723 -0.281193 0.341788 0.884216 -0.295587 0.36165 0.683455 0.140451 -0.716354 -0.171432 0.300708 -0.938182 0.0292077 0.0573213 -0.997928 0.708809 -0.0355287 -0.704505 0.952377 -0.0463032 -0.301385 -0.747689 0.0565784 -0.661634 -0.801149 0.289676 -0.523687 -0.987107 -0.0512367 0.151643 -0.969454 0.0727509 0.234237 -0.631045 -0.19515 0.750799 -0.0968918 -0.289947 0.952125 -0.604838 -0.148062 0.782463 0.163264 -0.174566 0.971016 0.657913 -0.316709 0.683261 0.769573 -0.127642 0.625672 0.870393 -0.198993 0.450352 0.872101 -0.105865 0.477737 0.878032 -0.0156673 0.478345 0.689969 -0.0252154 0.723399 0.875445 0.0565419 0.479999 0.574851 0.0171999 0.818077 -0.0197682 -0.0886452 0.995867 -0.156068 -0.0590104 0.985982 -0.654178 -0.113749 0.747739 -0.744462 -0.0930575 0.661148 -0.980386 -0.174928 0.090791 -0.988124 -0.145798 -0.048522 -0.734919 -0.176664 -0.65474 -0.619958 -0.218779 -0.753517 -0.0177707 -0.168898 -0.985473 0.123008 -0.179864 -0.97597 0.736114 -0.0857463 -0.671404 0.831838 -0.0323919 -0.554073 0.95411 0.0032703 -0.299438 0.940115 0.058758 -0.335756 0.953176 -0.0648142 -0.295387 0.73943 -0.100478 -0.665694 0.0155213 -0.116702 -0.993046 -0.715941 -0.157732 -0.68011 -0.977916 -0.176875 0.111332 0.572788 -0.328422 0.751035 -0.116747 -0.212529 0.970155 0.874142 -0.38067 0.301604 -0.645317 -0.0547233 0.761952 -0.998308 0.0534163 0.0229924 -0.644658 0.00964831 -0.764411 -0.0051155 -0.156991 -0.987587 0.635655 -0.355211 -0.685397 0.879856 -0.369028 -0.299451 -0.661149 -0.352577 -0.662247 0.165452 -0.299218 -0.939731 -0.0209627 -0.163005 -0.986403 -0.772018 -0.19308 -0.605564 0.801601 -0.191613 -0.566321 0.826611 -0.260603 -0.498798 0.95296 -0.266867 -0.143698 0.953589 -0.203907 -0.221563 -0.923614 -0.361098 -0.128633 -0.978434 -0.152066 -0.139798 -0.960506 -0.248323 0.125552 -0.935305 -0.309503 0.1715 -0.796873 0.170087 -0.57971 -0.990342 0.116889 -0.0745624 -0.977356 0.146146 0.153025 -0.764857 0.498491 0.408045 -0.0400185 0.184439 -0.982029 -0.21483 -0.0705445 -0.9741 0.675969 -0.0209275 -0.736633 0.0187539 -0.314622 -0.949032 0.753633 -0.235577 -0.61363 0.925673 -0.149547 -0.347514 0.93004 -0.113291 -0.349558 -0.601367 -0.419386 -0.680054 -0.826011 -0.178925 -0.534501 -0.933645 -0.355897 -0.0405456 -0.956069 -0.28465 -0.0700458 -0.792214 -0.0862789 0.604114 0.0765781 0.547601 0.833228 -0.0715507 -0.0816521 0.994089 0.646745 -0.0486241 0.761155 0.852671 0.134509 0.504836 0.919155 -0.114839 0.376783 0.959331 -0.048951 0.278007 -0.679298 -0.175014 0.712688 0.964797 0.248001 0.0875307 0.70183 0.642034 0.308588 0.656187 0.562816 0.50265 0.972829 0.228125 0.0395176 0.00790927 0.415838 0.909404 0.728643 0.102254 0.677217 0.984971 -0.172463 0.00939785 0.723636 -0.183158 0.665435 0.0303089 0.0242226 0.999247 0.0347196 0 0.999397 -0.607015 -0.0957217 0.788905 -0.765766 -0.0422263 0.641732 0.930516 -0.363874 -0.0416571 -0.64228 0.505687 0.575984 0.940517 -0.24375 -0.23667 0.903783 -0.333519 -0.26822 -0.526915 0.671915 0.520471 -0.90157 0.426577 0.0721325 -0.492867 0.867155 0.0715889 -0.278505 0.897902 0.340892 -0.0294969 0.901798 0.43115 -0.0116213 0.330698 0.943665 0.49654 0.669116 0.55293 0.291809 0.858798 0.421087 0.483271 0.841644 0.241008 0.865083 0.28617 0.411993 -0.402463 0.880475 -0.250573 -0.669171 0.36858 -0.645259 -0.0305405 0.921827 -0.386397 -0.0177532 0.537696 -0.842952 0.619274 0.428231 -0.658117 0.416326 0.858553 -0.299264 0.749529 0.606445 -0.265387 0.544123 0.81619 -0.19433 0.939768 0.0248148 -0.340911 0.771346 0.0492962 -0.634504 0.082706 -0.805982 0.586133 0.093594 -0.938475 0.332423 0.0925377 -0.904295 0.416757 0.0419093 -0.988275 -0.146819 0.500049 -0.817379 -0.28608 0.313925 -0.600226 0.735649 0.157882 -0.898514 0.409568 0.201441 -0.967272 -0.154296 0.410329 -0.511665 0.75487 -0.086986 -0.407669 0.908977 0.424768 -0.792518 -0.437592 0.646718 -0.483992 0.589498 0.61378 -0.243771 0.7509 0.655362 -0.722114 -0.221477 0.560864 0.025753 -0.827507 0.335877 -0.382861 -0.860584 0.0403609 -0.789346 -0.61262 -0.314061 -0.665192 -0.677411 -0.11088 -0.756126 -0.644964 0.216715 -0.758642 -0.614408 0.293848 -0.949093 -0.113477 0.28033 -0.476178 -0.833468 -0.0853299 -0.213942 -0.973112 0.426481 -0.863272 0.269955 0.546852 -0.512955 -0.661688 0.645811 0.547229 -0.532417 0.407969 0.355446 -0.840964 0.0563091 -0.116035 -0.991648 -0.0545259 -0.468092 -0.881996 -0.103726 -0.42133 -0.900956 0.143674 -0.344558 -0.927705 0.143398 -0.940913 -0.30679 0.304516 -0.473043 -0.826741 0.259137 -0.95024 0.172892 0.520286 -0.565024 -0.640352 0.82876 0.230596 -0.509885 0.60656 0.0388466 -0.794088 -0.0482004 -0.127042 -0.990726 -0.316131 -0.145774 -0.937449 -0.22956 -0.456844 -0.859416 0.107692 -0.481444 -0.869835 -0.180345 -0.93535 -0.304296 0.231516 -0.580479 -0.780669 -0.0229441 -0.279676 -0.95982 -0.120583 -0.967199 0.223574 0.404092 -0.690796 -0.599592 0.8678 -0.144755 -0.475363 0.686256 -0.221721 -0.692743 0.174864 -0.31356 -0.933329 -0.240971 -0.51498 -0.822635 -0.249701 -0.46341 -0.850236 0.0842109 -0.53696 -0.839394 -0.445789 -0.865297 -0.2292 0.0663709 -0.700376 -0.710682 -0.389091 -0.904373 0.175265 0.247677 -0.803202 -0.541778 0.962288 -0.237706 -0.132276 0.728238 -0.314162 -0.609074 0.0487371 -0.295906 -0.953973 -0.275697 -0.144036 -0.950392 -0.481736 -0.333236 -0.810484 -0.599679 -0.627576 -0.49652 -0.727462 -0.623334 -0.286798 -0.11105 -0.54318 -0.83224 -0.748216 -0.639475 0.176759 -0.0249405 -0.896355 -0.442635 -0.126486 -0.743361 -0.656822 -0.625875 -0.618818 -0.474705 -0.400975 -0.697769 -0.59358 0.164887 -0.447132 0.879139 -0.0096343 -0.186222 0.98246 0.00759106 -0.36141 0.932376 0.0229435 -0.321205 0.946732 0.0908195 -0.523346 0.847267 0.658481 -0.542458 0.521673 0.12596 -0.821614 0.555955 0.846077 -0.533041 0.00452695 0.154158 -0.852577 0.499348 -0.544921 -0.835574 -0.0698392 -0.430201 -0.791404 0.43429 -0.0489527 -0.418675 0.906816 0.191607 -0.251374 0.948735 0.332734 -0.32654 0.884681 0.201383 -0.514818 0.833311 0.827932 -0.271785 0.490573 0.356593 -0.597603 0.718131 0.0230218 -0.1729 0.98467 0.979916 -0.197996 -0.0237156 0.44582 -0.753353 0.48343 -0.285856 -0.931529 -0.224811 -0.253837 -0.850565 0.46055 -0.018278 -0.401868 0.915515 0.234018 -0.119127 0.964906 0.22029 -0.426563 0.877221 0.822144 0.0193182 0.568952 0.47384 -0.495956 0.72767 0.0827648 -0.375523 0.92311 0.99877 0.029128 0.040132 0.616391 -0.599962 0.510008 0.166915 -0.957774 -0.234112 0.0552995 -0.934514 0.351605 0.116788 -0.49878 0.858824 0.254118 -0.172502 0.951665 0.161793 -0.195922 0.96718 0.325811 -0.404747 0.854416 0.666284 0.245262 0.70421 0.416327 -0.489815 0.765998 0.820266 0.477351 0.315119 0.692798 -0.521885 0.497662 0.256946 -0.931601 -0.257098 0.129037 -0.991638 -0.00177784 0.251947 -0.563919 0.786459 -0.0718416 -0.572268 0.816914 0.0958605 -0.315802 0.94397 0.457767 0.204648 0.865198 0.647722 0.513342 0.562971 -0.0791855 -0.807414 0.584648 -0.0925376 -0.904295 0.416758 -0.0936759 -0.935432 0.34087 -0.0449492 -0.987412 -0.15165 -0.491614 -0.816165 -0.303629 -0.307009 -0.584993 0.750686 -0.157881 -0.898514 0.409568 -0.201251 -0.967118 -0.155503 -0.420003 -0.515281 0.747049 0.077515 -0.412394 0.907702 -0.43568 -0.781244 -0.447035 -0.667153 -0.478654 0.570787 -0.618504 -0.257574 0.742367 -0.628956 -0.73522 -0.252717 -0.540008 0.0153205 -0.84152 -0.329163 -0.380583 -0.864181 -0.0398994 -0.782878 -0.620894 0.379572 -0.661374 -0.646923 0.163483 -0.753055 -0.637323 -0.214872 -0.760994 -0.612143 -0.289719 -0.946312 -0.143373 -0.262768 -0.479921 -0.837036 0.0853299 -0.213942 -0.973112 -0.42191 -0.858475 0.291571 -0.56832 -0.507573 -0.647597 -0.642996 0.5645 -0.517587 -0.407969 0.355446 -0.840964 -0.0563092 -0.116035 -0.991648 0.0818348 -0.42348 -0.902201 0.105313 -0.422002 -0.900458 -0.139574 -0.461042 -0.876333 -0.282419 -0.508091 -0.813685 -0.135045 -0.990319 -0.0321194 -0.259137 -0.95024 0.172892 -0.520286 -0.565024 -0.640352 -0.82876 0.230595 -0.509885 -0.604513 0.0312822 -0.795981 0.0354867 -0.136348 -0.990025 0.335077 -0.139218 -0.931849 0.255737 -0.45921 -0.85072 -0.103742 -0.487168 -0.867124 0.182161 -0.937212 -0.297407 -0.203703 -0.600565 -0.773193 0.0280459 -0.284464 -0.958276 0.120583 -0.967199 0.223575 -0.3863 -0.707343 -0.591978 -0.907442 -0.124331 -0.401361 -0.154214 -0.31704 -0.93579 0.216971 -0.512521 -0.83081 0.213522 -0.473871 -0.854315 -0.083162 -0.525679 -0.846608 0.436055 -0.861872 -0.258907 -0.703352 -0.202333 -0.681438 -0.0955604 -0.680918 -0.726098 0.390227 -0.903299 0.178251 -0.241816 -0.798771 -0.550899 -0.967595 -0.200895 -0.152975 0.254583 -0.171547 -0.951714 -0.0586373 -0.288352 -0.955727 -0.746888 -0.276136 -0.604902 0.443366 -0.351396 -0.824589 0.580603 -0.639738 -0.503622 0.131446 -0.544519 -0.828385 0.702092 -0.645226 -0.301249 0.723289 -0.66353 0.191264 0.0201274 -0.896471 -0.442645 0.17337 -0.734611 -0.655965 0.686703 -0.602808 -0.406278 0.429179 -0.708981 -0.559599 -0.14991 -0.439782 0.885505 0.0127617 -0.353271 0.935434 0.0096343 -0.186222 0.98246 -0.0229435 -0.321205 0.946732 -0.0908194 -0.523346 0.847267 -0.637871 -0.56551 0.522799 -0.0945738 -0.824417 0.558025 -0.824559 -0.565775 -0.00118116 -0.139692 -0.855519 0.498572 0.568662 -0.814156 -0.117361 0.460898 -0.7833 0.41715 0.0621166 -0.422659 0.904157 -0.195139 -0.238325 0.951379 -0.339568 -0.331974 0.880049 -0.209237 -0.516219 0.830505 -0.822868 -0.302586 0.480967 -0.36219 -0.586508 0.724449 0.0265581 -0.112612 0.993284 -0.969761 -0.241979 0.0317722 -0.450354 -0.750496 0.483671 0.296483 -0.929639 -0.21879 0.263672 -0.845301 0.464698 0.0461919 -0.366607 0.929229 -0.200542 -0.0831192 0.976153 -0.223438 -0.426741 0.876338 -0.814098 0.0128358 0.580586 -0.462919 -0.48759 0.740245 -0.0766328 -0.376413 0.923277 -0.993746 0.0329119 0.106701 -0.60446 -0.590903 0.534285 -0.156653 -0.958545 -0.238015 -0.0582433 -0.939446 0.337712 -0.122875 -0.503364 0.855293 -0.253433 -0.17911 0.950627 -0.160918 -0.191248 0.968261 -0.328619 -0.418394 0.846732 -0.670549 0.24422 0.700514 -0.422361 -0.501045 0.755357 -0.840474 0.462009 0.28311 -0.687388 -0.534552 0.491682 -0.275056 -0.929535 -0.245579 -0.132307 -0.991086 -0.0156396 -0.253376 -0.55877 0.789669 0.0574432 -0.577459 0.814397 -0.0951836 -0.310507 0.945794 -0.463597 0.205336 0.861925 -0.668194 0.508248 0.543324 0.171363 0.904536 0.390448 0.505132 0.639533 0.579516 0.315125 0.760265 0.568061 0.148789 0.717865 0.680097 0.691693 0.519458 0.501721 0.305491 0.607089 0.733566 0.811842 0.0762849 0.578872 0.317037 0.293201 0.901954 -0.133298 0.566726 0.813052 0.191028 0.0892707 0.977517 -0.667449 0.107254 0.736891 -0.613801 0.421244 0.667683 0.285574 0.676019 0.679298 0.174859 0.839931 0.513751 0.110272 0.899864 0.422 0.581863 0.688635 0.432686 0.338323 0.739811 0.581564 0.878839 0.477081 0.00590309 0.946516 0.160216 0.28007 0.616618 0.317973 0.720191 0.185875 0.567934 0.801811 0.577971 0.105683 0.809185 -0.329686 0.0418526 0.943163 -0.341575 0.363432 0.866743 0.48221 0.684826 0.54634 0.276238 0.871961 0.404199 0.165305 0.932175 0.322062 0.638325 0.744517 0.195538 0.502515 0.790751 0.349559 0.746461 0.585076 -0.31699 0.966694 0.222579 -0.126338 0.854336 0.366158 0.368834 0.533257 0.610998 0.585079 0.908808 0.110932 0.402197 0.241492 0.0211841 0.970171 0.101462 0.373293 0.922148 0.567321 0.690872 0.448155 0.321744 0.860863 0.394202 0.228239 0.934184 0.274239 0.356218 0.912495 -0.201151 0.228805 0.969635 -0.0863455 0.521267 0.770148 -0.367632 0.494096 0.856117 -0.151439 0.628277 0.737453 -0.247854 0.212691 0.472923 -0.855048 0.656724 0.093618 -0.748297 0.870568 0.393312 -0.295664 0.726842 0.686797 0.00323078 0.963393 0.0889924 -0.252892 0.783267 0.121816 0.609634 0.660248 0.481088 0.576739 0.482308 0.75656 -0.441583 0.248444 0.913378 -0.322514 0.161825 0.952778 -0.256957 0.122958 0.663582 -0.73793 0.291349 0.75252 -0.590618 -0.412695 0.367234 -0.83356 0.0779206 0.038532 -0.996215 0.513302 0.314482 -0.798512 0.550601 0.651224 -0.52225 0.629159 0.110231 -0.76942 0.989323 0.145727 -0.00202812 0.852908 0.521819 0.0158809 0.144584 0.689119 -0.710078 0.0373544 0.866626 -0.497558 -0.00596268 0.918786 -0.394711 -0.24484 0.634885 -0.732785 0.0445304 0.738777 -0.672477 -0.73208 0.356319 -0.5806 -0.482572 0.0491911 -0.874474 0.0553067 0.303708 -0.951159 0.428608 0.60496 -0.671058 0.218769 0.0993492 -0.970706 0.952888 0.0426351 -0.300311 0.890275 0.392295 -0.231335 0.289378 0.630889 -0.719889 0.291341 0.85715 -0.424751 0.114705 0.94271 -0.313273 -0.17067 0.903999 0.391991 -0.311086 0.763279 0.566242 -0.496602 0.647866 0.577629 -0.145259 0.715516 0.683327 -0.685669 0.534536 0.494094 -0.295179 0.609159 0.736067 -0.809255 0.0922266 0.580173 -0.310569 0.295711 0.903384 0.133171 0.565899 0.813649 -0.190332 0.089201 0.977659 0.669795 0.106833 0.734821 0.614161 0.421022 0.667493 -0.284816 0.676012 0.679623 -0.175101 0.840014 0.513534 -0.111839 0.898978 0.423475 -0.590722 0.683418 0.428938 -0.350515 0.726698 0.590804 -0.87884 0.477081 0.00590331 -0.94854 0.168167 0.268314 -0.622104 0.309513 0.719158 -0.186924 0.563175 0.804918 -0.575177 0.114579 0.809965 0.305531 0.0562538 0.950519 0.321802 0.375934 0.868975 -0.48274 0.688855 0.540777 -0.280955 0.872963 0.398749 -0.169264 0.931814 0.321049 -0.635247 0.748777 0.189193 -0.507414 0.786742 0.351521 -0.731184 0.601383 -0.322038 -0.960169 0.247725 -0.129261 -0.848896 0.379956 0.367436 -0.528456 0.612291 0.588077 -0.904744 0.134361 0.404209 -0.239817 0.0278855 0.970417 -0.0976412 0.374079 0.922243 -0.557549 0.69331 0.456574 -0.318534 0.856984 0.405111 -0.233924 0.930814 0.280828 -0.356218 0.912495 -0.20115 -0.528298 0.75776 -0.383016 -0.228805 0.969635 -0.0863456 -0.51688 0.841311 -0.158211 -0.632681 0.730554 -0.256918 -0.212703 0.465004 -0.859377 -0.654823 0.0946942 -0.749826 -0.880582 0.37398 -0.291059 -0.730654 0.682658 0.0110665 -0.966989 0.104236 -0.232523 -0.783266 0.121817 0.609635 -0.660248 0.481088 0.576739 -0.482308 0.75656 -0.441583 -0.247349 0.913566 -0.322824 -0.156902 0.954103 -0.255088 -0.125644 0.662972 -0.738026 -0.28732 0.752785 -0.592252 0.395965 0.379615 -0.836124 -0.0865198 0.0386772 -0.995499 -0.508648 0.305469 -0.804963 -0.551032 0.650721 -0.522423 -0.633181 0.108529 -0.766357 -0.984824 0.173543 0.00212006 -0.847282 0.531139 -0.0022424 -0.148012 0.68814 -0.710321 -0.0424298 0.866467 -0.497429 0.00522575 0.918672 -0.394986 0.245725 0.634117 -0.733154 -0.0434196 0.741131 -0.669955 0.733398 0.355283 -0.579569 0.481184 0.0506534 -0.875155 -0.0556279 0.305595 -0.950535 -0.426535 0.607839 -0.669776 -0.226274 0.0973785 -0.969184 -0.955741 0.0404581 -0.291413 -0.88836 0.394605 -0.23474 -0.279017 0.63228 -0.722753 -0.279716 0.860109 -0.426582 -0.109654 0.94317 -0.313696 -0.717107 0.629121 -0.299942 -0.284106 0.934515 -0.214396 -0.410363 0.775752 -0.479386 -0.75963 0.647217 0.0638114 -0.56982 0.809622 0.140778 -0.384371 0.76283 -0.519951 -0.0265473 0.197913 -0.97986 0.113642 0.8922 -0.437109 0.118817 0.844985 0.521424 -0.166607 0.91568 0.36575 -0.419963 0.611975 -0.670162 -0.563222 0.435514 -0.702217 -0.653673 0.512146 -0.557152 -0.336234 0.867569 0.366429 -0.317076 0.644636 0.695634 -0.493288 0.732409 0.469302 -0.111474 0.878073 0.465362 -0.131797 0.135009 0.98204 0.0487645 0.0769982 0.995838 0.0810219 0.718769 0.690511 0.0382256 0.98834 -0.14739 -0.176686 0.973062 0.1481 -0.420339 0.581352 0.696667 -0.632427 0.409021 0.657828 -0.274472 0.394931 0.876752 -0.28873 -0.0134528 0.957316 -0.187612 0.716061 0.672353 -0.587605 0.636062 0.500146 -0.285883 -0.671965 0.683179 -0.0789039 -0.746329 0.660884 0.167176 0.218803 0.961342 0.300742 0.952355 0.0507288 0.0123355 0.967354 0.25313 -0.372216 0.613399 0.696561 -0.275381 0.402328 0.873096 -0.328071 0.116138 0.937487 -0.517631 0.660173 0.54427 0.0815503 0.741961 0.665465 -0.490275 -0.513845 0.703984 -0.320966 -0.518183 0.792759 0.150854 0.260285 0.953674 0.671043 0.738311 0.0678146 0.32341 0.90311 0.282485 -0.309746 0.717518 0.62388 -0.565315 0.718942 0.404402 -0.25519 0.498917 0.828227 -0.479125 0.293531 0.827211 0.157619 0.817229 0.55434 -0.283639 0.907518 0.309774 0.172749 0.277927 0.944941 0.851254 0.522804 0.0451879 0.56484 0.789081 0.241467 -0.715249 -0.195769 0.67089 -0.609028 -0.264923 0.747597 -0.124262 0.835039 0.535975 -0.160064 0.596438 0.786537 -0.405429 0.463864 0.787691 -0.161438 0.899329 0.406381 -0.933041 -0.0433257 0.357152 -0.794486 -0.242916 0.556583 0.56473 0.545873 0.618953 0.19295 0.806021 0.559554 0.241909 0.23533 0.941329 0.96038 0.178149 0.214321 0.847235 0.471452 0.244796 -0.00825752 0.670669 0.741711 -0.339312 0.70032 0.628028 -0.357795 0.567238 0.741771 -0.249047 0.935922 0.249048 -0.425791 0.611521 -0.666891 -0.184198 0.90012 -0.394784 -0.175333 0.773848 -0.608619 -0.193844 0.492577 -0.848406 -0.145195 0.264564 -0.953375 -0.863266 0.0217935 -0.504278 -0.755814 0.392759 -0.523914 -0.184795 0.799859 -0.571031 0.0106226 0.678867 -0.734184 0.141006 0.718055 -0.681553 -0.46072 0.780263 -0.422998 -0.591801 0.381412 -0.710138 0.815922 0.557553 -0.152992 0.859089 0.359932 -0.36389 -0.0734674 0.227072 -0.971103 -0.852435 -0.300213 -0.42805 -0.85801 0.137126 -0.49499 -0.430425 0.668818 -0.606149 -0.509571 0.714507 -0.479392 -0.253219 0.648535 -0.717832 0.0102575 0.71422 -0.699847 -0.54445 0.182605 -0.818675 0.569063 0.821972 -0.0229858 0.75653 0.613727 -0.225834 -0.0369468 0.209081 -0.9772 -0.615064 -0.533813 -0.580293 -0.787691 -0.0804536 -0.610795 -0.567728 0.555931 -0.607146 -0.622132 0.679005 -0.389748 -0.427858 0.567191 -0.703728 -0.236665 0.745307 -0.623303 -0.550426 0.149774 -0.82134 -0.735346 0.440262 -0.515205 0.192444 0.981291 -0.00572506 0.483836 0.847306 -0.219033 -0.0560703 0.225832 -0.972551 -0.345747 -0.633243 -0.692432 -0.593794 -0.320948 -0.737836 -0.606577 0.429028 -0.669328 -0.420387 0.574267 -0.70249 -0.217972 0.79481 -0.566361 -0.352497 0.11866 -0.928259 -0.00772596 0.405515 -0.914056 0.238136 0.96204 -0.133302 0.0695296 0.99693 0.0360132 -0.411189 -0.26712 -0.871533 -0.154865 -0.540971 -0.82666 0.69711 0.645498 -0.312043 0.389686 0.784383 -0.482585 0.288283 0.933827 -0.211802 0.715772 0.696734 0.0472358 0.533 0.83586 0.131337 0.396726 0.764235 -0.508482 0.0269966 0.193412 -0.980746 -0.113642 0.8922 -0.437109 -0.118629 0.848467 0.515782 0.174847 0.914987 0.363632 0.436284 0.610924 -0.660627 0.568513 0.457206 -0.683926 0.6434 0.51208 -0.569043 0.333547 0.870362 0.362237 0.313073 0.660029 0.682895 0.506039 0.720662 0.473889 0.114988 0.87804 0.464568 0.125533 0.136317 0.98268 -0.0465298 0.0740339 0.99617 -0.0810379 0.720501 0.688702 -0.0380351 0.987796 -0.151036 0.178678 0.974106 0.138535 0.423972 0.583658 0.692525 0.632427 0.40902 0.657829 0.284527 0.394461 0.873753 0.291634 -0.0168293 0.956382 0.187612 0.71606 0.672354 0.57807 0.643271 0.502033 0.285205 -0.679232 0.676241 0.0789039 -0.746329 0.660884 -0.167176 0.218803 0.961342 -0.300742 0.952355 0.0507286 -0.0123354 0.967354 0.25313 0.360955 0.615426 0.700687 0.275381 0.402328 0.873096 0.309003 0.109334 0.944756 0.481723 0.654874 0.582308 -0.099183 0.730807 0.67534 0.490275 -0.513845 0.703984 0.320912 -0.518071 0.792854 -0.15888 0.263092 0.951599 -0.672865 0.737619 0.0563085 -0.32341 0.903111 0.282484 0.289503 0.70362 0.648928 0.527297 0.705505 0.473519 0.251055 0.509822 0.822832 0.468212 0.288951 0.835036 -0.165272 0.792297 0.587326 0.285055 0.902372 0.323216 -0.161983 0.263486 0.950966 -0.870501 0.485614 0.0800422 -0.575226 0.77773 0.253478 0.757436 -0.21382 0.616905 0.647468 -0.309785 0.696289 0.14267 0.822297 0.550884 0.167048 0.591998 0.788437 0.414791 0.446428 0.792875 0.17247 0.888869 0.42446 0.933041 -0.0433248 0.357151 0.792742 -0.241351 0.559741 -0.570305 0.552019 0.608299 -0.179484 0.799454 0.573287 -0.25299 0.242353 0.936622 -0.960486 0.217833 0.173253 -0.834457 0.504682 0.221307 0.0242584 0.67268 0.739536 0.363312 0.676208 0.640895 0.357795 0.567238 0.741771 0.270004 0.924227 0.270005 0.418812 0.616323 -0.66689 0.165511 0.770585 -0.615471 0.179609 0.893563 -0.411443 0.179479 0.494209 -0.850614 0.139797 0.268102 -0.953194 0.870193 0.0597049 -0.48908 0.748039 0.421577 -0.512552 0.180643 0.799863 -0.572352 -0.0190533 0.680008 -0.732957 -0.137531 0.715382 -0.685065 0.482786 0.76977 -0.417579 0.618846 0.363887 -0.696144 -0.840422 0.531775 -0.104435 -0.890142 0.309342 -0.334595 0.0875887 0.224287 -0.970579 0.858767 -0.245376 -0.449789 0.853939 0.127272 -0.504569 0.448091 0.648168 -0.615705 0.475503 0.684033 -0.553169 0.245692 0.642847 -0.725523 -0.0349172 0.682277 -0.73026 0.506841 0.1617 -0.846738 -0.588783 0.80739 -0.0381586 -0.773736 0.585788 -0.241216 0.0380524 0.210559 -0.97684 0.62924 -0.49586 -0.598482 0.783319 -0.069449 -0.617728 0.53929 0.54023 -0.646002 0.604514 0.668951 -0.432512 0.427857 0.567191 -0.703728 0.22531 0.727243 -0.648346 0.549382 0.181333 -0.815658 0.742609 0.471712 -0.475416 -0.207688 0.978027 0.0181188 -0.511503 0.835416 -0.201109 0.0517337 0.228165 -0.972247 0.331545 -0.648052 -0.685643 0.597253 -0.28539 -0.749561 0.594441 0.456675 -0.661882 0.419429 0.582505 -0.696252 0.208366 0.784867 -0.583582 0.354877 0.13002 -0.925828 0.00810962 0.402234 -0.915501 -0.24722 0.958759 -0.140225 -0.0686092 0.997294 0.0264063 0.421083 -0.24944 -0.872048 0.15487 -0.545658 -0.823573 -0.200782 -0.789311 -0.580237 -0.497972 -0.79295 -0.351077 -0.336356 -0.602041 -0.724163 -0.21621 -0.502772 -0.836943 -0.650065 -0.553141 -0.521009 -0.320644 -0.382392 -0.866582 -0.00531624 -0.554352 -0.832265 -0.153207 -0.448922 -0.880339 0.459962 -0.612333 -0.643026 -0.220501 -0.756636 -0.615534 -0.134065 -0.906981 -0.399263 -0.508451 -0.620653 -0.596881 -0.48424 -0.486613 -0.727131 -0.72833 -0.626671 -0.277163 -0.592739 -0.397453 -0.700494 -0.34081 -0.54806 -0.763858 -0.472091 -0.461582 -0.751047 0.179753 -0.620066 -0.76368 -0.401982 -0.778394 -0.482196 -0.176694 -0.929234 -0.324506 -0.66 -0.646236 -0.383117 -0.730043 -0.539466 -0.41954 -0.681228 -0.732009 -0.0095491 -0.812829 -0.449533 -0.370444 -0.647603 -0.597452 -0.472929 -0.767015 -0.486284 -0.418589 -0.250109 -0.60424 -0.756532 -0.463684 -0.833387 -0.300772 -0.159452 -0.805837 -0.570264 0.262297 -0.748882 -0.608585 -0.219724 -0.892959 -0.392867 0.495391 -0.770078 -0.401955 -0.194855 -0.915646 -0.351602 -0.164447 -0.933011 0.320074 -0.220697 -0.884185 0.411716 -0.689333 -0.6885 0.22536 -0.487253 -0.868108 0.0947279 -0.759385 -0.610299 0.225544 -0.514083 -0.655442 0.553276 -0.843937 -0.445623 0.298649 -0.743556 -0.650642 0.154242 -0.851434 -0.477326 0.217301 -0.635209 -0.696135 -0.334523 -0.320798 -0.872025 0.369677 -0.123701 -0.964692 0.232526 -0.329953 -0.630831 0.70227 -0.426459 -0.550308 0.71784 -0.0281303 -0.577533 0.815883 -0.458245 -0.426699 0.779705 -0.462811 -0.614095 0.639292 -0.515308 -0.497841 0.697576 -0.65159 -0.739176 0.170438 -0.101296 -0.776275 0.622203 0.0105187 -0.918295 0.395757 0.0579582 -0.575228 0.815938 -0.0989404 -0.48247 0.870306 0.398308 -0.564663 0.722846 -0.352573 -0.903984 -0.241878 0.0020969 -0.911013 0.412372 0.627709 -0.756698 0.182728 -0.0464492 -0.386234 0.92123 -0.302538 -0.588366 0.749864 -0.192663 -0.472581 0.85997 -0.69806 -0.619583 0.358927 -0.131195 -0.810761 0.570486 -0.488587 -0.820301 0.297302 -0.628592 -0.772562 -0.0895561 -0.222911 -0.860896 0.45735 -0.219737 -0.845442 -0.486769 -0.604265 -0.796724 -0.00972242 -0.132472 -0.906689 -0.400458 0.562893 -0.783779 -0.262378 -0.504618 -0.836874 0.212138 -0.269051 -0.937155 0.222153 0.195598 -0.828474 0.52476 -0.172165 -0.95333 0.248037 -0.117166 -0.843007 -0.524987 0.544836 -0.722943 0.424861 0.191282 -0.792405 -0.579229 0.328705 -0.60411 -0.72595 0.483082 -0.801017 -0.353557 0.217847 -0.50239 -0.836748 0.642432 -0.55972 -0.523445 0.321779 -0.382343 -0.866183 0.0064397 -0.55319 -0.83303 0.150705 -0.448766 -0.88085 -0.460056 -0.618163 -0.637356 0.223762 -0.757007 -0.613899 0.139419 -0.911545 -0.386843 0.505479 -0.62511 -0.594751 0.485951 -0.480153 -0.730277 0.724884 -0.633793 -0.269907 0.59025 -0.399394 -0.701491 0.345346 -0.549382 -0.760865 0.478375 -0.462258 -0.746642 -0.169076 -0.625707 -0.761514 0.392723 -0.783507 -0.481544 0.172223 -0.929901 -0.324998 0.668668 -0.643413 -0.372697 0.748259 -0.510582 -0.423574 0.677279 -0.735726 0.000128423 0.824285 -0.429345 -0.369076 0.652627 -0.588072 -0.477754 0.755728 -0.498013 -0.425275 0.258556 -0.603923 -0.75394 0.472009 -0.830051 -0.297022 0.168999 -0.806789 -0.566155 -0.263815 -0.743454 -0.614555 0.213944 -0.895141 -0.391089 -0.471764 -0.781326 -0.408617 0.194855 -0.915646 -0.351602 0.164447 -0.933011 0.320074 0.232582 -0.883619 0.406352 0.495724 -0.863757 0.0904567 0.70025 -0.679346 0.219407 0.762805 -0.601944 0.236204 0.532878 -0.64866 0.543398 0.843209 -0.441009 0.307424 0.741809 -0.651616 0.158479 0.846724 -0.484819 0.219109 0.619023 -0.704478 -0.347162 0.331206 -0.867779 0.370488 0.127134 -0.965555 0.227026 0.332068 -0.6274 0.704344 0.426459 -0.550308 0.71784 0.0386803 -0.575648 0.816782 -0.524217 -0.734833 0.430369 0.461265 -0.42035 0.781371 0.46813 -0.61232 0.637117 0.527077 -0.49097 0.693641 0.657148 -0.735393 0.165389 0.100405 -0.776808 0.621682 -0.00950508 -0.917661 0.397249 -0.0586071 -0.574871 0.816142 0.097045 -0.488157 0.867344 -0.396148 -0.566774 0.722381 0.358235 -0.905011 -0.229398 -0.00392561 -0.910745 0.412951 -0.630161 -0.75519 0.180513 0.0474539 -0.390169 0.91952 0.300039 -0.591522 0.748384 0.201752 -0.471319 0.858577 0.693879 -0.625965 0.355949 0.125057 -0.811768 0.570432 0.474721 -0.827983 0.29847 0.61563 -0.782688 -0.0916475 0.215587 -0.862349 0.458122 0.591463 -0.806304 -0.00680698 0.211971 -0.84693 -0.487626 0.133598 -0.906764 -0.399914 -0.554751 -0.792312 -0.253954 0.504618 -0.836874 0.212138 0.261664 -0.937829 0.228056 -0.199386 -0.826357 0.526668 0.172165 -0.95333 0.248037 0.117165 -0.843007 -0.524987 0.276711 -0.637155 -0.71935 0.165616 -0.482495 -0.860099 0.314839 -0.589037 -0.744252 0.212858 -0.682959 -0.698755 0.185511 -0.622696 -0.760155 0.177325 -0.566634 -0.804662 0.37147 -0.499164 -0.782845 0.466542 -0.813009 -0.34836 0.527684 -0.685867 -0.501134 0.533591 -0.73384 -0.420427 0.569592 -0.645767 -0.508478 0.55066 -0.520365 -0.652683 0.561343 -0.710105 -0.425023 0.598687 -0.517439 -0.611417 0.565993 -0.790781 0.23306 0.745296 -0.665718 0.0367942 0.6169 -0.765604 0.182445 0.520338 -0.779383 0.349013 0.382433 -0.836811 0.39178 0.581873 -0.722678 0.373042 0.803377 -0.536588 0.258182 0.0397969 -0.762317 0.645979 0.0980526 -0.695224 0.712074 0.116523 -0.688032 0.716265 0.1007 -0.663318 0.741531 0.253505 -0.605704 0.754227 0.216461 -0.633947 0.742466 0.428181 -0.448357 0.784625 0.0190547 -0.933794 0.357303 -0.12263 -0.932783 0.338936 0.0316971 -0.924023 0.38102 0.0549143 -0.872859 0.484873 0.0206928 -0.919671 0.392143 0.12463 -0.963375 0.237437 0.00480279 -0.954524 0.298097 0.0980275 -0.906874 -0.409842 -0.0939117 -0.923235 -0.372583 0.0791906 -0.919667 -0.38463 0.134682 -0.860287 -0.491698 0.0812324 -0.908652 -0.409576 0.194672 -0.940916 -0.27709 0.0583266 -0.940832 -0.333817 0.13551 -0.920429 -0.366671 -0.0189649 -0.901662 -0.432026 0.159423 -0.949047 -0.271833 0.291836 -0.893392 -0.341588 0.226247 -0.952189 -0.2053 0.193581 -0.980845 -0.0216768 0.114493 -0.963946 -0.240208 0.227111 -0.973236 0.0351102 0.190095 -0.973136 -0.129887 0.169418 -0.976034 0.136582 0.278198 -0.939775 0.198569 0.155533 -0.952617 0.261402 0.0274856 -0.94325 0.330945 0.122287 -0.986396 0.109857 -0.280084 -0.636509 -0.718617 -0.214788 -0.682563 -0.698551 -0.322392 -0.587393 -0.742315 -0.169964 -0.482133 -0.859453 -0.187351 -0.623699 -0.75888 -0.182734 -0.567942 -0.802528 -0.381676 -0.50095 -0.77677 -0.467312 -0.814686 -0.343375 -0.533239 -0.733587 -0.421314 -0.523545 -0.689755 -0.50014 -0.562383 -0.649401 -0.511862 -0.542776 -0.519941 -0.659587 -0.56344 -0.703957 -0.432411 -0.599702 -0.501814 -0.62333 -0.56945 -0.787103 0.237057 -0.526232 -0.775433 0.348975 -0.622126 -0.759927 0.188335 -0.755284 -0.654261 0.038588 -0.382433 -0.836811 0.39178 -0.5948 -0.714719 0.367955 -0.821977 -0.514231 0.244788 -0.0408807 -0.762587 0.645592 -0.119228 -0.688229 0.715629 -0.099915 -0.694337 0.71268 -0.102407 -0.661577 0.742852 -0.255841 -0.60152 0.756782 -0.220365 -0.633551 0.741655 -0.435277 -0.446672 0.781676 -0.0307681 -0.924313 0.380392 0.127271 -0.932233 0.338738 -0.0182582 -0.933949 0.356939 -0.0572299 -0.873231 0.483934 -0.0214126 -0.920274 0.390687 -0.124623 -0.963415 0.237277 -0.00264647 -0.95421 0.299125 -0.099418 -0.907057 -0.4091 -0.138286 -0.860181 -0.490883 -0.0767948 -0.919032 -0.386629 0.0977864 -0.922888 -0.372445 -0.077775 -0.907333 -0.413156 -0.188025 -0.940126 -0.284272 -0.0532859 -0.940013 -0.33695 -0.133385 -0.920424 -0.367462 -0.290758 -0.892962 -0.343626 -0.158456 -0.948949 -0.272741 0.0208675 -0.901409 -0.432466 -0.22396 -0.95247 -0.206503 -0.193672 -0.980825 -0.021744 -0.116099 -0.963559 -0.240989 -0.226852 -0.973329 0.034203 -0.282254 -0.938208 0.200249 -0.170645 -0.976074 0.134758 -0.189851 -0.972063 -0.138021 -0.158279 -0.952584 0.259869 -0.0267583 -0.943026 0.331641 -0.123513 -0.986585 0.106743 0.760097 -0.646675 -0.0637573 0.655628 -0.751012 -0.0783143 0.678406 -0.539108 -0.499127 0.635045 -0.410177 0.654579 0.871091 -0.28189 0.402168 0.698295 -0.540785 -0.468973 0.992119 -0.113551 0.0529769 0.567254 -0.645072 -0.511962 0.703905 0.131647 0.697988 0.772845 0.487237 0.406585 0.994442 -0.10458 0.0121374 0.707916 -0.425785 -0.563526 0.671082 -0.362095 -0.646943 0.735992 -0.484207 -0.473138 0.673438 -0.595132 -0.438519 0.869128 -0.490502 -0.0634341 0.817294 -0.559805 -0.136562 0.695124 -0.406425 -0.592977 0.752631 -0.5535 0.35663 0.796435 -0.0551474 0.602205 0.938601 -0.305938 -0.159466 0.657126 -0.462234 -0.59542 0.728179 -0.412293 -0.547512 0.974872 -0.0966316 0.200715 0.963592 -0.155068 0.217819 0.838995 0.222531 0.496557 0.925939 -0.233732 -0.29666 0.902984 -0.348124 0.251851 0.820535 -0.486376 0.300269 0.951897 -0.30467 -0.0326999 0.637539 -0.277723 0.718619 0.829585 -0.190922 0.524725 0.932548 -0.349338 -0.0911953 0.880193 -0.257001 0.399013 0.854651 -0.510526 -0.0945218 0.594516 -0.04916 0.802579 0.706719 -0.00382426 0.707484 0.82635 -0.338437 0.450117 0.64295 -0.538904 -0.54424 0.767131 -0.628621 -0.127852 0.951296 0.199656 -0.234889 0.981385 0.100655 -0.163561 0.99146 0.0583219 0.116644 0.715447 -0.692735 0.0908502 0.948116 0.213858 -0.235248 0.638318 -0.649581 -0.41303 0.876911 -0.173836 0.448116 0.88321 -0.33617 -0.327001 0.733963 -0.671048 0.10485 -0.720861 0.678847 0.139736 -0.640541 0.579182 0.504237 -0.607083 0.780626 0.148572 -0.692998 0.503867 -0.515628 -0.883882 0.385373 -0.265027 -0.668949 0.563059 0.485254 -0.978629 0.178648 0.101838 -0.585135 0.611255 0.532901 -0.841996 0.00152982 -0.539482 -0.903555 -0.393695 -0.169096 -0.974709 0.0892527 0.20488 -0.640793 0.445965 0.6249 -0.664057 0.509864 0.546871 -0.610664 0.377289 0.696234 -0.609696 0.58481 0.53504 -0.8807 0.425336 0.208464 -0.916559 0.248347 0.313438 -0.793107 0.377597 0.477915 -0.738746 0.484776 0.468237 -0.877119 0.209613 0.432115 -0.768753 0.583765 0.261221 -0.935466 0.353224 0.0117024 -0.719136 0.69062 0.0767341 -0.650702 0.681047 0.3358 -0.659535 0.510852 0.551401 -0.936853 0.0709673 0.342447 -0.885512 0.464242 -0.0186504 -0.894408 0.447252 3.46795e-005 -0.690494 0.70726 0.151665 -0.841909 0.519253 0.146851 -0.95077 0.308672 -0.0275244 -0.927713 0.194818 -0.318426 -0.974232 0.123316 0.188853 -0.999491 0.0142636 -0.0285273 -0.906637 0.250538 0.33947 -0.785915 0.0744896 0.613832 -0.880785 -0.0351648 0.472209 -0.615457 0.492365 0.615458 -0.886484 -0.132971 0.443243 -0.600571 0.660627 0.450429 -0.643948 0.650655 0.402465 -0.891953 -0.0743302 0.445977 -0.847549 0.032598 0.529714 -0.95258 0.136082 0.272163 -0.804973 0.284109 0.520865 -0.776495 0.333306 0.534755 -0.66601 0.717242 0.204926 -0.948683 0.316229 -1.38126e-006 -0.941183 -0.125491 0.313729 -1 0 -0 -0.25349 0.703763 -0.663671 -0.0345753 0.999386 0.00559861 -0.0804078 0.778493 -0.622481 0.00558448 0.993174 -0.116507 0.0203003 0.750526 -0.660529 0.00136788 0.493139 -0.869949 0.0420198 0.998844 -0.0233462 0.039352 0.846111 0.531552 0.047687 0.749634 0.660133 -0.0142835 0.557131 0.830302 -0.119182 0.581535 0.804744 -0.208385 0.413669 0.886258 -0.229936 0.279732 0.932137 -0.110974 0.707155 0.698295 -0.166501 0.983595 0.0694206 -0.102359 0.791094 -0.60307 -0.126025 0.409478 -0.903574 -0.209865 0.206174 -0.955745 -0.273528 0.198697 0.941117 -0.273788 0.278632 0.920546 -0.347569 0.416045 0.840299 -0.392289 0.0770101 0.916613 -0.480774 -0.099472 0.871184 -0.446315 -0.112453 0.887782 -0.314761 0.203812 0.927031 -0.189175 0.209414 0.959353 -0.129147 -0.0808435 0.988325 0.0605928 0.360207 0.930903 0.131987 0.483692 0.865229 -0.352722 -0.208692 0.912159 -0.349279 0.579933 0.73599 0.125499 0.540469 0.831952 -0.320457 0.577054 0.75121 0.533788 0.323686 0.781216 0.441215 0.349599 0.826505 0.109957 0.298565 0.948034 0.144772 0.0980337 0.984597 -0.102676 -0.376575 0.920679 -0.448628 -0.378489 0.809616 -0.603511 -0.464465 0.64811 -0.528605 -0.189039 0.827551 -0.407987 0.0705508 0.910258 -0.32425 0.137628 0.935906 -0.296932 0.286154 0.911015 -0.253937 0.7618 0.595967 -0.312186 0.936557 -0.159377 -0.256203 0.579519 -0.773639 -0.372782 0.224066 -0.90046 -0.46336 -0.0609144 -0.884074 -0.254198 -0.0375425 -0.966423 -0.0636493 0.258699 -0.963859 -0.0985614 0.150976 -0.983612 -0.158088 0.234301 -0.959224 -0.111809 0.152307 -0.981988 -0.0987237 0.0459894 -0.994052 -0.0725047 0.0434927 -0.996419 -0.0780927 0.157473 -0.984431 -0.170426 0.455458 -0.873792 -0.0548948 0.446563 -0.893066 -0.11685 0.294141 -0.948592 -0.099908 0.282248 -0.954125 -0.0486155 -0.0149376 -0.998706 -0.0791724 0.0792799 -0.993703 -0.170867 -0.0382233 -0.984552 -0.0727977 0.00239422 -0.997344 -0.126386 -0.242381 -0.961914 -0.066025 -0.159539 -0.984981 -0.213804 -0.250545 -0.944201 -0.372328 -0.341819 -0.862862 -0.434561 -0.219479 -0.87349 -0.300483 -0.529068 -0.793597 -0.208718 -0.542486 -0.813724 -0.128934 -0.435152 -0.891077 -0.0651343 0.381746 -0.92197 -0.156457 0.444031 -0.882246 -0.86259 -0.128702 0.489259 -0.796026 0.0995132 0.597026 -0.870389 -0.348149 0.34816 -0.888888 0.111112 0.444446 -0.200116 0.31347 0.928273 -0.212795 0.541781 0.813137 -0.132457 0.331007 0.934286 -0.321235 0.213351 0.922654 -0.401762 0.331108 0.853789 -0.646678 0.176396 0.742086 -0.0266384 0.623088 0.781698 0.0426751 0.817905 0.573768 -0.107025 0.789331 0.604568 -0.504075 0.473654 0.722191 -0.535879 0.529766 0.657405 -0.758901 0.270463 0.592384 -0.701159 0.409223 0.583877 -0.48424 0.653483 0.581783 -0.154186 0.864172 0.478992 -0.408685 0.802076 0.435489 -0.62539 0.648082 0.4346 -0.720659 0.462382 0.516579 -0.562544 0.821181 0.0959497 -0.368846 0.929485 -0.00330167 -0.581816 0.642717 -0.498403 -0.419904 0.740496 -0.524734 -0.206458 0.932677 -0.295785 -0.0949821 0.983068 0.156704 -0.415152 0.589243 -0.693139 -0.357492 0.699837 -0.618407 -0.362289 0.471314 -0.804121 -0.290664 0.520374 -0.802948 -0.240415 0.753798 -0.611546 -0.254058 0.330125 -0.909105 -0.208439 0.491071 -0.845815 -0.190734 0.262294 -0.945951 -0.119293 0.438205 -0.890924 -0.140649 0.646433 -0.749894 -0.0799094 0.278744 -0.957035 -0.0911297 0.531045 -0.842429 -0.19935 0.569571 -0.797401 -0.532287 -0.749133 -0.394296 -0.371392 0 -0.928476 -0.754338 -0.464202 -0.46421 -0.687748 -0.675678 -0.265447 -0.845148 0.169038 0.5071 -0.265518 0.552129 0.790351 0.349393 0.873471 0.339075 -0.0873463 -0.751422 0.654015 -0.143561 0.679736 0.71927 -0.690564 -0.582514 0.428718 -0.272457 0.239213 0.931957 -0.115409 0.63446 0.764292 -0.674854 -0.367699 0.63982 -0.117736 0.632834 0.765284 -0.173818 -0.908475 0.380079 0.326699 -0.892304 0.311547 0.311798 -0.923807 0.222177 -0.242673 -0.962355 0.122407 -0.697989 -0.696452 -0.166628 -0.796893 -0.589178 -0.133532 -0.539653 -0.811578 0.223865 -0.427904 -0.901637 -0.0628391 -0.0259268 -0.961483 0.273639 -0.0148869 -0.982289 0.186781 -0.363378 -0.925318 -0.108366 -0.415757 -0.719996 -0.555654 -0.516238 -0.706944 -0.483455 -0.580066 -0.801019 -0.147961 -0.626805 -0.747353 -0.220407 -0.351104 -0.897754 -0.266013 -0.362386 -0.912854 0.188082 -0.295584 -0.93884 0.176662 -0.349182 -0.916365 -0.195826 0.00498622 -0.796989 -0.603974 -0.180467 -0.724832 -0.664868 -0.418077 -0.750479 -0.511853 -0.466806 -0.708772 -0.528899 -0.488683 -0.807941 -0.329272 -0.1313 -0.890723 -0.43517 -0.411067 -0.895625 -0.169942 -0.127278 -0.892161 -0.433415 0.266808 -0.858556 -0.43783 0.175151 -0.766912 -0.617389 -0.0274798 -0.716392 -0.697157 0.105591 -0.665224 -0.739139 0.0743981 -0.00121922 0.997228 0.0768859 -0.0370621 0.996351 0.0766964 0 0.997054 0.0640959 -0.00211729 0.997942 0.0626612 -0.00158057 0.998034 0.0738715 0 0.997268 0.0618424 -0.0523863 0.99671 0.0530476 -0.168002 0.984358 0.0477942 -0.00637254 0.998837 0.0452564 -0.0982082 0.994136 0.0137355 -0.194801 0.980747 0.00189473 -0.28081 0.959762 -0.0138995 -0.320435 0.947168 -0.020055 -0.418297 0.908089 -0.0338945 -0.442826 0.895967 -0.048916 -0.664536 0.745654 -0.0689343 -0.80991 0.582489 -0.0805315 -0.986271 0.144166 -0.0900279 -0.989645 -0.111795 -0.0845871 -0.841558 -0.533503 -0.0613793 -0.684356 -0.72656 -0.00730294 -0.426019 -0.904685 -0.0105668 -0.369833 -0.929038 0.0407146 -0.34325 -0.938361 0.0764318 -0.376507 -0.923256 0.0893797 -0.346494 -0.933784 0.130957 -0.341708 -0.930637 0.108248 -0.312647 -0.943681 0.172621 -0.333444 -0.926832 0.212705 -0.33829 -0.916688 0.215343 -0.331121 -0.918687 0.234713 -0.337024 -0.91177 -0.914291 -0.403543 -0.0350072 -0.873174 -0.48111 0.078108 -0.939236 -0.331938 0.0874833 -0.803849 -0.593762 -0.0356755 -0.995539 -0.0763845 -0.0553803 -0.951024 -0.132942 0.279069 -0.844369 -0.151023 0.514036 -0.999433 -0.00674851 -0.0329881 -0.884639 -0.0220514 0.465755 -0.996952 0.039111 -0.0674993 -0.829583 0.0855357 0.551793 -0.857718 -0.258776 -0.444247 -0.7457 -0.0868943 -0.660591 -0.763635 0.161598 -0.625098 -0.348164 0.0668738 -0.935045 -0.335369 0.432864 -0.836754 -0.0707626 0.319688 -0.944877 -0.0453893 0.0324069 -0.998444 -0.710836 0.498455 -0.496242 -0.956436 0.291925 0.00306161 -0.824985 0.538105 0.172753 -0.734259 0.284618 0.616325 -0.62405 0.481948 0.615052 -0.267525 -0.157196 -0.950642 -0.067487 -0.194616 -0.978555 -0.552175 0.375043 0.744611 -0.448843 0.530644 0.718997 -0.448846 -0.348524 -0.822842 -0.0842443 -0.274713 -0.957829 -0.814614 -0.535275 -0.223349 -0.961017 -0.247787 -0.122669 -0.882259 -0.464886 0.0741621 -0.873916 -0.482567 -0.0583117 -0.885155 -0.465195 -0.00970757 -0.838487 -0.535271 0.102103 -0.571561 0.597496 0.56242 -0.744228 0.665617 0.0554884 -0.587292 0.546173 0.597314 -0.421465 0.569013 0.70611 -0.7987 0.599645 0.0500373 -0.6878 0.436337 0.580122 -0.852108 0.522908 -0.0218963 -0.854679 0.513325 0.0775991 -0.678659 0.386697 0.62441 -0.884749 0.143415 0.443453 -0.660341 0.542725 -0.519037 -0.606805 0.577459 -0.546194 -0.6197 0.607531 -0.496868 -0.595539 0.626447 -0.50289 -0.300429 0.513795 -0.80359 -0.238848 0.524898 -0.816966 -0.283031 0.587126 -0.758404 -0.307276 0.608491 -0.731655 -0.118186 0.556452 -0.822431 -0.126164 0.483897 -0.865983 -0.0897733 0.58372 -0.806977 -0.923788 0.299385 -0.238715 -0.571123 0.288782 -0.76839 -0.0978362 0.489281 -0.866621 -0.137387 0.178064 -0.974381 -0.0659743 0.175752 -0.982221 -0.0608783 -0.0707018 -0.995638 -0.14576 0 -0.98932 -0.311507 -0.12312 -0.942234 -0.335031 0.141067 -0.931587 -0.564196 -0.0594545 -0.823497 -0.805776 -0.0737004 -0.587617 -0.812498 0.187429 -0.552013 -0.941336 -0.0309941 -0.336045 -0.999626 0 0.0273294 -0.982932 0.146842 0.110826 -0.937204 -0.14098 0.319018 -0.790153 -0.209204 0.5761 -0.727099 0.102079 0.678901 -0.709651 -0.242337 0.661565 -0.687518 0.12885 0.714644 -0.588225 0.387862 0.709615 -0.614371 0.317644 0.722254 -0.592368 0.352607 0.724409 -0.53747 0.437257 0.721063 -0.498561 0.477447 0.72352 -0.443201 0.531669 0.721735 0.136389 0.753612 0.643014 0.14505 0.76288 0.630059 0.0870533 0.962746 0.256013 0.0872747 0.93269 0.349961 0.178268 0.0776211 0.980916 0.221131 0.081498 0.971833 0.267441 -0.48815 0.830774 0.27021 -0.518034 0.811559 0.334885 -0.67977 0.652506 0.200564 -0.793099 0.575124 0.122551 0.061846 0.990533 0.08228 0.738693 0.669001 0.0308059 0.00875609 0.999487 0.0174214 0.788394 0.614924 0.0592375 0.934125 0.351996 0.0254872 0.942684 0.332713 0.109182 -0.586197 0.802778 0.147197 -0.535694 0.831484 0.147005 -0.706085 0.6927 0.188047 -0.70198 0.686922 -0.0245194 0.161756 0.986526 0 0.768033 0.64041 -0.0107169 0.934087 0.356885 0.127344 -0.818178 0.560685 0.0250836 -0.648793 0.760552 0.110536 -0.856654 0.503911 0.150247 -0.784177 0.602073 0.157146 -0.516244 0.841901 0.1767 -0.159025 0.971333 0.150757 0.0955013 0.983947 0.154656 0.49626 0.854288 0.069922 0.837531 0.541896 0.0556135 0.96247 0.265627 0.0352681 0.987493 0.153668 0.278861 -0.524022 -0.804759 0.259499 -0.4751 -0.840797 0.242279 -0.749512 -0.616062 0.259275 -0.671116 -0.694536 0.223367 0.103467 -0.969227 0.18241 0.201424 -0.962369 0.164357 0.74509 -0.646395 0.117907 0.827651 -0.548719 0.105688 0.942662 -0.316574 0.0640465 0.97123 -0.22937 0.0960785 0.92509 -0.367394 0.0951811 0.750682 -0.653771 0.0165246 0.937042 -0.348826 0.00463049 0.716695 -0.697372 0.11956 0.0666807 -0.990585 0.0351555 -0.0439536 -0.998415 0.163574 -0.5369 -0.827636 0.0922989 -0.634437 -0.767444 0.166892 -0.697189 -0.697191 0.138452 -0.700297 -0.700297 -0.0107169 0.934087 -0.356885 0 0.751061 -0.660232 0.0184339 -0.0145698 -0.999724 0.13929 -0.787307 -0.600622 0.104577 -0.759745 -0.641757 -0.401769 0.40678 0.820434 -0.372229 0.248673 0.894208 -0.27583 0.239944 0.930776 -0.244127 0.344915 0.906331 -0.235381 0.176375 0.955765 -0.197082 0.114372 0.973693 -0.183218 0.154851 0.9708 -0.152715 0.203972 0.966992 -0.136985 0.35696 0.924021 -0.125597 0.435427 0.89142 -0.126263 0.519828 0.844889 -0.129683 0.522144 0.84294 -0.210676 0.492324 0.844531 -0.321999 0.525511 0.787499 -0.207832 0.498723 0.841475 -0.300888 0.493397 0.816104 -0.223788 0.395496 0.890787 -0.343551 0.406842 0.846435 -0.349209 0.362481 0.864095 -0.204788 0.377741 0.90298 -0.258324 0.0478342 0.964873 -0.431109 0.0305489 0.901783 -0.190652 0.0951147 0.977039 -0.212612 -0.278238 0.936686 -0.306633 -0.353499 0.88375 -0.464949 -0.304507 0.831323 -0.386096 0.54819 0.741901 -0.507997 0.535998 0.674274 -0.641878 0.419473 0.641899 -0.348861 0.50208 0.791335 -0.434302 0.341834 0.833385 -0.391646 0.404655 0.826358 -0.370594 0.470539 0.800783 -0.51511 -0.0471501 0.855826 -0.443077 0.381996 0.811025 -0.444977 0.342811 0.827331 -0.515239 -0.244866 0.821322 -0.740584 -0.0564567 0.669588 -0.671463 0.0895193 0.735611 -0.622476 0.225002 0.749598 -0.848185 -0.52646 -0.0584959 0.050098 0.961798 -0.269136 0.0352174 0.986073 -0.162542 0.0547899 0.834747 -0.547901 0.127536 0.498172 -0.857648 0.118956 0.130519 -0.984284 0.182733 -0.148211 -0.971927 0.1857 -0.527906 -0.828753 0.15292 -0.782269 -0.603879 0.10877 -0.842968 -0.526853 -0.890349 -0.0277715 -0.454431 -0.933175 0.211496 -0.29061 -0.942409 -0.0889827 -0.322407 -0.914737 0.368615 -0.165465 -0.913208 0.351234 -0.206607 -0.875546 0.0584505 -0.479587 -0.916835 -0.166501 -0.362893 -0.827915 -0.541234 -0.147047 -0.822478 -0.518845 -0.233086 -0.818009 -0.451315 -0.356618 -0.910706 0.350271 0.218919 -0.913301 0.370299 0.169589 -0.942151 -0.0836051 0.324596 -0.933276 0.213722 0.288652 -0.887962 -0.0420304 0.457992 -0.871424 0.0416802 0.488756 -0.912869 -0.135616 0.385069 -0.846694 -0.506091 0.164259 -0.831366 -0.513373 0.212789 -0.828028 -0.456842 0.325062 0.289698 0.890785 0.350111 0.303645 0.948216 0.0932027 0.0951501 0.937409 0.334979 0.0947147 0.848954 0.519909 0.240364 0.951114 0.193927 -0.031342 0.894291 0.446386 0.23426 0.963347 0.130707 0.180985 0.980254 -0.0796633 0.236622 0.968151 -0.0818182 0.335696 0.935628 0.10913 0.336949 0.883451 0.325545 0.254993 0.951809 0.170405 0.265873 0.827774 0.494066 0.225154 0.949713 0.217604 0.0202592 0.99766 0.0653044 0.0212787 0.999752 0.00664961 0.298629 0.952393 0.0613935 0.176013 0.981231 0.0787729 0.470465 0.838016 0.276392 0.388848 0.873906 0.291694 0.135765 0.986969 0.0863764 -0.116314 0.989267 0.088445 -0.0949434 0.995031 0.0299821 0.0699025 0.997542 0.00493091 -0.00307476 0.999196 -0.0399726 0.178651 0.963013 0.201716 -0.127163 0.881352 0.455025 -0.200581 0.910548 0.361484 -0.172975 0.937785 0.301064 0.0885552 0.948004 0.30569 0.221874 0.966598 0.128302 -0.0548623 0.921686 0.384037 -0.287347 0 -0.957826 -0.622542 -0.553368 -0.553377 -0.907959 0 -0.419059 -0.816497 0.408248 0.408247 -0.753734 0.376867 0.538382 -0.816496 -0.408242 0.408256 0.993884 0 -0.110432 0.266425 0.703219 -0.659167 0.0873647 0.779315 -0.620512 0.039656 0.999196 0.00587578 -0.00545819 0.993168 -0.116565 -0.0204249 0.750016 -0.661104 -0.0417046 0.998847 -0.0237855 0.101736 0.788709 -0.60629 -0.039352 0.846111 0.531552 0.133664 0.704927 0.696572 0.0136117 0.557803 0.829862 -0.047687 0.749634 0.660133 0.128935 0.587866 0.798617 0.212073 0.415945 0.884316 0.29958 0.251893 0.920218 0.298841 0.185747 0.936051 0.275015 0.276279 0.920889 0.33969 0.417802 0.842646 0.32456 0.139192 0.935567 0.418934 -0.00933363 0.907969 0.430976 -0.0870739 0.898152 0.320241 0.204884 0.924915 0.192984 0.209693 0.958533 0.13524 -0.0780337 0.987735 -0.0604138 0.361727 0.930325 -0.169075 0.476945 0.862518 0.380124 -0.262231 0.886984 0.310685 0.564645 0.764625 0.334349 0.578019 0.744382 -0.235662 0.495969 0.83575 -0.627444 0.278847 0.72702 -0.444582 0.364972 0.818011 -0.109386 0.297433 0.948456 -0.140749 0.0932322 0.985646 0.114066 -0.430478 0.895365 0.455379 -0.424209 0.782737 0.542052 -0.328785 0.773356 0.441035 -0.0612328 0.895399 0.380217 0.104252 0.919003 0.451967 0.0618564 0.889887 0.389373 0.248352 0.886967 0.252003 0.755998 0.604121 0.16651 0.983353 0.0727458 0.3119 0.935706 -0.164839 0.254474 0.582833 -0.771718 0.126235 0.409634 -0.903474 0.368108 0.216114 -0.904318 0.207492 0.199024 -0.957777 0.422414 -0.0305328 -0.905888 0.233935 -0.0241021 -0.971953 0.0637799 0.257901 -0.964064 0.0549324 0.445994 -0.893349 0.174206 0.453554 -0.874037 0.158924 0.231654 -0.959729 0.0984126 0.151862 -0.98349 0.112266 0.153405 -0.981765 0.0998323 0.0441267 -0.994025 0.0733282 0.0445048 -0.996314 0.0798631 0.156582 -0.984431 0.118355 0.290942 -0.949392 0.099908 0.282248 -0.954125 0.0492953 -0.0147577 -0.998675 0.0798766 0.077121 -0.993817 0.205234 -0.0834804 -0.975146 0.0732638 0.00300204 -0.997308 0.129415 -0.240496 -0.961984 0.0660251 -0.159539 -0.984981 0.237315 -0.276865 -0.931143 0.388845 -0.378189 -0.840103 0.333751 -0.132883 -0.933248 0.314135 -0.526622 -0.789929 0.215032 -0.541726 -0.812585 0.128934 -0.435152 -0.891077 0.0651343 0.381746 -0.92197 0.156457 0.444031 -0.882246 -0.000979653 0.492816 -0.870133 0.841531 -0.0327079 0.539218 0.872871 -0.218219 0.436437 0.771514 0.154306 0.617216 0.955756 -0.268807 0.119469 0.175425 0.323559 0.929804 0.315088 0.253241 0.914652 0.118948 0.30565 0.944685 0.20761 0.532166 0.820791 0.399929 0.347283 0.848205 0.584859 0.233362 0.776841 -0.0160753 0.625228 0.780277 -0.0964025 0.836364 0.539631 0.091199 0.79905 0.594308 0.409457 0.510683 0.756008 0.479304 0.566049 0.670713 0.603163 0.375881 0.703497 0.713184 0.44058 0.545213 0.463363 0.674567 0.574678 0.154186 0.864172 0.478992 0.343126 0.830955 0.437925 0.527498 0.705992 0.472568 0.721133 0.463842 0.514605 0.508356 0.854578 0.106164 0.337511 0.94131 0.00464068 0.485204 0.740801 -0.464534 0.367419 0.785643 -0.497762 0.213407 0.931965 -0.293086 0.0952416 0.982439 0.160447 0.385278 0.626858 -0.677207 0.35402 0.696925 -0.623671 0.347326 0.46994 -0.811493 0.276975 0.529962 -0.801514 0.235199 0.748635 -0.61986 0.243282 0.378742 -0.892955 0.203376 0.511979 -0.834575 0.194137 0.282398 -0.939448 0.127886 0.439377 -0.889153 0.145151 0.646187 -0.749249 0.0799094 0.278744 -0.957035 0.097063 0.530777 -0.841935 0.216656 0.567432 -0.794406 0.943209 -0.286334 -0.168432 0.577351 -0.577344 -0.577357 0.406139 0 -0.913811 0.754337 -0.464203 -0.46421 0.652377 -0.732495 -0.194567 0.948091 -0.142214 0.284427 0.284308 0.556569 0.780641 -0.431992 0.863974 0.25871 0.101512 -0.750699 0.652798 0.663923 -0.615284 0.425008 0.144154 0.688309 0.710951 0.296489 0.252747 0.920985 0.675414 -0.392229 0.624478 0.120688 0.630762 0.766533 0.128283 0.625385 0.7697 0.198161 -0.904161 0.378451 -0.320208 -0.894281 0.312617 -0.311798 -0.923807 0.222178 0.242673 -0.962355 0.122407 0.647407 -0.751944 -0.124278 0.742385 -0.661712 -0.104889 0.5344 -0.820952 0.201134 0.426925 -0.900385 -0.0839136 0.0630987 -0.963263 0.261043 0.0308359 -0.984046 0.175224 0.362696 -0.922105 -0.134807 0.416982 -0.730034 -0.541457 0.492922 -0.716981 -0.492916 0.572685 -0.80541 -0.152797 0.616977 -0.765433 -0.182896 0.359821 -0.897836 -0.253808 0.376724 -0.905749 0.194159 0.305228 -0.934849 0.181362 0.360733 -0.910515 -0.202078 0.00406915 -0.802267 -0.596952 0.200948 -0.730707 -0.652446 0.425361 -0.74789 -0.509635 0.48154 -0.711974 -0.511088 0.47302 -0.815354 -0.33384 0.119996 -0.891035 -0.437787 0.393318 -0.903913 -0.168053 0.124638 -0.894381 -0.429592 -0.280152 -0.849482 -0.447096 -0.17948 -0.761499 -0.62282 0.0339883 -0.718493 -0.694703 -0.105591 -0.665224 -0.739139 -0.0763652 -0.00253072 0.997077 -0.0797451 0 0.996815 -0.078343 -0.0371081 0.996236 -0.0649036 -0.0043269 0.997882 -0.063365 -0.00382263 0.997983 -0.0738716 0 0.997268 -0.0759456 -0.0510258 0.995806 -0.0632844 -0.150623 0.986564 -0.0707164 -0.00942891 0.997452 -0.0735271 -0.076617 0.994346 -0.0138632 -0.177524 0.984019 -0.00168519 -0.280997 0.959707 0.0138971 -0.320998 0.946978 0.0200597 -0.418476 0.908006 0.0338565 -0.441962 0.896395 0.0489023 -0.663414 0.746653 0.0681847 -0.810182 0.582199 0.0789076 -0.986611 0.142729 0.0883395 -0.989827 -0.111529 0.0838043 -0.842374 -0.532338 0.0614288 -0.685423 -0.725549 0.00730294 -0.426019 -0.904685 0.0105668 -0.369833 -0.929038 -0.0406554 -0.344295 -0.937981 -0.075484 -0.378097 -0.922684 -0.0875149 -0.348935 -0.933052 -0.126641 -0.344684 -0.930137 -0.105475 -0.315533 -0.943034 -0.164784 -0.334793 -0.927772 -0.209581 -0.339796 -0.91685 -0.215131 -0.331056 -0.91876 -0.245809 -0.340351 -0.907601 -0.0977862 -0.672632 -0.733488 -0.0927066 -0.578405 -0.810465 -0.0395158 -0.0631012 -0.997225 0.0190928 -0.118035 -0.992826 0.010072 0.748894 -0.662613 -0.0147145 0.702175 -0.711852 -0.0125036 0.933769 -0.357658 0.0209799 0.923166 -0.383828 -0.141559 -0.761248 -0.632821 -0.210301 -0.855222 -0.473676 -0.0889423 0.751011 -0.654272 -0.0905707 0.925569 -0.367586 -0.112518 0.0664676 -0.991424 -0.154489 -0.537877 -0.828747 -0.160014 -0.697995 -0.697996 -0.159035 0.745718 -0.647002 -0.103703 0.942859 -0.316644 -0.11925 0.827819 -0.548175 -0.184621 0.200009 -0.962243 -0.216945 0.103755 -0.970654 -0.261619 -0.471258 -0.842301 -0.273098 -0.523166 -0.807288 -0.245576 -0.746169 -0.618809 -0.250385 -0.672765 -0.6962 -0.0652987 0.971121 -0.229479 -0.05145 0.961436 -0.270173 -0.131075 0.49929 -0.856463 -0.186121 -0.146446 -0.971552 -0.155816 -0.781094 -0.60466 -0.0365177 0.985962 -0.162925 -0.054659 0.835614 -0.546591 -0.122949 0.126057 -0.984374 -0.192523 -0.522502 -0.830618 -0.10877 -0.842968 -0.526853 -0.0171443 0.936486 0.350285 -0.0362486 0.796121 0.604051 0.013919 0.756371 0.653995 0.02097 0.922729 0.38488 -0.0259424 0.208136 0.977756 0.0104044 -0.13893 0.990248 -0.0707169 -0.508838 0.857953 -0.108771 -0.737089 0.666985 -0.139344 -0.766479 0.626971 -0.220291 -0.895847 0.385915 -0.0782567 0.73895 0.6692 -0.116894 0.061945 0.991211 -0.0572601 0.934233 0.352038 -0.141205 -0.536143 0.832233 -0.176954 -0.703415 0.6884 -0.131459 0.754045 0.643533 -0.172329 0.0775878 0.981979 -0.14654 0.76315 0.629387 -0.0880162 0.962634 0.256103 -0.0825963 0.933063 0.350102 -0.223764 0.0796675 0.971382 -0.26013 -0.489405 0.832355 -0.273525 -0.514592 0.812637 -0.331403 -0.678563 0.655533 -0.204736 -0.789676 0.578355 -0.158819 0.497632 0.852724 -0.0570589 0.962022 0.266944 -0.180042 -0.158644 0.970782 -0.152993 -0.782973 0.602947 -0.110536 -0.856654 0.503911 -0.162877 -0.511869 0.843482 -0.155762 0.0898689 0.983698 -0.0697135 0.838592 0.54028 -0.03657 0.987376 0.154116 0.905354 -0.423565 -0.030444 0.935755 -0.337895 0.100943 0.883812 -0.457742 0.0966886 0.806869 -0.588248 -0.0540933 0.994548 -0.0943945 -0.0443178 0.950841 -0.11765 0.286462 0.844369 -0.151023 0.514036 0.999466 -0.00265774 -0.0325661 0.879999 -0.0273075 0.474189 0.997532 0.0287931 -0.0640414 0.833223 0.0886303 0.545788 0.850454 -0.267494 -0.452962 0.744044 -0.0754452 -0.663857 0.765206 0.170434 -0.620816 0.341829 0.0760704 -0.936678 0.375564 0.409447 -0.831448 0.075612 0.383199 -0.920566 0.0470688 0.0323653 -0.998367 0.717301 0.49877 -0.486527 0.958081 0.286305 0.0105005 0.824985 0.538105 0.172753 0.212486 0.600767 -0.770668 0.0844404 0.591075 -0.802185 0.547217 0.625039 -0.556669 0.738961 0.671042 -0.0603291 0.592825 0.598904 0.538397 0.630553 0.478283 0.611268 0.738015 0.284648 0.611808 0.105613 0.582565 -0.805893 0.29445 0.577834 -0.761188 0.609497 0.609372 -0.507128 0.789486 0.611729 0.0499922 0.591894 0.538974 0.599306 0.560896 0.37688 0.737128 0.456149 0.525087 0.718478 0.126718 0.502229 -0.855399 0.301845 0.514665 -0.802502 0.641627 0.551011 -0.533575 0.861051 0.494835 0.117172 0.646018 0.425127 0.633978 0.700741 0.386806 0.599452 0.844407 0.528122 0.0897955 0.868931 0.194229 0.45523 0.661626 0.571024 -0.485986 0.942631 0.22364 -0.247854 0.287659 0.529859 -0.797811 0.561964 0.308618 -0.767432 0.107758 0.483253 -0.868824 0.594942 0.340352 0.728152 0.537722 0.436684 0.721222 0.488512 0.482895 0.726752 0.610024 0.330088 0.720356 0.591632 0.387143 0.707171 0.729227 0.0974247 0.677301 0.690499 0.113442 0.714382 0.433112 0.530138 0.72895 0.415273 0.570698 0.708415 0.709651 -0.242337 0.661565 0.788939 -0.165783 0.591685 0.937237 -0.0994912 0.334198 0.986099 0.119594 0.115353 0.986334 -0.164389 0.0110575 0.938607 -0.0759656 -0.33652 0.802913 0.217767 -0.554894 0.800688 0.0349453 -0.598062 0.559921 -0.0593748 -0.826416 0.335031 0.141067 -0.931587 0.312654 -0.109614 -0.943521 0.138131 0.184977 -0.972987 0.146469 0.0244114 -0.988914 0.0616069 -0.0667697 -0.995865 0.0675757 0.175744 -0.982114 0.880478 -0.473511 -0.0233511 0.872465 -0.481081 -0.0858236 0.876719 -0.474766 0.0772067 0.812069 -0.572344 0.11387 0.958121 -0.253581 -0.133048 0.814614 -0.535275 -0.223349 0.449757 -0.34823 -0.822468 0.269222 -0.157044 -0.950188 0.0698857 -0.194585 -0.978393 0.0874217 -0.274384 -0.957638 0.33395 0.388171 0.858953 0.251507 0.344275 0.904555 0.285296 0.240092 0.92788 0.308505 0.236536 0.921344 0.214724 0.498536 0.839855 0.339488 0.527811 0.778565 0.288413 0.501504 0.815666 0.215123 0.480035 0.850464 0.239095 0.173627 0.955347 0.199679 0.114476 0.973151 0.188074 0.157338 0.969471 0.159929 0.206809 0.965222 0.144159 0.357031 0.922901 0.133848 0.436072 0.889902 0.135016 0.520249 0.843274 0.140077 0.523447 0.840465 0.311882 0.403939 0.859978 0.225434 0.393941 0.891061 0.215074 0.365471 0.905635 0.365106 0.362708 0.857403 0.261409 0.0474882 0.964059 0.425684 0.0324833 0.904289 0.195352 0.095078 0.976114 0.217807 -0.277902 0.935591 0.308387 -0.353288 0.883224 0.457998 -0.333355 0.824083 0.429477 0.339076 0.837005 0.391713 0.404465 0.82642 0.359847 0.464352 0.809251 0.329864 0.497974 0.802005 0.367835 0.552143 0.748222 0.436071 0.520624 0.734025 0.414054 0.377852 0.828123 0.507434 -0.0739121 0.858515 0.510942 -0.328824 0.794237 0.448203 0.331985 0.83 0.437475 0.386813 0.811782 0.745493 -0.0496793 0.664659 0.68257 0.0880537 0.725497 0.622474 0.225013 0.749597 0.848185 -0.52646 -0.0584962 0.890594 -0.0262345 -0.454042 0.94474 -0.0884013 -0.315676 0.939351 0.180074 -0.291877 0.922161 0.354922 -0.153785 0.920691 0.336407 -0.197885 0.88202 0.0895958 -0.462615 0.924811 -0.188862 -0.330237 0.827372 -0.542447 -0.145624 0.835521 -0.485431 -0.257412 0.829503 -0.429053 -0.357545 0.918376 0.335561 0.209725 0.944592 -0.0835068 0.317448 0.92088 0.356427 0.157925 0.939501 0.182047 0.290167 0.888265 -0.040284 0.457561 0.878636 0.0731583 0.471854 0.922453 -0.159337 0.351699 0.845871 -0.508272 0.161748 0.844537 -0.480049 0.237298 0.839916 -0.434439 0.325274 -0.273642 0.912972 0.302658 -0.0840664 0.940855 0.328214 -0.286995 0.953825 0.0886097 -0.0894134 0.865841 0.492265 -0.244989 0.948672 0.200005 0.0313424 0.894291 0.446386 -0.23426 0.963347 0.130707 -0.180985 0.980254 -0.0796634 -0.236622 0.968151 -0.0818182 -0.359636 0.923353 0.134467 -0.342674 0.882853 0.321162 -0.25922 0.950508 0.171288 -0.265015 0.839254 0.474783 -0.224095 0.946137 0.233681 -0.0291674 0.996947 0.0724282 -0.0442379 0.998925 0.0138244 -0.306962 0.949219 0.06897 -0.177888 0.981337 0.0730317 -0.451123 0.858757 0.242951 -0.372312 0.892646 0.2541 -0.138824 0.986948 0.0816111 0.108257 0.98984 0.0921766 0.0772297 0.996607 0.028453 -0.0798022 0.996808 -0.00225952 0.00307476 0.999196 -0.0399726 -0.181465 0.961927 0.204372 0.137609 0.878977 0.456579 0.215977 0.903264 0.370767 0.188735 0.931634 0.310545 -0.0869037 0.949427 0.301722 -0.210276 0.969332 0.127198 0.0548624 0.921686 0.384037 0.287347 -0 -0.957826 0.57735 -0.577346 -0.577355 0.933346 -0 -0.358978 0.780725 0.390356 0.487945 0.796436 0.398211 0.455101 0.707103 4.72236e-006 0.70711 0.735397 0.661562 0.14672 0.607497 0.780041 0.149949 0.657666 0.59219 0.465604 0.720079 0.503191 -0.477792 0.895121 0.373195 -0.243894 0.683777 0.552944 0.476132 0.978628 0.178649 0.101839 0.585135 0.611255 0.532902 0.841995 0.00152907 -0.539483 0.903555 -0.393694 -0.169094 0.974709 0.0892542 0.204881 0.640792 0.445965 0.6249 0.610663 0.377289 0.696235 0.664056 0.509864 0.546871 0.609695 0.584811 0.53504 0.873401 0.400934 0.276445 0.747683 0.482741 0.455994 0.795296 0.357093 0.489887 0.906558 0.248345 0.341288 0.873364 0.275247 0.401839 0.744013 0.600367 0.293263 0.928457 0.356968 0.102675 0.696081 0.700982 0.155228 0.620543 0.700209 0.353035 0.654358 0.549989 0.518968 0.934408 0.119917 0.335413 0.866474 0.498954 -0.0163499 0.690493 0.70726 0.151665 0.882752 0.469397 0.0203792 0.81791 0.558301 0.139008 0.936329 0.349413 -0.0346191 0.922481 0.204396 -0.327491 0.980626 0.0721406 0.182123 0.993689 -0.0924531 -0.0635154 0.900498 0.272551 0.338849 0.783496 0.0308137 0.620632 0.868621 -0.136646 0.476261 0.614861 0.468088 0.634697 0.872871 -0.218219 0.436436 0.593851 0.688867 0.415696 0.62174 0.680029 0.388587 0.891953 -0.0743282 0.445977 0.847548 -0.0325966 0.529717 0.978067 0.0931497 0.186299 0.838049 0.218316 0.500012 0.776495 0.333307 0.534755 0.666011 0.717241 0.204927 0.937215 0.346363 -0.0407478 0.941184 -0.125491 0.313727 -0.759632 -0.646027 -0.0748863 -0.682804 -0.535676 -0.496819 -0.686812 -0.724771 -0.0547367 -0.637481 -0.401327 0.657689 -0.878157 -0.299084 0.373349 -0.650625 -0.54977 -0.523871 -0.99184 -0.126304 0.0173666 -0.526159 -0.655797 -0.541375 -0.703905 0.131648 0.697987 -0.772845 0.487236 0.406585 -0.992278 -0.124034 2.30107e-007 -0.683184 -0.429697 -0.59044 -0.710966 -0.486451 -0.507832 -0.648013 -0.368295 -0.666662 -0.653392 -0.592613 -0.471051 -0.871134 -0.484278 -0.0812433 -0.674461 -0.376952 -0.63483 -0.8208 -0.547023 -0.164479 -0.752631 -0.5535 0.356629 -0.808499 -0.0769908 0.583439 -0.931128 -0.337952 -0.137077 -0.646493 -0.463807 -0.605747 -0.737447 -0.433922 -0.517575 -0.972555 -0.155879 0.172739 -0.960501 -0.214704 0.177031 -0.89146 0.152493 0.426668 -0.930006 -0.171555 -0.325051 -0.902984 -0.348125 0.251851 -0.951896 -0.304671 -0.0327009 -0.820534 -0.486376 0.300269 -0.623121 -0.285014 0.728345 -0.81803 -0.19396 0.541485 -0.925119 -0.362747 -0.112111 -0.872506 -0.269017 0.407876 -0.807423 -0.556818 -0.194993 -0.541529 -0.0486186 0.839275 -0.643453 0.0380153 0.764541 -0.828145 -0.345016 0.441748 -0.641525 -0.513751 -0.569654 -0.736652 -0.665034 -0.122775 -0.951297 0.199654 -0.234888 -0.971289 0.174333 -0.161881 -0.967097 0.113775 0.227551 -0.715448 -0.692734 0.0908492 -0.924548 0.298915 -0.236351 -0.633447 -0.678161 -0.372616 -0.852672 -0.195325 0.484559 -0.884102 -0.296739 -0.360983 -0.857494 -0.514494 0 -0.851378 0.380183 -0.361408 -0.945247 -0.174439 -0.275825 -0.904626 -0.081033 -0.418432 -0.0903497 0.657587 -0.747942 0.365391 0.918439 -0.15152 0.86062 0.240316 -0.448979 0.840946 0.527137 0.122214 0.99624 0.0733799 0.0460623 0.426765 -0.825885 -0.368492 -0.0639963 -0.806165 -0.58822 -0.575316 -0.672892 -0.465003 -0.597616 -0.717138 -0.358563 0.727062 0.365918 0.580934 0.719818 -0.202726 0.663901 0.227866 0.854435 0.466925 -0.631965 0.637368 -0.440889 -0.849475 -0.0921664 -0.519517 -0.591207 -0.75929 -0.271943 0.170558 -0.858723 0.483224 -0.707107 0 -0.707107 -0.719605 0.693853 0.0271332 0.301373 0.0836539 0.94983 -0.262939 -0.951586 0.159208 -0.70711 -0.707104 5.87485e-006 0.730246 0.65069 0.20819 0.335701 0.854147 0.397161 0.259454 0.936984 0.233977 0.747338 0.519634 0.414085 0.92677 0.36418 -0.0920287 0.977464 0.18655 0.0988129 0.861888 0.102037 0.496726 0.931239 0.0195565 0.363884 0.99966 -0.0149528 0.0213612 0.494903 0.761387 0.418762 0.937573 0.224744 -0.265419 0.829633 0.331735 -0.449067 0.506572 0.840827 -0.190774 0.897829 0.287323 -0.33369 0.858008 0.21566 -0.466169 -0.0474686 0.997871 0.04472 0.439845 0.660082 -0.608957 0.674441 0.300427 -0.674443 -0.63647 -0.771083 -0.0183296 -0.566183 -0.802662 0.187539 -0.404216 -0.905766 0.12727 -0.845789 -0.507231 0.165401 -0.799437 -0.534102 -0.275021 -0.980435 -0.121131 -0.155163 -0.714058 -0.698536 0.0465703 -0.984704 0.0254888 0.172361 -0.985773 0.137177 0.0971247 -0.983969 0.159284 -0.0802152 -0.678279 -0.718763 -0.1527 -0.690033 -0.551683 -0.468509 -0.751575 -0.42092 -0.507899 -0.828476 -0.310618 -0.465988 -0.943204 -0.0814161 -0.322082 0.574477 0.638905 0.51164 0.237081 0.947817 0.213156 0.429253 0.900624 0.067962 0.782098 0.527942 0.33106 0.520316 0.247326 0.817374 0.749899 0.0881619 0.655652 0.941024 0.0586346 0.33322 0.895435 0.0040721 0.445173 0.780557 -0.106185 0.616 0.552345 0.828517 0.0920579 0.540457 0.125045 0.832028 0.220667 0.222093 0.949727 0.115859 0.73732 0.665534 0.316711 0.116085 0.941392 0.214629 0.0654218 0.974502 -0.134654 0.986602 0.0921163 -0.142312 0.504457 0.851628 0 0.147987 0.988989 -0.440752 -0.707033 -0.55303 -0.274419 -0.800459 -0.532879 -0.156287 -0.725117 -0.670656 -0.411651 -0.444974 -0.795325 -0.716349 -0.51596 -0.469713 -0.774184 -0.105978 -0.624026 -0.318101 -0.658921 -0.681642 -0.567977 0.0603989 -0.820826 -0.632705 0.154881 -0.758747 -0.783869 0.116339 -0.60993 -0.635776 -0.627233 -0.449854 -0.768094 -0.582022 -0.266988 -0.842772 -0.45888 -0.28136 -0.87201 -0.276 -0.404255 -0.869976 -0.0466542 -0.490883 0.847282 0.359398 -0.391085 0.0459127 0.747612 -0.662547 0.904628 -0.0810315 -0.418428 0.945248 -0.174437 -0.275822 -0.340075 0.931506 -0.129021 -0.890553 0.328038 -0.31513 -0.818004 0.567623 0.0931354 -0.999455 0.0247754 0.0217937 -0.298744 -0.907165 -0.296317 0.204152 -0.908362 -0.364967 0.56097 -0.614883 -0.554285 0.597615 -0.717139 -0.358564 -0.676999 0.351692 0.646518 -0.652564 -0.298551 0.696439 -0.184191 0.846766 0.49906 0.756884 0.600726 -0.2574 0.836555 -0.167525 -0.521643 0.633265 -0.7095 -0.309168 -0.113051 -0.888114 0.445503 0.928603 -0.15477 -0.337259 0.738696 0.497522 0.454753 -0.227122 0.0656417 0.971651 0.317968 -0.943317 0.0951323 0.744846 -0.662084 -0.0827616 -0.696761 0.686729 0.207188 -0.234078 0.945263 0.227344 -0.318081 0.864312 0.389601 -0.755869 0.51432 0.405138 -0.938721 0.324276 -0.116823 -0.976741 0.19094 0.0975642 -0.88009 0.0811412 0.467821 -0.928179 0.0304261 0.370889 -0.996661 0.0665278 0.0473376 -0.512147 0.768221 0.384112 -0.919622 0.301761 -0.251467 -0.809419 0.33492 -0.482358 -0.46964 0.867864 -0.162018 -0.894923 0.2728 -0.353119 -0.82316 0.163146 -0.543867 0.0550261 0.997872 0.0349878 -0.429054 0.656139 -0.620801 -0.586079 0.214161 -0.781439 0.641816 -0.766597 -0.0200333 0.415252 -0.902905 0.111038 0.589401 -0.787906 0.178356 0.851415 -0.49757 0.165878 0.808773 -0.531861 -0.251019 0.977358 -0.149069 -0.150166 0.719451 -0.688174 0.0938454 0.984913 -0.0331412 0.169848 0.996205 0.0347461 0.0798056 0.986272 0.0375164 -0.160812 0.663696 -0.735537 -0.135991 0.698745 -0.567157 -0.435991 0.775132 -0.42195 -0.470243 0.88319 -0.246292 -0.399144 0.940563 -0.0888258 -0.327799 -0.585981 0.625254 0.515445 -0.444249 0.891874 0.0848756 -0.237081 0.947817 0.213156 -0.787971 0.517537 0.333553 -0.526523 0.251667 0.812057 -0.741401 0.114783 0.661173 -0.950227 0.0848532 0.299779 -0.900876 0.0275893 0.433198 -0.746612 -0.0838819 0.65995 -0.583819 0.796118 0.159221 -0.489155 0.135718 0.861573 -0.227344 0.217333 0.949253 -0.135398 0.737628 0.661493 -0.322828 0.123654 0.938345 -0.226355 0.0701951 0.971512 0.109371 0.989628 0.0931378 0.108895 0.512949 0.851484 0.421093 -0.714954 -0.558141 0.179148 -0.724685 -0.665386 0.234603 -0.807234 -0.541604 0.411554 -0.4424 -0.796809 0.7151 -0.535902 -0.448821 0.776357 -0.0945329 -0.623164 0.383583 -0.648436 -0.657568 0.548967 0.0845093 -0.831561 0.61424 0.207629 -0.761314 0.739247 0.22185 -0.635843 0.607844 -0.627035 -0.487188 0.769205 -0.589139 -0.247465 0.853222 -0.466763 -0.23269 0.876008 -0.354233 -0.327305 0.871414 -0.0527105 -0.487708 0.347145 0.937768 0.00903111 0.436434 0.872873 -0.218216 0.2357 0.94281 0.235702</float_array>
                    <technique_common>
                        <accessor count="5229" source="#ID158" stride="3">
                            <param name="X" type="float"/>
                            <param name="Y" type="float"/>
                            <param name="Z" type="float"/>
                        </accessor>
                    </technique_common>
                </source>
                <source id="ID159">
                    <float_array id="ID160" count="4518">0.511805 0.527321 0.507926 0.515684 0.504047 0.511805 0.511805 0.515684 0.822126 0.5312 0.810489 0.5312 0.810489 0.507926 0.822126 0.507926 0.810489 0.49241 0.822126 0.49241 0.810489 0.476894 0.822126 0.476894 0.794973 0.476894 0.794973 0.49241 0.794973 0.507926 0.794973 0.5312 0.810489 0.550595 0.810489 0.469136 0.822126 0.469136 0.822126 0.461377 0.938497 0.325612 0.938497 0.352765 0.930739 0.352765 0.930739 0.325612 0.922981 0.325612 0.922981 0.352765 0.911344 0.352765 0.911344 0.325612 0.946255 0.352765 0.946255 0.325612 0.954013 0.325612 0.954013 0.352765 0.899707 0.325612 0.96565 0.352765 0.96565 0.325612 0.977287 0.325612 0.911344 0.306217 0.922981 0.306217 0.930739 0.306217 0.938497 0.306217 0.946255 0.306217 0.954013 0.306217 0.96565 0.306217 0.139419 0.701877 0.143298 0.678603 0.162693 0.682482 0.158814 0.663087 0.166572 0.701877 0.182088 0.694119 0.185967 0.674724 0.170451 0.666966 0.201483 0.655328 0.185967 0.64757 0.209241 0.639812 0.197604 0.632054 0.205362 0.620417 0.220878 0.643691 0.220878 0.624296 0.21312 0.659208 0.201483 0.682482 0.178209 0.643691 0.170451 0.643691 0.147177 0.659208 0.158814 0.639812 0.178209 0.624296 0.170451 0.620417 0.178209 0.60878 0.185967 0.628175 0.189846 0.612659 0.0773543 0.701877 0.108387 0.701877 0.0928704 0.678603 0.108387 0.674724 0.100628 0.651449 0.0734753 0.678603 0.0812334 0.655328 0.123903 0.678603 0.127782 0.655328 0.108387 0.651449 0.100628 0.632054 0.0889914 0.628175 0.0928704 0.655328 0.0812334 0.632054 0.104507 0.612659 0.0928704 0.612659 0.0967494 0.597143 0.108387 0.597143 0.0734753 0.659208 0.0734753 0.632054 0.112266 0.612659 0.116145 0.597143 0.112266 0.632054 0.116145 0.612659 0.116145 0.632054 0.120024 0.612659 0.120024 0.597143 0.120024 0.632054 0.13554 0.612659 0.13554 0.597143 0.123903 0.597143 0.131661 0.632054 0.147177 0.597143 0.147177 0.616538 0.147177 0.632054 0.232515 0.585506 0.236394 0.585506 0.232515 0.581627 0.224757 0.581627 0.240273 0.577748 0.232515 0.593264 0.236394 0.589385 0.244152 0.581627 0.224757 0.589385 0.21312 0.585506 0.220878 0.597143 0.189846 0.593264 0.209241 0.581627 0.216999 0.577748 0.220878 0.577748 0.21312 0.56999 0.205362 0.577748 0.201483 0.577748 0.205362 0.56999 0.197604 0.573869 0.201483 0.562232 0.193725 0.573869 0.197604 0.566111 0.205362 0.562232 0.209241 0.566111 0.189846 0.573869 0.189846 0.566111 0.182088 0.573869 0.182088 0.566111 0.17433 0.566111 0.17433 0.573869 0.197604 0.562232 0.193725 0.554474 0.201483 0.554474 0.197604 0.550595 0.189846 0.554474 0.189846 0.562232 0.185967 0.554474 0.189846 0.550595 0.185967 0.562232 0.182088 0.554474 0.185967 0.550595 0.182088 0.562232 0.17433 0.558353 0.17433 0.546716 0.182088 0.550595 0.224757 0.573869 0.224757 0.56999 0.220878 0.573869 0.232515 0.56999 0.220878 0.566111 0.224757 0.566111 0.0851124 0.597143 0.0812334 0.612659 0.0851124 0.612659 0.0812334 0.597143 0.0773543 0.612659 0.205362 0.550595 0.205362 0.558353 0.209241 0.550595 0.209241 0.558353 0.193725 0.550595 0.876433 0.321733 0.872554 0.329491 0.876433 0.329491 0.880312 0.329491 0.880312 0.341128 0.876433 0.341128 0.872554 0.341128 0.868675 0.337249 0.884191 0.337249 0.876433 0.352765 0.868675 0.352765 0.880312 0.348886 0.88807 0.348886 0.876433 0.360523 0.938497 0.255789 0.930739 0.271305 0.922981 0.263547 0.938497 0.271305 0.938497 0.282942 0.930739 0.282942 0.92686 0.286821 0.922981 0.271305 0.942376 0.271305 0.950134 0.275184 0.950134 0.286821 0.942376 0.286821 0.957892 0.271305 0.957892 0.286821 0.96565 0.259668 0.973408 0.275184 0.961771 0.298459 0.973408 0.290701 0.919102 0.263547 0.969529 0.263547 0.915223 0.271305 0.919102 0.286821 0.915223 0.255789 0.915223 0.267426 0.969529 0.255789 0.911344 0.263547 0.915223 0.290701 0.911344 0.275184 0.957892 0.298459 0.950134 0.298459 0.946255 0.298459 0.942376 0.298459 0.938497 0.298459 0.934618 0.298459 0.930739 0.298459 0.92686 0.298459 0.922981 0.298459 0.938497 0.44974 0.930739 0.44974 0.92686 0.418708 0.938497 0.422587 0.92686 0.395434 0.938497 0.399313 0.938497 0.376039 0.930739 0.37216 0.922981 0.44974 0.911344 0.418708 0.911344 0.387676 0.922981 0.368281 0.915223 0.364402 0.899707 0.387676 0.954013 0.453619 0.961771 0.422587 0.950134 0.403192 0.961771 0.399313 0.957892 0.376039 0.950134 0.376039 0.88807 0.418708 0.899707 0.453619 0.884191 0.387676 0.903586 0.360523 0.981166 0.453619 0.988924 0.418708 0.977287 0.395434 0.96565 0.37216 0.988924 0.387676 0.969529 0.360523 0.977287 0.476894 0.950134 0.476894 0.950134 0.356644 0.957892 0.356644 0.942376 0.356644 0.954013 0.356644 0.938497 0.476894 0.92686 0.476894 0.907465 0.476894 0.938497 0.356644 0.934618 0.356644 0.92686 0.356644 0.922981 0.356644 0.919102 0.356644 0.0851124 0.554474 0.0851124 0.519563 0.112266 0.519563 0.112266 0.554474 0.0851124 0.585506 0.112266 0.585506 0.158814 0.554474 0.158814 0.585506 0.143298 0.519563 0.17433 0.507926 0.143298 0.500168 0.0851124 0.500168 0.17433 0.469136 0.143298 0.476894 0.143298 0.461377 0.143298 0.445861 0.17433 0.445861 0.158814 0.426466 0.143298 0.426466 0.170451 0.426466 0.17433 0.426466 0.13554 0.426466 0.120024 0.461377 0.120024 0.445861 0.0851124 0.461377 0.0928704 0.445861 0.0734753 0.445861 0.0967494 0.426466 0.0812334 0.426466 0.108387 0.426466 0.120024 0.426466 0.108387 0.407071 0.0967494 0.407071 0.108387 0.391555 0.0967494 0.391555 0.0967494 0.37216 0.0851124 0.391555 0.0851124 0.407071 0.112266 0.383797 0.112266 0.379918 0.112266 0.387676 0.120024 0.407071 0.120024 0.391555 0.13554 0.407071 0.120024 0.37216 0.13554 0.387676 0.143298 0.395434 0.143298 0.376039 0.143298 0.407071 0.13554 0.37216 0.507926 0.504047 0.515684 0.496289 0.519563 0.496289 0.515684 0.507926 0.523442 0.49241 0.523442 0.500168 0.527321 0.507926 0.5312 0.500168 0.527321 0.49241 0.535079 0.507926 0.5312 0.496289 0.538958 0.519563 0.527321 0.519563 0.527321 0.527321 0.538958 0.527321 0.527321 0.538958 0.535079 0.538958 0.538958 0.542837 0.5312 0.546716 0.515684 0.535079 0.519563 0.538958 0.120024 0.500168 0.0851124 0.476894 0.120024 0.476894 0.116145 0.476894 0.123903 0.476894 0.0540802 0.434224 0.0540802 0.457498 0.0618382 0.457498 0.0618382 0.480772 0.0540802 0.480772 0.0502012 0.457498 0.0502012 0.480772 0.0695963 0.480772 0.0424431 0.480772 0.0540802 0.500168 0.0502012 0.500168 0.0540802 0.519563 0.0502012 0.519563 0.0424431 0.500168 0.0424431 0.519563 0.0618382 0.519563 0.0618382 0.500168 0.0695963 0.519563 0.0695963 0.500168 0.0618382 0.535079 0.0540802 0.535079 0.0695963 0.535079 0.0502012 0.535079 0.0424431 0.535079 0.0540802 0.546716 0.635933 0.666966 0.64757 0.632054 0.604901 0.632054 0.686361 0.643691 0.663087 0.686361 0.612659 0.69024 0.639812 0.713514 0.581627 0.64757 0.701877 0.597143 0.651449 0.593264 0.597143 0.593264 0.566111 0.597143 0.678603 0.558353 0.593264 0.558353 0.562232 0.56999 0.562232 0.550595 0.589385 0.527321 0.558353 0.527321 0.585506 0.504047 0.554474 0.504047 0.554474 0.476894 0.581627 0.476894 0.651449 0.558353 0.674724 0.527321 0.705756 0.527321 0.705756 0.558353 0.705756 0.504047 0.674724 0.504047 0.674724 0.476894 0.705756 0.476894 0.705756 0.44974 0.678603 0.44974 0.705756 0.422587 0.678603 0.422587 0.651449 0.527321 0.64757 0.504047 0.651449 0.476894 0.651449 0.44974 0.651449 0.422587 0.674724 0.395434 0.678603 0.395434 0.674724 0.356644 0.686361 0.356644 0.64757 0.395434 0.628175 0.527321 0.632054 0.558353 0.628175 0.504047 0.628175 0.476894 0.628175 0.44974 0.628175 0.422587 0.659208 0.356644 0.659208 0.325612 0.628175 0.395434 0.639812 0.356644 0.60878 0.422587 0.60878 0.395434 0.60878 0.356644 0.624296 0.356644 0.616538 0.325612 0.585506 0.422587 0.585506 0.44974 0.581627 0.44974 0.581627 0.422587 0.585506 0.395434 0.577748 0.399313 0.573869 0.356644 0.585506 0.356644 0.566111 0.321733 0.60878 0.44974 0.604901 0.476894 0.604901 0.504047 0.60878 0.527321 0.612659 0.558353 0.818247 0.550595 0.826005 0.550595 0.833763 0.527321 0.822126 0.527321 0.794973 0.550595 0.826005 0.504047 0.841522 0.504047 0.833763 0.480772 0.853159 0.480772 0.841522 0.453619 0.860917 0.453619 0.860917 0.422587 0.845401 0.422587 0.860917 0.395434 0.845401 0.395434 0.791094 0.484652 0.794973 0.465256 0.798852 0.422587 0.725151 0.465256 0.756183 0.484652 0.725151 0.422587 0.826005 0.395434 0.810489 0.395434 0.775578 0.395434 0.80661 0.356644 0.787215 0.356644 0.725151 0.395434 0.752304 0.356644 0.783336 0.325612 0.775578 0.325612 0.752304 0.325612 0.725151 0.356644 0.725151 0.325612 0.740667 0.325612 0.826005 0.356644 0.802731 0.325612 0.837642 0.356644 0.84928 0.356644 0.826005 0.325612 0.589385 0.325612 0.635933 0.325612 0.64757 0.356644 0.538958 0.453619 0.527321 0.453619 0.515684 0.480772 0.542837 0.480772 0.535079 0.434224 0.496289 0.562232 0.519563 0.577748 0.519563 0.550595 0.542837 0.562232 0.705756 0.325612 0.69024 0.325612 0.705756 0.356644 0.705756 0.368281 0.705756 0.395434 0.802731 0.523442 0.791094 0.535079 0.558353 0.44974 0.562232 0.422587 0.56999 0.399313 0.783336 0.515684 0.775578 0.515684 0.76782 0.515684 0.756183 0.515684 0.736788 0.515684 0.725151 0.484652 0.725151 0.515684 0.151056 0.0812334 0.151056 0.0851125 0.147177 0.0851125 0.147177 0.0812334 0.143298 0.0851125 0.143298 0.0812334 0.139419 0.0851125 0.139419 0.0812334 0.154935 0.0812334 0.154935 0.0851125 0.158814 0.0812334 0.158814 0.0851125 0.162693 0.0812334 0.162693 0.0851125 0.123903 0.0928705 0.123903 0.0889914 0.127782 0.0928705 0.127782 0.0889914 0.120024 0.0928705 0.120024 0.0889914 0.116145 0.0889914 0.116145 0.0928705 0.112266 0.0928705 0.112266 0.0889914 0.108387 0.0928705 0.108387 0.0889914 0.104507 0.0928705 0.104507 0.0889914 0.112266 0.0812334 0.108387 0.0812334 0.108387 0.0851125 0.112266 0.0851125 0.116145 0.0812334 0.116145 0.0851125 0.120024 0.0812334 0.120024 0.0851125 0.123903 0.0812334 0.123903 0.0851125 0.127782 0.0812334 0.127782 0.0851125 0.104507 0.0851125 0.104507 0.0812334 0.151056 0.0967494 0.151056 0.0928705 0.147177 0.0928705 0.147177 0.0967494 0.143298 0.0967494 0.143298 0.0928705 0.139419 0.0967494 0.139419 0.0928705 0.154935 0.0967494 0.154935 0.0928705 0.158814 0.0928705 0.158814 0.0967494 0.162693 0.0967494 0.162693 0.0928705 0.0851124 0.0734754 0.0734753 0.0851125 0.0657173 0.0851125 0.0695963 0.0928705 0.0851124 0.0579592 0.0734753 0.0734754 0.0851124 0.0463222 0.0657173 0.0618383 0.0734753 0.0308061 0.0618382 0.023048 0.0579592 0.0502012 0.0463222 0.023048 0.0463222 0.0502012 0.0346851 0.023048 0.0385641 0.0502012 0.019169 0.0346851 0.0269271 0.0618383 0.011411 0.0463222 0.011411 0.0618383 0.023048 0.0734754 0.011411 0.0734754 0.0269271 0.0889914 0.019169 0.0851125 0.0269271 0.0928705 0.0346851 0.0967494 0.0618382 0.0967494 0.100628 0.00365293 0.0851124 0.00365293 0.0851124 0.011411 0.100628 0.011411 0.0734753 0.011411 0.0734753 0.00365293 0.116145 0.00365293 0.116145 0.011411 0.127782 0.00365293 0.127782 0.011411 0.143298 0.00365293 0.143298 0.011411 0.158814 0.00365293 0.158814 0.011411 0.17433 0.00365293 0.17433 0.011411 0.0657173 0.011411 0.0657173 0.00365293 0.0540802 0.00365293 0.0540802 0.011411 0.0424431 0.011411 0.0424431 0.00365293 0.0269271 0.011411 0.0269271 0.00365293 0.01529 0.011411 0.01529 0.00365293 0.00365293 0.011411 0.00365293 0.00365293 0.88807 0.88807 0.88807 0.884191 0.884191 0.88807 0.880312 0.876433 0.857038 0.88807 0.872554 0.868675 0.864796 0.864796 0.876433 0.868675 0.872554 0.864796 0.864796 0.860917 0.860917 0.860917 0.853159 0.860917 0.841522 0.868675 0.845401 0.857038 0.829884 0.880312 0.829884 0.88807 0.833763 0.872554 0.833763 0.868675 0.829884 0.872554 0.826005 0.884191 0.822126 0.884191 0.822126 0.876433 0.826005 0.872554 0.826005 0.88807 0.822126 0.88807 0.837642 0.864796 0.841522 0.860917 0.88807 0.880312 0.891949 0.884191 0.884191 0.880312 0.884191 0.872554 0.884191 0.876433 0.880312 0.872554 0.884191 0.868675 0.880312 0.864796 0.872554 0.860917 0.868675 0.857038 0.860917 0.857038 0.853159 0.857038 0.92686 0.818247 0.988924 0.845401 0.961771 0.853159 0.988924 0.857038 0.915223 0.829884 0.946255 0.884191 0.934618 0.80661 0.988924 0.822126 0.992803 0.80661 0.946255 0.787215 0.988924 0.748425 0.891949 0.76782 0.915223 0.756183 0.899707 0.697998 0.880312 0.771699 0.88807 0.80661 0.857038 0.69024 0.868675 0.694119 0.880312 0.60878 0.88807 0.620417 0.915223 0.651449 0.938497 0.573869 0.950134 0.612659 0.92686 0.562232 0.868675 0.589385 0.853159 0.628175 0.954013 0.666966 0.954013 0.717393 0.988924 0.597143 0.992803 0.639812 0.988924 0.554474 0.988924 0.5312 0.961771 0.523442 0.988924 0.515684 0.988924 0.511805 0.919102 0.542837 0.891949 0.558353 0.895828 0.542837 0.934618 0.519563 0.899707 0.515684 0.988924 0.701877 0.92686 0.500168 0.957892 0.49241 0.973408 0.49241 0.988924 0.49241 0.880312 0.554474 0.884191 0.535079 0.860917 0.581627 0.841522 0.56999 0.822126 0.593264 0.872554 0.542837 0.837642 0.612659 0.822126 0.639812 0.845401 0.682482 0.845401 0.725151 0.868675 0.775578 0.826005 0.72903 0.802731 0.697998 0.818247 0.670845 0.857038 0.783336 0.853159 0.826005 0.814368 0.624296 0.818247 0.732909 0.845401 0.763941 0.80661 0.666966 0.826005 0.775578 0.833763 0.798852 0.88807 0.84928 0.915223 0.872554 0.988924 0.864796 0.988924 0.872554 0.919102 0.651449 0.829884 0.670845 0.845401 0.744546 0.899707 0.837642 0.717393 0.682482 0.736788 0.697998 0.717393 0.705756 0.697998 0.701877 0.69024 0.682482 0.697998 0.659208 0.717393 0.651449 0.736788 0.659208 0.744546 0.682482 0.736788 0.60878 0.72903 0.577748 0.740667 0.589385 0.717393 0.60878 0.72903 0.639812 0.740667 0.624296 0.760062 0.628175 0.760062 0.651449 0.791094 0.639812 0.775578 0.624296 0.783336 0.60878 0.802731 0.60878 0.791094 0.577748 0.775578 0.589385 0.760062 0.585506 0.760062 0.566111 0.760062 0.60878 0.469135 0.178209 0.484652 0.162693 0.465256 0.151056 0.488531 0.151056 0.504047 0.154935 0.504047 0.162693 0.488531 0.17433 0.484652 0.182088 0.507926 0.170451 0.507926 0.143298 0.504047 0.139419 0.488531 0.143298 0.507926 0.182088 0.504047 0.189846 0.457498 0.178209 0.457498 0.151056 0.441982 0.162693 0.441982 0.154935 0.426466 0.158814 0.426466 0.166572 0.441982 0.17433 0.441982 0.185967 0.422587 0.170451 0.422587 0.147177 0.422587 0.143298 0.438103 0.143298 0.426466 0.185967 0.426466 0.182088 0.465256 0.178209 0.717393 0.655328 0.13554 0.0308061 0.13554 0.0579592 0.154935 0.0463222 0.154935 0.0579592 0.17433 0.0540802 0.17433 0.0463222 0.154935 0.0346851 0.154935 0.0269271 0.178209 0.0385642 0.17433 0.0657173 0.17433 0.0695963 0.154935 0.0657173 0.17433 0.0269271 0.170451 0.0191691 0.127782 0.0308061 0.112266 0.0463222 0.127782 0.0579592 0.112266 0.0540802 0.0967494 0.0502012 0.0967494 0.0424432 0.112266 0.0346851 0.112266 0.023048 0.0928704 0.0385642 0.0967494 0.0618383 0.0967494 0.0695963 0.116145 0.0618383 0.0967494 0.023048 0.0928704 0.0269271 0.116145 0.0657173 0.837642 0.981166 0.833763 0.988924 0.837642 0.988924 0.833763 0.973408 0.837642 0.96565 0.833763 0.96565 0.833763 0.957892 0.833763 0.954013 0.837642 0.954013 0.833763 0.942376 0.837642 0.942376 0.822126 0.96565 0.822126 0.957892 0.822126 0.973408 0.822126 0.981166 0.822126 0.988924 0.822126 0.942376 0.822126 0.954013 0.818247 0.988924 0.818247 0.981166 0.818247 0.96565 0.818247 0.954013 0.818247 0.942376 0.72903 0.957892 0.717393 0.950134 0.736788 0.950134 0.705756 0.969529 0.72903 0.969529 0.72903 0.981166 0.701877 0.977287 0.721272 0.988924 0.736788 0.992803 0.701877 0.961771 0.744546 0.992803 0.740667 0.954013 0.740667 0.950134 0.744546 0.973408 0.736788 0.946255 0.744546 0.946255 0.748425 0.957892 0.779457 0.977287 0.787215 0.985045 0.771699 0.988924 0.798852 0.957892 0.775578 0.96565 0.771699 0.954013 0.798852 0.969529 0.794973 0.954013 0.779457 0.946255 0.760062 0.946255 0.763941 0.988924 0.760062 0.973408 0.756183 0.957892 0.756183 0.946255 0.127782 0.158814 0.127782 0.151056 0.116145 0.158814 0.116145 0.151056 0.139419 0.151056 0.143298 0.158814 0.131661 0.139419 0.116145 0.131661 0.143298 0.166572 0.127782 0.170451 0.120024 0.166572 0.108387 0.151056 0.104507 0.143298 0.104507 0.151056 0.147177 0.139419 0.151056 0.147177 0.151056 0.151056 0.151056 0.158814 0.0967494 0.151056 0.100628 0.143298 0.0928704 0.151056 0.0967494 0.158814 0.0928704 0.154935 0.104507 0.158814 0.108387 0.158814 0.112266 0.158814 0.154935 0.151056 0.158814 0.154935 0.154935 0.143298 0.151056 0.13554 0.162693 0.158814 0.158814 0.162693 0.112266 0.162693 0.116145 0.170451 0.108387 0.166572 0.120024 0.17433 0.120024 0.170451 0.127782 0.178209 0.123903 0.178209 0.13554 0.178209 0.13554 0.17433 0.143298 0.17433 0.139419 0.178209 0.151056 0.170451 0.151056 0.166572 0.154935 0.166572 0.162693 0.162693 0.158814 0.170451 0.166572 0.162693 0.166572 0.166572 0.170451 0.170451 0.162693 0.170451 0.151056 0.17433 0.147177 0.17433 0.154935 0.178209 0.147177 0.178209 0.143298 0.182088 0.154935 0.182088 0.151056 0.185967 0.151056 0.189846 0.147177 0.185967 0.0579592 0.154935 0.0579592 0.13554 0.0463222 0.151056 0.0463222 0.13554 0.0346851 0.147177 0.0579592 0.158814 0.0463222 0.162693 0.0308061 0.158814 0.0657173 0.154935 0.0657173 0.158814 0.0695963 0.158814 0.0695963 0.154935 0.0734753 0.158814 0.0540802 0.166572 0.0346851 0.166572 0.0657173 0.162693 0.0734753 0.147177 0.0773543 0.143298 0.023048 0.158814 0.023048 0.151056 0.0269271 0.147177 0.019169 0.143298 0.0269271 0.13554 0.019169 0.13554 0.019169 0.151056 0.019169 0.154935 0.0851124 0.151056 0.0812334 0.154935 0.0812334 0.158814 0.0851124 0.154935 0.019169 0.162693 0.01529 0.158814 0.019169 0.166572 0.023048 0.166572 0.0308061 0.17433 0.023048 0.170451 0.0346851 0.178209 0.0385641 0.17433 0.0463222 0.170451 0.0463222 0.178209 0.0385641 0.178209 0.0502012 0.178209 0.0540802 0.170451 0.0579592 0.178209 0.0579592 0.170451 0.0657173 0.166572 0.0269271 0.17433 0.023048 0.17433 0.0269271 0.178209 0.019169 0.178209 0.0308061 0.182088 0.0308061 0.178209 0.023048 0.185967 0.019169 0.182088 0.019169 0.189846 0.0269271 0.189846 0.0657173 0.170451 0.0618382 0.17433 0.0695963 0.17433 0.0618382 0.182088 0.0657173 0.185967 0.0657173 0.182088 0.0695963 0.185967 0.0734753 0.178209 0.0657173 0.131661 0.0657173 0.127782 0.0579592 0.127782 0.0657173 0.108387 0.0579592 0.108387 0.0463222 0.108387 0.0463222 0.127782 0.0308061 0.108387 0.0308061 0.131661 0.023048 0.127782 0.023048 0.104507 0.108387 0.131661 0.120024 0.127782 0.131661 0.131661 0.120024 0.104507 0.131661 0.108387 0.143298 0.131661 0.143298 0.108387 0.151056 0.131661 0.154935 0.108387 0.108387 0.127782 0.108387 0.108387 0.0385641 0.193725 0.0463222 0.197604 0.0463222 0.189846 0.0502012 0.193725 0.0385641 0.185967 0.0463222 0.182088 0.0385641 0.182088 0.0502012 0.185967 0.0502012 0.182088 0.123903 0.189846 0.127782 0.193725 0.127782 0.189846 0.131661 0.189846 0.127782 0.182088 0.13554 0.182088 0.123903 0.182088 0.104507 0.178209 0.104507 0.182088 0.108387 0.178209 0.112266 0.182088 0.112266 0.17433 0.116145 0.178209 0.108387 0.170451 0.104507 0.170451 0.00753195 0.162693 0.00753195 0.170451 0.011411 0.166572 0.011411 0.17433 0.011411 0.162693 0.01529 0.166572 0.011411 0.158814 0.01529 0.162693 0.01529 0.170451 0.019169 0.170451 0.185967 0.178209 0.201483 0.178209 0.201483 0.17433 0.189846 0.17433 0.220878 0.178209 0.220878 0.182088 0.236394 0.182088 0.232515 0.185967 0.25191 0.182088 0.25191 0.189846 0.189846 0.170451 0.201483 0.170451 0.216999 0.170451 0.244152 0.166572 0.232515 0.166572 0.232515 0.162693 0.244152 0.162693 0.216999 0.166572 0.209241 0.162693 0.255789 0.166572 0.25191 0.170451 0.197604 0.158814 0.185967 0.166572 0.0540802 0.864796 0.0540802 0.880312 0.0812334 0.880312 0.0657173 0.864796 0.0695963 0.864796 0.0851124 0.864796 0.0928704 0.864796 0.100628 0.864796 0.112266 0.864796 0.116145 0.880312 0.143298 0.880312 0.123903 0.864796 0.127782 0.864796 0.139419 0.864796 0.151056 0.864796 0.158814 0.864796 0.170451 0.864796 0.162693 0.880312 0.00753195 0.864796 0.019169 0.880312 0.019169 0.864796 0.011411 0.880312 0.0308061 0.880312 0.023048 0.864796 0.0308061 0.864796 0.0424431 0.864796 0.0540802 0.841522 0.0540802 0.857038 0.0657173 0.857038 0.0657173 0.841522 0.0695963 0.841522 0.0812334 0.857038 0.0851124 0.841522 0.0928704 0.841522 0.100628 0.857038 0.100628 0.841522 0.0424431 0.857038 0.0424431 0.841522 0.0308061 0.857038 0.0308061 0.841522 0.023048 0.841522 0.023048 0.857038 0.019169 0.841522 0.011411 0.857038 0.00753195 0.841522 0.116145 0.857038 0.112266 0.841522 0.131661 0.857038 0.123903 0.841522 0.127782 0.841522 0.143298 0.857038 0.139419 0.841522 0.151056 0.841522 0.154935 0.857038 0.158814 0.841522 0.170451 0.841522 0.162693 0.857038 0.853159 0.981166 0.84928 0.981166 0.84928 0.988924 0.853159 0.988924 0.853159 0.973408 0.84928 0.96565 0.853159 0.96565 0.853159 0.957892 0.853159 0.954013 0.84928 0.954013 0.853159 0.942376 0.84928 0.942376 0.864796 0.96565 0.864796 0.957892 0.864796 0.973408 0.864796 0.981166 0.864796 0.988924 0.864796 0.942376 0.864796 0.954013 0.868675 0.988924 0.868675 0.981166 0.868675 0.96565 0.868675 0.954013 0.868675 0.942376 0.911344 0.957892 0.919102 0.950134 0.899707 0.950134 0.88807 0.969529 0.915223 0.969529 0.911344 0.981166 0.88807 0.977287 0.903586 0.988924 0.922981 0.992803 0.88807 0.961771 0.92686 0.992803 0.92686 0.954013 0.922981 0.950134 0.930739 0.977287 0.919102 0.946255 0.92686 0.946255 0.930739 0.961771 0.96565 0.977287 0.957892 0.988924 0.973408 0.985045 0.981166 0.957892 0.961771 0.96565 0.957892 0.954013 0.985045 0.969529 0.981166 0.954013 0.96565 0.946255 0.946255 0.946255 0.950134 0.988924 0.946255 0.977287 0.942376 0.961771 0.938497 0.946255 0.833763 0.981166 0.511805 0.007532 0.511805 0.0385642 0.527321 0.0385642 0.527321 0.0657173 0.542837 0.0540802 0.542837 0.007532 0.542837 0.0928705 0.527321 0.0928705 0.542837 0.123903 0.511805 0.0657173 0.511805 0.0928705 0.511805 0.123903 0.441982 0.0308061 0.426466 0.023048 0.426466 0.007532 0.441982 0.007532 0.426466 0.0385642 0.426466 0.0540802 0.441982 0.0540802 0.441982 0.0695963 0.426466 0.0695963 0.558353 0.193725 0.558353 0.154935 0.585506 0.154935 0.585506 0.193725 0.558353 0.120024 0.585506 0.120024 0.585506 0.100628 0.558353 0.100628 0.585506 0.0928705 0.558353 0.0928705 0.585506 0.0851125 0.558353 0.0851125 0.585506 0.0734754 0.558353 0.0734754 0.585506 0.0463222 0.558353 0.0463222 0.558353 0.007532 0.585506 0.007532 0.573869 0.154935 0.573869 0.120024 0.573869 0.100628 0.573869 0.0928705 0.573869 0.0851125 0.573869 0.0734754 0.573869 0.0463222 0.457498 0.0385642 0.457498 0.007532 0.473014 0.007532 0.473014 0.0385642 0.473014 0.0657173 0.457498 0.0657173 0.476894 0.0385642 0.476894 0.007532 0.496289 0.0385642 0.496289 0.007532 0.496289 0.0657173 0.476894 0.0657173 0.500168 0.0385642 0.500168 0.007532 0.500168 0.0657173 0.484652 0.123903 0.457498 0.123903 0.457498 0.108387 0.484652 0.108387 0.441982 0.108387 0.441982 0.123903 0.484652 0.0928705 0.457498 0.0928705 0.484652 0.0812334 0.457498 0.0812334 0.441982 0.0928705 0.441982 0.0812334 0.496289 0.0928705 0.496289 0.0812334 0.426466 0.0812334 0.426466 0.0928705 0.84928 0.957892 0.84928 0.973408 0.845401 0.988924 0.845401 0.981166 0.845401 0.96565 0.845401 0.954013 0.845401 0.942376 0.930739 0.973408 0.930739 0.957892 0.946255 0.973408 0.938497 0.957892 0.193725 0.112266 0.205362 0.112266 0.209241 0.0967494 0.197604 0.0967494 0.17433 0.108387 0.182088 0.0928705 0.224757 0.112266 0.224757 0.0967494 0.240273 0.112266 0.240273 0.0967494 0.255789 0.104507 0.259668 0.120024 0.271305 0.100628 0.275184 0.120024 0.2907 0.116145 0.286821 0.100628 0.306217 0.104507 0.298459 0.0928705 0.224757 0.0851125 0.240273 0.0889914 0.220878 0.0773543 0.240273 0.0773543 0.255789 0.0928705 0.255789 0.0812334 0.271305 0.0889914 0.267426 0.0773543 0.282942 0.0889914 0.279063 0.0773543 0.29458 0.0812334 0.29458 0.0657173 0.21312 0.0812334 0.21312 0.0773543 0.201483 0.0734754 0.201483 0.0812334 0.189846 0.0657173 0.185967 0.0773543 0.279063 0.0618383 0.263547 0.0657173 0.263547 0.0502012 0.275184 0.0502012 0.2907 0.0502012 0.25191 0.0502012 0.255789 0.0657173 0.240273 0.0502012 0.240273 0.0657173 0.224757 0.0540802 0.216999 0.0540802 0.228636 0.0308061 0.216999 0.0308061 0.205362 0.0502012 0.209241 0.0308061 0.193725 0.0502012 0.201483 0.0308061 0.205362 0.0191691 0.21312 0.0191691 0.205362 0.00365293 0.21312 0.00365293 0.220878 0.0191691 0.220878 0.00365293 0.228636 0.0191691 0.228636 0.00365293 0.236394 0.0191691 0.240273 0.00365293 0.248031 0.0191691 0.248031 0.00365293 0.259668 0.0191691 0.255789 0.00365293 0.267426 0.0191691 0.263547 0.00365293 0.279063 0.0191691 0.275184 0.00365293 0.282942 0.0308061 0.271305 0.0308061 0.259668 0.0308061 0.25191 0.0308061 0.240273 0.0308061 0.182088 0.131661 0.205362 0.143298 0.166572 0.123903 0.220878 0.143298 0.240273 0.143298 0.259668 0.143298 0.279063 0.139419 0.302338 0.13554 0.317854 0.120024 0.37216 0.143298 0.37216 0.151056 0.383797 0.151056 0.383797 0.143298 0.391555 0.151056 0.391555 0.143298 0.407071 0.143298 0.407071 0.151056 0.356644 0.143298 0.356644 0.151056 0.345007 0.147177 0.348886 0.143298 0.37216 0.158814 0.356644 0.158814 0.348886 0.154935 0.341128 0.158814 0.383797 0.158814 0.383797 0.166572 0.391555 0.166572 0.383797 0.182088 0.391555 0.182088 0.407071 0.166572 0.407071 0.182088 0.37216 0.182088 0.37216 0.166572 0.356644 0.182088 0.356644 0.166572 0.345007 0.166572 0.329491 0.166572 0.329491 0.182088 0.313975 0.182088 0.313975 0.166572 0.302338 0.182088 0.302338 0.166572 0.345007 0.182088 0.302338 0.154935 0.317854 0.162693 0.321733 0.151056 0.310096 0.154935 0.329491 0.151056 0.321733 0.143298 0.313975 0.147177 0.317854 0.139419 0.329491 0.143298 0.329491 0.139419 0.341128 0.139419 0.341128 0.143298 0.313975 0.143298 0.337249 0.151056 0.302338 0.151056 0.302338 0.143298 0.37216 0.123903 0.37216 0.131661 0.383797 0.127782 0.387676 0.120024 0.383797 0.116145 0.37216 0.116145 0.360523 0.112266 0.352765 0.116145 0.352765 0.123903 0.356644 0.131661 0.364402 0.131661 0.345007 0.193725 0.345007 0.197604 0.356644 0.197604 0.356644 0.193725 0.329491 0.197604 0.329491 0.193725 0.313975 0.193725 0.313975 0.197604 0.302338 0.197604 0.302338 0.193725 0.37216 0.197604 0.37216 0.193725 0.383797 0.197604 0.383797 0.193725 0.391555 0.193725 0.391555 0.197604 0.407071 0.193725 0.407071 0.197604 0.407071 0.154935 0.391555 0.158814 0.744546 0.930739 0.717393 0.922981 0.740667 0.922981 0.717393 0.930739 0.709635 0.922981 0.725151 0.903586 0.72903 0.903586 0.736788 0.903586 0.748425 0.922981 0.775578 0.930739 0.740667 0.903586 0.748425 0.903586 0.717393 0.903586 0.713514 0.903586 0.701877 0.903586 0.697998 0.903586 0.701877 0.922981 0.686361 0.930739 0.678603 0.922981 0.694119 0.903586 0.686361 0.903586 0.670845 0.922981 0.663087 0.930739 0.682482 0.903586 0.674724 0.903586 0.666966 0.903586 0.663087 0.903586 0.663087 0.922981 0.635933 0.922981 0.632054 0.930739 0.651449 0.903586 0.643691 0.903586 0.624296 0.922981 0.639812 0.903586 0.628175 0.903586 0.616538 0.903586 0.612659 0.903586 0.612659 0.922981 0.601022 0.930739 0.589385 0.922981 0.601022 0.903586 0.593264 0.903586 0.581627 0.922981 0.577748 0.930739 0.589385 0.903586 0.581627 0.903586 0.573869 0.903586 0.56999 0.903586 0.573869 0.922981 0.562232 0.922981 0.558353 0.930739 0.566111 0.903586 0.562232 0.903586 0.554474 0.922981 0.558353 0.903586 0.550595 0.903586 0.542837 0.903586 0.538958 0.903586 0.546716 0.922981 0.538958 0.930739 0.527321 0.922981 0.519563 0.922981 0.527321 0.903586 0.5312 0.903586 0.519563 0.903586 0.511805 0.903586 0.500168 0.903586 0.511805 0.922981 0.511805 0.930739 0.961771 0.922981 0.969529 0.930739 0.942376 0.930739 0.973408 0.922981 0.981166 0.903586 0.96565 0.903586 0.950134 0.922981 0.961771 0.903586 0.950134 0.903586 0.942376 0.903586 0.934618 0.903586 0.938497 0.922981 0.911344 0.930739 0.915223 0.922981 0.930739 0.903586 0.919102 0.903586 0.903586 0.922981 0.876433 0.930739 0.915223 0.903586 0.903586 0.903586 0.88807 0.903586 0.884191 0.903586 0.88807 0.922981 0.857038 0.922981 0.872554 0.903586 0.860917 0.903586 0.845401 0.922981 0.837642 0.930739 0.853159 0.903586 0.841522 0.903586 0.833763 0.903586 0.826005 0.903586 0.829884 0.922981 0.810489 0.922981 0.80661 0.930739 0.818247 0.903586 0.80661 0.903586 0.798852 0.922981 0.802731 0.903586 0.794973 0.903586 0.783336 0.903586 0.779457 0.903586 0.771699 0.903586 0.787215 0.922981 0.763941 0.922981 0.763941 0.903586 0.760062 0.903586 0.011411 0.992803 0.0385641 0.977287 0.011411 0.977287 0.0657173 0.992803 0.0308061 0.942376 0.011411 0.942376 0.0424431 0.942376 0.0657173 0.977287 0.0928704 0.977287 0.0657173 0.942376 0.0889914 0.942376 0.100628 0.942376 0.120024 0.942376 0.120024 0.977287 0.120024 0.992803 0.151056 0.977287 0.17433 0.992803 0.143298 0.942376 0.154935 0.942376 0.17433 0.977287 0.205362 0.977287 0.17433 0.942376 0.197604 0.942376 0.21312 0.942376 0.232515 0.942376 0.232515 0.977287 0.232515 0.992803 0.255789 0.977287 0.286821 0.992803 0.25191 0.942376 0.267426 0.942376 0.286821 0.977287 0.317854 0.977287 0.286821 0.942376 0.313975 0.942376 0.325612 0.942376 0.348886 0.942376 0.348886 0.977287 0.348886 0.992803 0.25191 0.930739 0.248031 0.922981 0.224757 0.922981 0.224757 0.930739 0.216999 0.922981 0.224757 0.903586 0.232515 0.903586 0.236394 0.903586 0.244152 0.903586 0.248031 0.903586 0.255789 0.903586 0.255789 0.922981 0.282942 0.930739 0.216999 0.903586 0.209241 0.922981 0.193725 0.930739 0.185967 0.922981 0.209241 0.903586 0.205362 0.903586 0.201483 0.903586 0.193725 0.903586 0.189846 0.903586 0.178209 0.922981 0.170451 0.930739 0.182088 0.903586 0.166572 0.922981 0.143298 0.922981 0.13554 0.930739 0.170451 0.903586 0.166572 0.903586 0.158814 0.903586 0.151056 0.903586 0.143298 0.903586 0.131661 0.922981 0.13554 0.903586 0.120024 0.922981 0.104507 0.930739 0.0967494 0.922981 0.123903 0.903586 0.120024 0.903586 0.108387 0.903586 0.100628 0.903586 0.0967494 0.903586 0.0889914 0.922981 0.0851124 0.930739 0.0889914 0.903586 0.0812334 0.922981 0.0695963 0.922981 0.0657173 0.930739 0.0734753 0.903586 0.0695963 0.903586 0.0657173 0.903586 0.0812334 0.903586 0.0773543 0.903586 0.0618382 0.922981 0.0579592 0.903586 0.0502012 0.922981 0.0463222 0.930739 0.0502012 0.903586 0.0463222 0.903586 0.0346851 0.922981 0.023048 0.922981 0.0385641 0.903586 0.0308061 0.903586 0.0269271 0.903586 0.019169 0.903586 0.01529 0.922981 0.00753195 0.903586 0.019169 0.930739 0.469135 0.922981 0.44974 0.930739 0.476894 0.930739 0.480773 0.922981 0.484652 0.903586 0.473014 0.903586 0.469135 0.903586 0.457498 0.922981 0.457498 0.903586 0.445861 0.922981 0.418708 0.930739 0.422587 0.922981 0.445861 0.903586 0.441982 0.903586 0.434224 0.903586 0.426466 0.903586 0.422587 0.903586 0.41095 0.922981 0.379918 0.930739 0.407071 0.903586 0.395434 0.922981 0.364402 0.922981 0.395434 0.903586 0.391555 0.903586 0.379918 0.903586 0.368281 0.903586 0.360523 0.903586 0.348886 0.922981 0.341128 0.930739 0.348886 0.903586 0.337249 0.922981 0.313975 0.922981 0.313975 0.930739 0.337249 0.903586 0.33337 0.903586 0.325612 0.903586 0.313975 0.903586 0.310096 0.903586 0.306217 0.922981 0.302338 0.903586 0.29458 0.922981 0.271305 0.922981 0.279063 0.903586 0.286821 0.903586 0.2907 0.903586 0.267426 0.903586 0.271305 0.903586 0.360523 0.992803 0.360523 0.977287 0.383797 0.977287 0.414829 0.992803 0.391555 0.942376 0.414829 0.977287 0.441982 0.977287 0.414829 0.942376 0.434224 0.942376 0.469135 0.992803 0.469135 0.977287 0.496289 0.977287 0.523442 0.992803 0.504047 0.942376 0.523442 0.977287 0.550595 0.977287 0.523442 0.942376 0.542837 0.942376 0.577748 0.992803 0.577748 0.977287 0.604901 0.977287 0.632054 0.992803 0.616538 0.942376 0.632054 0.977287 0.659208 0.977287 0.632054 0.942376 0.651449 0.942376 0.686361 0.992803 0.686361 0.977287 0.659208 0.942376 0.686361 0.942376 0.550595 0.942376 0.577748 0.942376 0.604901 0.942376 0.496289 0.942376 0.469135 0.942376 0.441982 0.942376 0.383797 0.942376 0.360523 0.942376 0.364402 0.011411 0.352765 0.011411 0.352765 0.0269271 0.368281 0.0269271 0.37216 0.011411 0.383797 0.0269271 0.383797 0.011411 0.329491 0.011411 0.317854 0.011411 0.325612 0.0269271 0.310096 0.0269271 0.310096 0.011411 0.341128 0.011411 0.341128 0.0269271 0.368281 0.0734754 0.383797 0.0618383 0.383797 0.0385642 0.368281 0.0385642 0.352765 0.0385642 0.352765 0.0618383 0.368281 0.0851125 0.310096 0.0385642 0.310096 0.0618383 0.325612 0.0734754 0.325612 0.0385642 0.341128 0.0385642 0.341128 0.0618383 0.325612 0.0851125 0.364402 0.845401 0.376039 0.833763 0.37216 0.857038 0.356644 0.837642 0.348886 0.845401 0.348886 0.857038 0.337249 0.845401 0.325612 0.857038 0.341128 0.837642 0.33337 0.837642 0.325612 0.837642 0.298459 0.857038 0.317854 0.833763 0.306217 0.833763 0.29458 0.841522 0.286821 0.833763 0.275184 0.833763 0.279063 0.841522 0.279063 0.857038 0.25191 0.857038 0.267426 0.845401 0.25191 0.837642 0.263547 0.833763 0.240273 0.833763 0.220878 0.845401 0.228636 0.837642 0.228636 0.857038 0.216999 0.837642 0.209241 0.84928 0.209241 0.857038 0.197604 0.84928 0.189846 0.857038 0.205362 0.841522 0.193725 0.845401 0.189846 0.84928 0.387676 0.833763 0.395434 0.857038 0.41095 0.845401 0.426466 0.84928 0.426466 0.857038 0.399313 0.841522 0.438103 0.853159 0.453619 0.857038 0.185967 0.857038 0.364402 0.880312 0.37216 0.864796 0.376039 0.891949 0.356644 0.88807 0.348886 0.880312 0.348886 0.864796 0.337249 0.880312 0.325612 0.864796 0.341128 0.88807 0.33337 0.88807 0.325612 0.88807 0.302338 0.864796 0.317854 0.891949 0.306217 0.891949 0.279063 0.884191 0.267426 0.880312 0.25191 0.864796 0.279063 0.864796 0.25191 0.88807 0.29458 0.880312 0.275184 0.891949 0.286821 0.88807 0.263547 0.891949 0.220878 0.876433 0.228636 0.864796 0.228636 0.88807 0.216999 0.88807 0.209241 0.876433 0.209241 0.864796 0.197604 0.876433 0.189846 0.864796 0.205362 0.884191 0.193725 0.880312 0.189846 0.876433 0.387676 0.88807 0.395434 0.864796 0.399313 0.884191 0.41095 0.880312 0.426466 0.864796 0.426466 0.872554 0.438103 0.872554 0.453619 0.864796 0.240273 0.891949 0.185967 0.864796 0.345007 0.779457 0.356644 0.775578 0.360523 0.779457 0.403192 0.791094 0.395434 0.779457 0.360523 0.76782 0.383797 0.740667 0.407071 0.736788 0.360523 0.740667 0.337249 0.740667 0.325612 0.775578 0.313975 0.740667 0.29458 0.775578 0.286821 0.736788 0.325612 0.705756 0.341128 0.705756 0.360523 0.705756 0.376039 0.705756 0.391555 0.705756 0.41095 0.705756 0.306217 0.705756 0.259668 0.72903 0.244152 0.763941 0.282942 0.705756 0.263547 0.705756 0.248031 0.705756 0.232515 0.721272 0.216999 0.736788 0.216999 0.705756 0.216999 0.76782 0.216999 0.794973 0.232515 0.705756 0.236394 0.794973 0.216999 0.80661 0.255789 0.775578 0.21312 0.810489 0.21312 0.794973 0.21312 0.76782 0.21312 0.736788 0.21312 0.697998 0.232515 0.697998 0.248031 0.697998 0.263547 0.697998 0.282942 0.697998 0.306217 0.697998 0.325612 0.697998 0.341128 0.697998 0.360523 0.697998 0.376039 0.697998 0.391555 0.697998 0.41095 0.697998 0.434224 0.705756 0.430345 0.736788 0.461377 0.72903 0.457498 0.763941 0.480773 0.76782 0.496289 0.740667 0.535079 0.756183 0.511805 0.787215 0.426466 0.771699 0.461377 0.791094 0.49241 0.810489 0.546716 0.72903 0.480773 0.717393 0.461377 0.705756 0.507926 0.721272 0.511805 0.705756 0.550595 0.705756 0.488531 0.705756 0.461377 0.697998 0.430345 0.697998 0.488531 0.697998 0.515684 0.697998 0.550595 0.697998 0.469135 0.822126 0.438103 0.802731 0.275184 0.775578 0.2907 0.779457 0.275184 0.771699 0.306217 0.779457 0.546716 0.628175 0.546716 0.616538 0.550595 0.616538 0.550595 0.632054 0.538958 0.628175 0.542837 0.632054 0.550595 0.597143 0.546716 0.597143 0.523442 0.601022 0.535079 0.628175 0.523442 0.628175 0.535079 0.632054 0.523442 0.632054 0.511805 0.628175 0.507926 0.60878 0.500168 0.628175 0.504047 0.632054 0.511805 0.632054 0.488531 0.632054 0.488531 0.628175 0.473014 0.632054 0.473014 0.628175 0.469135 0.612659 0.488531 0.612659 0.461377 0.632054 0.461377 0.628175 0.445861 0.632054 0.44974 0.628175 0.453619 0.612659 0.438103 0.632054 0.438103 0.628175 0.426466 0.632054 0.426466 0.628175 0.434224 0.612659 0.418708 0.632054 0.418708 0.628175 0.418708 0.612659 0.426466 0.80661 0.457498 0.822126 0.473014 0.829884 0.441982 0.814368 0.407071 0.798852 0.387676 0.791094 0.550595 0.593264 0.263547 0.80661 0.263547 0.798852 0.279063 0.80661 0.25191 0.80661 0.25191 0.791094 0.2907 0.80661 0.263547 0.787215 0.25191 0.826005 0.259668 0.826005 0.267426 0.826005 0.271305 0.826005 0.279063 0.826005 0.282942 0.826005 0.2907 0.826005 0.313975 0.80661 0.298459 0.826005 0.306217 0.826005 0.317854 0.826005 0.321733 0.826005 0.329491 0.826005 0.337249 0.826005 0.337249 0.80661 0.360523 0.80661 0.345007 0.826005 0.348886 0.826005 0.352765 0.826005 0.364402 0.826005 0.368281 0.826005 0.376039 0.80661 0.376039 0.826005 0.383797 0.826005 0.391555 0.80661 0.387676 0.826005 0.391555 0.826005 0.395434 0.826005 0.403192 0.826005 0.407071 0.80661 0.407071 0.826005 0.535079 0.686361 0.523442 0.659208 0.542837 0.670845 0.519563 0.674724 0.515684 0.686361 0.507926 0.670845 0.496289 0.659208 0.507926 0.686361 0.496289 0.686361 0.476894 0.686361 0.469135 0.651449 0.453619 0.686361 0.441982 0.64757 0.434224 0.686361 0.418708 0.643691 0.41095 0.686361 0.387676 0.643691 0.387676 0.686361 0.352765 0.64757 0.360523 0.686361 0.325612 0.64757 0.337249 0.686361 0.313975 0.686361 0.29458 0.651449 0.286821 0.686361 0.263547 0.659208 0.267426 0.686361 0.25191 0.686361 0.236394 0.666966 0.236394 0.686361 0.216999 0.686361 0.356644 0.597143 0.337249 0.616538 0.313975 0.612659 0.360523 0.604901 0.352765 0.585506 0.321733 0.589385 0.29458 0.593264 0.345007 0.558353 0.29458 0.56999 0.337249 0.5312 0.286821 0.542837 0.395434 0.562232 0.387676 0.5312 0.383797 0.49241 0.438103 0.504047 0.441982 0.469136 0.496289 0.484652 0.484652 0.515684 0.379918 0.44974 0.325612 0.488531 0.317854 0.44974 0.275184 0.500168 0.259668 0.469136 0.438103 0.538958 0.476894 0.546716 0.216999 0.488531 0.201483 0.453619 0.438103 0.573869 0.473014 0.573869 0.414829 0.589385 0.383797 0.585506 0.399313 0.60878 0.379918 0.604901 0.376039 0.616538 0.387676 0.632054 0.248031 0.434224 0.310096 0.41095 0.224757 0.368281 0.189846 0.422587 0.306217 0.345007 0.21312 0.310096 0.298459 0.298459 0.298459 0.25191 0.205362 0.259668 0.248031 0.21312 0.383797 0.298459 0.387676 0.25191 0.379918 0.348886 0.376039 0.41095 0.473014 0.302338 0.476894 0.25191 0.461377 0.360523 0.44974 0.426466 0.535079 0.383797 0.558353 0.317854 0.507926 0.44974 0.341128 0.21312 0.438103 0.21312 0.566111 0.255789 0.523442 0.21312 0.562232 0.21312 0.562232 0.209241 0.523442 0.209241 0.484652 0.209241 0.484652 0.21312 0.438103 0.209241 0.387676 0.209241 0.387676 0.21312 0.341128 0.209241 0.298459 0.209241 0.298459 0.21312 0.248031 0.209241 0.201483 0.209241 0.201483 0.21312 0.147177 0.209241 0.147177 0.21312 0.147177 0.236394 0.147177 0.263547 0.151056 0.29458 0.158814 0.325612 0.166572 0.360523 0.178209 0.391555 0.131661 0.744546 0.166572 0.740667 0.166572 0.713514 0.131661 0.717393 0.131661 0.76782 0.166572 0.763941 0.131661 0.794973 0.166572 0.794973 0.131661 0.829884 0.166572 0.829884 0.116145 0.76782 0.116145 0.744546 0.0967494 0.76782 0.0967494 0.744546 0.116145 0.717393 0.0967494 0.721272 0.0967494 0.798852 0.116145 0.794973 0.0967494 0.829884 0.116145 0.829884 0.011411 0.783336 0.011411 0.760062 0.011411 0.732909 0.011411 0.829884 0.011411 0.802731 0.201483 0.829884 0.201483 0.814368 0.197604 0.794973 0.201483 0.779457 0.201483 0.763941 0.197604 0.752304 0.197604 0.740667 0.201483 0.72903 0.197604 0.713514 0.0424431 0.407071 0.0385641 0.430345 0.00753195 0.430345 0.00753195 0.403192 0.00753195 0.457498 0.0346851 0.457498 0.00753195 0.484652 0.0269271 0.484652 0.00753195 0.511805 0.023048 0.511805 0.00753195 0.5312 0.019169 0.5312 0.00753195 0.379918 0.0502012 0.387676 0.00753195 0.341128 0.0657173 0.348886 0.00753195 0.298459 0.0812334 0.306217 0.0928704 0.255789 0.00753195 0.25191 0.0540802 0.21312 0.0967494 0.21312 0.00753195 0.21312 0.00753195 0.209241 0.0540802 0.209241 0.0967494 0.209241 0.0734753 0.37216 0.0579592 0.391555 0.0502012 0.41095 0.0851124 0.356644 0.120024 0.286821 0.108387 0.313975 0.0967494 0.33337 0.131661 0.21312 0.127782 0.236394 0.123903 0.259668 0.13554 0.209241 0.271305 0.577748 0.240273 0.562232 0.228636 0.523442 0.329491 0.635933 0.0463222 0.678603 0.0385641 0.663087 0.011411 0.69024 0.0269271 0.64757 0.011411 0.639812 0.0463222 0.694119 0.0424431 0.705756 0.0346851 0.713514 0.023048 0.717393 0.011411 0.717393 0.0424431 0.616538 0.0385641 0.620417 0.0269271 0.612659 0.0463222 0.612659 0.0463222 0.593264 0.0540802 0.612659 0.0618382 0.604901 0.0618382 0.597143 0.0579592 0.593264 0.0579592 0.589385 0.0579592 0.581627 0.0463222 0.577748 0.0657173 0.577748 0.0618382 0.56999 0.0540802 0.566111 0.0502012 0.566111 0.0424431 0.562232 0.0308061 0.566111 0.0385641 0.554474 0.0385641 0.550595 0.0346851 0.542837 0.0269271 0.542837 0.019169 0.546716 0.011411 0.546716 0.011411 0.558353 0.011411 0.589385 0.011411 0.612659 0.019169 0.628175 0.023048 0.628175 0.0308061 0.632054 0.0385641 0.624296 0.011411 0.624296 0.325612 0.779457 0.930739 0.950134 0.938497 0.954013</float_array>
                    <technique_common>
                        <accessor count="2259" source="#ID160" stride="2">
                            <param name="S" type="float"/>
                            <param name="T" type="float"/>
                        </accessor>
                    </technique_common>
                </source>
                <vertices id="ID161">
                    <input semantic="POSITION" source="#ID155"/>
                </vertices>
                <triangles count="6596" material="Material1">
                    <input offset="0" semantic="VERTEX" source="#ID161"/>
                    <input offset="1" semantic="NORMAL" source="#ID157"/>
                    <input offset="2" semantic="TEXCOORD" source="#ID159" set="0"/>
                    <p>2 0 2 1 0 1 0 0 0 5 1 1 4 1 3 3 1 0 8 4 6 7 3 5 6 2 4 9 5 7 8 4 6 6 2 4 10 6 8 8 4 6 9 5 7 11 7 9 10 6 8 9 5 7 12 8 10 10 6 8 11 7 9 13 9 11 12 8 10 11 7 9 12 8 10 14 10 12 10 6 8 14 10 12 15 11 13 10 6 8 8 4 6 10 6 8 15 11 13 15 11 13 16 12 14 8 4 6 8 4 6 16 12 14 7 3 5 16 12 14 17 13 15 7 3 5 7 3 5 17 13 15 18 14 16 6 2 4 7 3 5 18 14 16 12 8 10 19 15 17 14 10 12 20 16 18 19 15 17 12 8 10 19 15 17 20 16 18 21 17 19 13 9 11 22 18 18 12 8 10 25 19 1 24 19 2 23 19 0 28 20 3 27 20 1 26 20 0 31 23 6 30 22 7 29 21 4 32 24 5 31 23 6 29 21 4 31 23 6 33 25 8 30 22 7 33 25 8 34 26 9 30 22 7 33 25 8 35 27 10 34 26 9 35 27 10 36 28 11 34 26 9 37 29 12 35 27 10 33 25 8 38 30 13 37 29 12 33 25 8 33 25 8 31 23 6 38 30 13 39 31 14 38 30 13 31 23 6 39 31 14 31 23 6 32 24 5 40 32 15 39 31 14 32 24 5 40 32 15 32 24 5 41 33 16 32 24 5 29 21 4 41 33 16 42 34 17 35 27 10 37 29 12 42 34 17 43 35 18 35 27 10 43 35 18 42 34 17 44 36 19 45 37 18 36 28 11 35 27 10 48 40 22 47 39 21 46 38 20 49 41 23 48 40 22 46 38 20 49 41 23 50 42 24 48 40 22 50 42 24 51 43 25 48 40 22 52 44 26 51 43 25 50 42 24 53 45 27 52 44 26 50 42 24 46 38 20 47 39 21 54 46 28 55 47 29 46 38 20 54 46 28 55 47 29 54 46 28 56 48 30 54 46 28 57 49 31 56 48 30 53 45 27 58 50 32 52 44 26 58 50 32 59 51 26 52 44 26 56 48 30 57 49 31 60 52 33 61 53 34 56 48 30 60 52 33 61 53 34 60 52 33 62 54 35 60 52 33 63 55 33 62 54 35 64 56 36 53 45 27 50 42 24 58 50 32 53 45 27 64 56 36 65 57 37 64 56 36 50 42 24 65 57 37 50 42 24 66 58 38 50 42 24 49 41 23 66 58 38 66 58 38 49 41 23 46 38 20 67 59 39 66 58 38 46 38 20 46 38 20 55 47 29 68 60 40 67 59 39 46 38 20 68 60 40 68 60 40 55 47 29 56 48 30 69 61 41 68 60 40 56 48 30 56 48 30 61 53 34 70 62 42 69 61 41 56 48 30 70 62 42 70 62 42 61 53 34 62 54 35 71 63 42 70 62 42 62 54 35 72 64 36 58 50 32 64 56 36 75 67 38 74 66 39 73 65 20 76 68 23 75 67 38 73 65 20 76 68 23 77 69 24 75 67 38 77 69 24 78 70 37 75 67 38 79 71 36 78 70 37 77 69 24 80 72 27 79 71 36 77 69 24 73 65 20 74 66 39 81 73 40 82 74 29 73 65 20 81 73 40 82 74 29 81 73 40 83 75 30 81 73 40 84 76 41 83 75 30 80 72 27 85 77 32 79 71 36 85 77 32 86 78 36 79 71 36 83 75 30 84 76 41 87 79 42 88 80 34 83 75 30 87 79 42 88 80 34 87 79 42 89 81 35 87 79 42 90 82 42 89 81 35 85 77 32 80 72 27 91 83 26 91 83 26 80 72 27 77 69 24 92 84 26 85 77 32 91 83 26 93 85 25 91 83 26 77 69 24 94 86 28 82 74 29 83 75 30 73 65 20 82 74 29 94 86 28 95 87 21 73 65 20 94 86 28 95 87 21 96 88 22 73 65 20 93 85 25 77 69 24 96 88 22 77 69 24 76 68 23 96 88 22 96 88 22 76 68 23 73 65 20 97 89 33 88 80 34 89 81 35 83 75 30 88 80 34 97 89 33 98 90 31 94 86 28 83 75 30 98 90 31 83 75 30 97 89 33 99 91 33 97 89 33 89 81 35 102 94 45 101 93 44 100 92 43 103 95 46 101 93 44 102 94 45 100 92 43 104 96 47 102 94 45 105 97 48 102 94 45 104 96 47 106 98 49 102 94 45 105 97 48 106 98 49 107 99 50 102 94 45 107 99 50 103 95 46 102 94 45 106 98 49 108 100 51 107 99 50 108 100 51 109 101 52 107 99 50 108 100 51 110 102 53 109 101 52 110 102 53 111 103 54 109 101 52 111 103 54 110 102 53 112 104 55 113 105 56 110 102 53 108 100 51 110 102 53 113 105 56 114 106 57 114 106 57 112 104 55 110 102 53 115 107 58 113 105 56 108 100 51 115 107 58 108 100 51 106 98 49 116 108 59 115 107 58 106 98 49 116 108 59 106 98 49 105 97 48 107 99 50 117 109 60 103 95 46 117 109 60 118 110 61 103 95 46 103 95 46 118 110 61 119 111 62 118 110 61 120 112 63 119 111 62 118 110 61 121 113 64 120 112 63 121 113 64 122 114 65 120 112 63 122 114 65 121 113 64 123 115 66 124 116 67 121 113 64 118 110 61 117 109 60 124 116 67 118 110 61 124 116 67 125 117 68 121 113 64 125 117 68 123 115 66 121 113 64 103 95 46 119 111 62 101 93 44 128 120 71 127 119 70 126 118 69 128 120 71 129 121 72 127 119 70 128 120 71 130 122 73 129 121 72 131 123 74 128 120 71 126 118 69 128 120 71 131 123 74 132 124 75 129 121 72 133 125 76 127 119 70 133 125 76 134 126 43 127 119 70 135 127 77 133 125 76 129 121 72 136 128 78 135 127 77 129 121 72 130 122 73 136 128 78 129 121 72 133 125 76 135 127 77 137 129 44 133 125 76 137 129 44 134 126 43 137 129 44 138 130 45 134 126 43 135 127 77 139 131 62 137 129 44 137 129 44 140 132 46 138 130 45 139 131 62 140 132 46 137 129 44 141 133 61 140 132 46 139 131 62 142 134 63 141 133 61 139 131 62 143 135 64 141 133 61 142 134 63 144 136 65 143 135 64 142 134 63 145 137 47 134 126 43 138 130 45 138 130 45 146 138 48 145 137 47 138 130 45 147 139 49 146 138 48 143 135 64 144 136 65 148 140 66 149 141 50 147 139 49 138 130 45 140 132 46 149 141 50 138 130 45 150 142 51 147 139 49 149 141 50 151 143 52 150 142 51 149 141 50 152 144 53 150 142 51 151 143 52 153 145 54 152 144 53 151 143 52 152 144 53 153 145 54 154 146 55 150 142 51 152 144 53 155 147 58 150 142 51 155 147 58 147 139 49 152 144 53 156 148 56 155 147 58 156 148 56 152 144 53 157 149 57 154 146 55 157 149 57 152 144 53 155 147 58 158 150 59 147 139 49 147 139 49 158 150 59 146 138 48 148 140 66 159 151 68 143 135 64 159 151 68 160 152 67 143 135 64 143 135 64 160 152 67 161 153 60 141 133 61 143 135 64 161 153 60 161 153 60 149 141 50 140 132 46 141 133 61 161 153 60 140 132 46 163 155 80 162 154 79 130 122 73 164 156 81 163 155 80 130 122 73 165 157 82 163 155 80 164 156 81 132 124 75 165 157 82 164 156 81 162 154 79 163 155 80 166 158 83 163 155 80 167 159 84 166 158 83 166 158 83 167 159 84 168 160 85 169 161 86 166 158 83 168 160 85 132 124 75 170 162 87 165 157 82 170 162 87 171 163 88 165 157 82 170 162 87 132 124 75 131 123 74 132 124 75 164 156 81 128 120 71 128 120 71 164 156 81 130 122 73 172 164 89 166 158 83 169 161 86 162 154 79 166 158 83 172 164 89 173 165 90 172 164 89 169 161 86 174 166 91 162 154 79 172 164 89 172 164 89 175 167 92 174 166 91 175 167 92 176 168 93 174 166 91 174 166 91 176 168 93 136 128 78 162 154 79 174 166 91 136 128 78 130 122 73 162 154 79 136 128 78 175 167 92 177 169 94 176 168 93 178 170 95 177 169 94 175 167 92 178 170 95 175 167 92 172 164 89 177 169 94 179 171 96 176 168 93 176 168 93 179 171 96 136 128 78 177 169 94 180 172 97 179 171 96 181 173 98 180 172 97 177 169 94 182 174 99 181 173 98 177 169 94 180 172 97 183 175 100 179 171 96 183 175 100 135 127 77 179 171 96 179 171 96 135 127 77 136 128 78 181 173 98 184 176 101 180 172 97 184 176 101 185 177 102 180 172 97 180 172 97 185 177 102 183 175 100 185 177 102 186 178 103 183 175 100 183 175 100 186 178 103 135 127 77 186 178 103 139 131 62 135 127 77 189 181 106 188 180 105 187 179 104 190 182 107 189 181 106 187 179 104 189 181 106 191 183 108 188 180 105 187 179 104 188 180 105 192 184 109 188 180 105 193 185 110 192 184 109 188 180 105 194 186 111 193 185 110 191 183 108 194 186 111 188 180 105 195 187 112 187 179 104 192 184 109 190 182 107 187 179 104 195 187 112 196 188 113 190 182 107 195 187 112 195 187 112 192 184 109 197 189 114 197 189 114 196 188 113 195 187 112 197 189 114 198 190 115 196 188 113 196 188 113 198 190 115 199 191 116 199 191 116 200 192 117 196 188 113 200 192 117 201 193 118 196 188 113 202 194 119 200 192 117 199 191 116 203 195 120 202 194 119 199 191 116 199 191 116 198 190 115 203 195 120 203 195 120 198 190 115 204 196 121 203 195 120 204 196 121 205 197 122 205 197 122 204 196 121 206 198 123 204 196 121 198 190 115 206 198 123 207 199 124 205 197 122 206 198 123 207 199 124 206 198 123 208 200 125 206 198 123 198 190 115 208 200 125 209 201 126 207 199 124 208 200 125 210 202 127 205 197 122 207 199 124 211 203 128 203 195 120 205 197 122 211 203 128 205 197 122 210 202 127 209 201 126 208 200 125 212 204 129 208 200 125 198 190 115 212 204 129 213 205 130 209 201 126 212 204 129 214 206 130 213 205 130 212 204 129 215 207 130 214 206 130 212 204 129 216 208 131 215 207 130 212 204 129 216 208 131 217 209 132 215 207 130 218 210 133 217 209 132 216 208 131 219 211 134 218 210 133 216 208 131 212 204 129 198 190 115 216 208 131 216 208 131 198 190 115 219 211 134 207 199 124 209 201 126 220 212 135 207 199 124 220 212 135 221 213 136 222 214 137 207 199 124 221 213 136 222 214 137 221 213 136 223 215 138 221 213 136 220 212 135 224 216 139 220 212 135 225 217 140 224 216 139 226 218 139 224 216 139 225 217 140 227 219 140 226 218 139 225 217 140 227 219 140 225 217 140 213 205 130 214 206 130 227 219 140 213 205 130 228 220 141 226 218 139 227 219 140 228 220 141 229 221 142 226 218 139 226 218 139 229 221 142 224 216 139 230 222 143 228 220 141 227 219 140 231 223 144 228 220 141 230 222 143 231 223 144 232 224 145 228 220 141 233 225 146 231 223 144 230 222 143 234 226 147 231 223 144 233 225 146 218 210 133 234 226 147 233 225 146 234 226 147 235 227 148 231 223 144 235 227 148 236 228 149 231 223 144 231 223 144 236 228 149 232 224 145 230 222 143 227 219 140 214 206 130 215 207 130 230 222 143 214 206 130 233 225 146 230 222 143 215 207 130 217 209 132 233 225 146 215 207 130 218 210 133 233 225 146 217 209 132 209 201 126 213 205 130 225 217 140 220 212 135 209 201 126 225 217 140 238 230 151 237 229 150 201 193 118 239 231 152 238 230 151 201 193 118 238 230 151 240 232 153 237 229 150 239 231 152 202 194 119 238 230 151 202 194 119 241 233 154 238 230 151 238 230 151 241 233 154 242 234 155 240 232 153 238 230 151 242 234 155 200 192 117 239 231 152 201 193 118 239 231 152 200 192 117 202 194 119 245 237 106 244 236 107 243 235 104 246 238 105 245 237 106 243 235 104 246 238 105 243 235 104 247 239 109 248 240 110 246 238 105 247 239 109 249 241 108 245 237 106 246 238 105 249 241 108 246 238 105 250 242 111 250 242 111 246 238 105 248 240 110 243 235 104 244 236 107 251 243 112 243 235 104 251 243 112 247 239 109 251 243 112 244 236 107 252 244 113 251 243 112 252 244 113 253 245 114 253 245 114 247 239 109 251 243 112 252 244 113 254 246 115 253 245 114 255 247 116 254 246 115 252 244 113 256 248 117 255 247 116 252 244 113 257 249 118 256 248 117 252 244 113 256 248 117 258 250 119 255 247 116 258 250 119 259 251 120 255 247 116 259 251 120 254 246 115 255 247 116 260 252 152 258 250 119 256 248 117 260 252 152 256 248 117 257 249 118 261 253 151 260 252 152 257 249 118 262 254 150 261 253 151 257 249 118 263 255 154 258 250 119 260 252 152 261 253 151 263 255 154 260 252 152 264 256 155 263 255 154 261 253 151 265 257 153 264 256 155 261 253 151 265 257 153 261 253 151 262 254 150 268 260 158 267 259 157 266 258 156 266 258 156 267 259 157 269 261 159 267 259 157 270 262 160 269 261 159 267 259 157 268 260 158 163 155 80 165 157 82 267 259 157 163 155 80 171 163 88 270 262 160 267 259 157 165 157 82 171 163 88 267 259 157 273 265 162 272 264 162 271 263 161 273 265 162 271 263 161 274 266 163 275 267 164 273 265 162 274 266 163 272 264 162 273 265 162 210 202 127 207 199 124 272 264 162 210 202 127 211 203 128 210 202 127 273 265 162 275 267 164 211 203 128 273 265 162 221 213 136 277 269 142 276 268 165 221 213 136 224 216 139 277 269 142 221 213 136 276 268 165 223 215 138 280 272 167 279 271 167 278 270 166 278 270 166 279 271 167 281 273 168 278 270 166 281 273 168 282 274 168 282 274 168 283 275 169 278 270 166 282 274 168 281 273 168 284 276 170 281 273 168 285 277 171 284 276 170 281 273 168 279 271 167 285 277 171 279 271 167 286 278 172 285 277 171 286 278 172 279 271 167 280 272 167 287 279 173 286 278 172 280 272 167 288 280 174 283 275 169 282 274 168 284 276 170 288 280 174 282 274 168 285 277 171 289 281 175 284 276 170 285 277 171 286 278 172 289 281 175 286 278 172 290 282 176 289 281 175 290 282 176 286 278 172 287 279 173 291 283 177 288 280 174 284 276 170 284 276 170 289 281 175 291 283 177 291 283 177 292 284 178 288 280 174 291 283 177 289 281 175 293 285 179 289 281 175 290 282 176 293 285 179 296 288 182 295 287 181 294 286 180 294 286 180 295 287 181 297 289 183 297 289 183 295 287 181 298 290 184 295 287 181 299 291 185 298 290 184 300 292 186 299 291 185 295 287 181 301 293 187 300 292 186 295 287 181 301 293 187 295 287 181 296 288 182 297 289 183 298 290 184 302 294 188 297 289 183 302 294 188 294 286 180 294 286 180 302 294 188 303 295 189 303 295 189 302 294 188 304 296 190 302 294 188 305 297 191 304 296 190 298 290 184 305 297 191 302 294 188 303 295 189 304 296 190 306 298 192 306 298 192 294 286 180 303 295 189 304 296 190 307 299 193 306 298 192 306 298 192 308 300 194 294 286 180 306 298 192 307 299 193 309 301 195 309 301 195 308 300 194 306 298 192 307 299 193 310 302 196 309 301 195 309 301 195 310 302 196 311 303 197 296 288 182 312 304 198 301 293 187 313 305 199 308 300 194 309 301 195 301 293 187 314 306 200 300 292 186 301 293 187 312 304 198 314 306 200 315 307 201 300 292 186 314 306 200 316 308 202 312 304 198 296 288 182 316 308 202 317 309 203 312 304 198 312 304 198 317 309 203 314 306 200 318 310 204 308 300 194 313 305 199 316 308 202 319 311 205 317 309 203 315 307 201 314 306 200 320 312 206 321 313 207 320 312 206 314 306 200 317 309 203 319 311 205 321 313 207 314 306 200 317 309 203 321 313 207 310 302 196 307 299 193 322 314 208 323 315 209 322 314 208 307 299 193 323 315 209 307 299 193 324 316 210 307 299 193 304 296 190 324 316 210 304 296 190 305 297 191 324 316 210 325 317 211 324 316 210 305 297 191 325 317 211 305 297 191 326 318 212 298 290 184 326 318 212 305 297 191 298 290 184 299 291 185 326 318 212 327 319 213 326 318 212 299 291 185 327 319 213 299 291 185 328 320 214 300 292 186 328 320 214 299 291 185 300 292 186 315 307 201 328 320 214 315 307 201 329 321 215 328 320 214 330 322 216 329 321 215 315 307 201 315 307 201 320 312 206 330 322 216 333 325 219 332 324 218 331 323 217 334 326 220 333 325 219 331 323 217 335 327 221 333 325 219 334 326 220 336 328 222 335 327 221 334 326 220 336 328 222 337 329 223 335 327 221 337 329 223 338 330 224 335 327 221 339 331 225 332 324 218 333 325 219 340 332 226 339 331 225 333 325 219 333 325 219 335 327 221 341 333 227 340 332 226 333 325 219 341 333 227 335 327 221 338 330 224 341 333 227 338 330 224 342 334 228 341 333 227 342 334 228 343 335 229 341 333 227 343 335 229 344 336 230 341 333 227 340 332 226 341 333 227 344 336 230 331 323 217 345 337 231 334 326 220 345 337 231 346 338 232 334 326 220 334 326 220 347 339 233 336 328 222 334 326 220 346 338 232 347 339 233 347 339 233 346 338 232 348 340 234 348 340 234 349 341 235 347 339 233 349 341 235 350 342 236 347 339 233 350 342 236 337 329 223 336 328 222 347 339 233 350 342 236 336 328 222 339 331 225 340 332 226 351 343 237 351 343 237 340 332 226 344 336 230 352 344 238 339 331 225 351 343 237 353 345 239 351 343 237 344 336 230 353 345 239 344 336 230 343 335 229 354 346 240 353 345 239 343 335 229 345 337 231 355 347 241 346 338 232 355 347 241 356 348 242 346 338 232 346 338 232 356 348 242 357 349 243 348 340 234 357 349 243 349 341 235 348 340 234 346 338 232 357 349 243 357 349 243 358 350 244 349 341 235 357 349 243 359 351 245 358 350 244 356 348 242 359 351 245 357 349 243 359 351 245 360 352 246 358 350 244 355 347 241 345 337 231 361 353 247 345 337 231 362 354 248 361 353 247 363 355 249 350 342 236 349 341 235 349 341 235 358 350 244 363 355 249 358 350 244 360 352 246 364 356 250 365 357 251 350 342 236 363 355 249 366 358 252 358 350 244 364 356 250 363 355 249 358 350 244 366 358 252 345 337 231 331 323 217 362 354 248 331 323 217 367 359 253 362 354 248 331 323 217 332 324 218 367 359 253 368 360 254 367 359 253 332 324 218 332 324 218 339 331 225 368 360 254 339 331 225 352 344 238 368 360 254 352 344 238 369 361 255 368 360 254 350 342 236 365 357 251 370 362 256 337 329 223 350 342 236 370 362 256 370 362 256 338 330 224 337 329 223 371 363 257 338 330 224 370 362 256 338 330 224 371 363 257 372 364 258 342 334 228 338 330 224 372 364 258 372 364 258 343 335 229 342 334 228 373 365 259 343 335 229 372 364 258 374 366 260 343 335 229 373 365 259 354 346 240 343 335 229 374 366 260 377 369 167 376 368 167 375 367 166 377 369 167 375 367 166 378 370 168 378 370 168 375 367 166 379 371 168 380 372 169 379 371 168 375 367 166 378 370 168 379 371 168 381 373 170 382 374 171 378 370 168 381 373 170 377 369 167 378 370 168 382 374 171 383 375 172 377 369 167 382 374 171 377 369 167 383 375 172 376 368 167 383 375 172 384 376 173 376 368 167 385 377 174 381 373 170 379 371 168 380 372 169 385 377 174 379 371 168 386 378 175 382 374 171 381 373 170 383 375 172 382 374 171 386 378 175 387 379 176 383 375 172 386 378 175 383 375 172 387 379 176 384 376 173 385 377 174 388 380 177 381 373 170 386 378 175 381 373 170 388 380 177 389 381 178 388 380 177 385 377 174 386 378 175 388 380 177 390 382 179 387 379 176 386 378 175 390 382 179 393 385 181 392 384 182 391 383 180 393 385 181 391 383 180 394 386 183 393 385 181 394 386 183 395 387 184 396 388 185 393 385 181 395 387 184 396 388 185 397 389 186 393 385 181 397 389 186 398 390 187 393 385 181 393 385 181 398 390 187 392 384 182 395 387 184 394 386 183 399 391 188 399 391 188 394 386 183 391 383 180 399 391 188 391 383 180 400 392 189 399 391 188 400 392 189 401 393 190 402 394 191 399 391 188 401 393 190 402 394 191 395 387 184 399 391 188 401 393 190 400 392 189 403 395 192 391 383 180 403 395 192 400 392 189 404 396 193 401 393 190 403 395 192 405 397 194 403 395 192 391 383 180 404 396 193 403 395 192 406 398 195 405 397 194 406 398 195 403 395 192 407 399 196 404 396 193 406 398 195 407 399 196 406 398 195 408 400 197 405 397 194 409 401 199 406 398 195 410 402 200 398 390 187 397 389 186 397 389 186 411 403 201 410 402 200 405 397 194 412 404 204 409 401 199 410 402 200 411 403 201 413 405 206 413 405 206 414 406 207 410 402 200 415 407 203 410 402 200 414 406 207 415 407 203 416 408 198 410 402 200 415 407 203 417 409 202 416 408 198 416 408 198 417 409 202 392 384 182 416 408 198 392 384 182 398 390 187 416 408 198 398 390 187 410 402 200 418 410 205 417 409 202 415 407 203 418 410 205 415 407 203 414 406 207 413 405 206 411 403 201 419 411 216 420 412 215 419 411 216 411 403 201 420 412 215 411 403 201 421 413 214 411 403 201 397 389 186 421 413 214 421 413 214 397 389 186 396 388 185 396 388 185 422 414 213 421 413 214 423 415 212 422 414 213 396 388 185 396 388 185 395 387 184 423 415 212 423 415 212 395 387 184 402 394 191 402 394 191 424 416 211 423 415 212 425 417 210 424 416 211 402 394 191 402 394 191 401 393 190 425 417 210 401 393 190 404 396 193 425 417 210 404 396 193 426 418 209 425 417 210 427 419 208 426 418 209 404 396 193 404 396 193 407 399 196 427 419 208 430 422 219 429 421 220 428 420 217 431 423 218 430 422 219 428 420 217 430 422 219 432 424 221 429 421 220 432 424 221 433 425 222 429 421 220 434 426 223 433 425 222 432 424 221 435 427 224 434 426 223 432 424 221 428 420 217 429 421 220 436 428 232 436 428 232 429 421 220 437 429 233 429 421 220 433 425 222 437 429 233 437 429 233 438 430 234 436 428 232 439 431 235 438 430 234 437 429 233 440 432 236 439 431 235 437 429 233 440 432 236 437 429 233 433 425 222 434 426 223 440 432 236 433 425 222 441 433 231 428 420 217 436 428 232 441 433 231 436 428 232 442 434 242 443 435 241 441 433 231 442 434 242 431 423 218 444 436 225 430 422 219 444 436 225 445 437 226 430 422 219 444 436 225 446 438 238 445 437 226 446 438 238 447 439 237 445 437 226 445 437 226 447 439 237 448 440 230 449 441 243 438 430 234 439 431 235 436 428 232 438 430 234 449 441 243 442 434 242 436 428 232 449 441 243 450 442 245 442 434 242 449 441 243 450 442 245 449 441 243 451 443 244 451 443 244 449 441 243 439 431 235 452 444 246 450 442 245 451 443 244 441 433 231 443 435 241 453 445 247 454 446 248 441 433 231 453 445 247 428 420 217 441 433 231 454 446 248 452 444 246 451 443 244 455 447 250 451 443 244 456 448 252 455 447 250 457 449 249 456 448 252 451 443 244 451 443 244 439 431 235 457 449 249 440 432 236 457 449 249 439 431 235 440 432 236 458 450 251 457 449 249 458 450 251 440 432 236 459 451 256 440 432 236 434 426 223 459 451 256 435 427 224 459 451 256 434 426 223 435 427 224 460 452 257 459 451 256 460 452 257 435 427 224 461 453 258 435 427 224 462 454 228 461 453 258 462 454 228 435 427 224 463 455 227 464 456 229 462 454 228 463 455 227 464 456 229 461 453 258 462 454 228 448 440 230 464 456 229 463 455 227 435 427 224 432 424 221 463 455 227 432 424 221 430 422 219 463 455 227 430 422 219 445 437 226 463 455 227 463 455 227 445 437 226 448 440 230 448 440 230 465 457 239 464 456 229 465 457 239 466 458 240 464 456 229 464 456 229 466 458 240 467 459 260 464 456 229 468 460 259 461 453 258 467 459 260 468 460 259 464 456 229 447 439 237 465 457 239 448 440 230 470 462 253 469 461 254 431 423 218 444 436 225 431 423 218 469 461 254 431 423 218 428 420 217 470 462 253 470 462 253 428 420 217 454 446 248 446 438 238 444 436 225 469 461 254 471 463 255 446 438 238 469 461 254 474 466 263 473 465 262 472 464 261 475 467 264 474 466 263 472 464 261 472 464 261 476 468 265 475 467 264 476 468 265 477 469 266 475 467 264 475 467 264 477 469 266 478 470 267 477 469 266 479 471 268 478 470 267 480 472 269 474 466 263 475 467 264 478 470 267 480 472 269 475 467 264 481 473 270 480 472 269 478 470 267 482 474 271 480 472 269 481 473 270 474 466 263 483 475 272 473 465 262 482 474 271 481 473 270 484 476 273 485 477 274 482 474 271 484 476 273 486 478 275 485 477 274 484 476 273 486 478 275 484 476 273 487 479 276 484 476 273 488 480 277 487 479 276 488 480 277 489 481 278 487 479 276 487 479 276 489 481 278 490 482 279 491 483 280 489 481 278 488 480 277 491 483 280 488 480 277 492 484 281 490 482 279 493 485 282 487 479 276 486 478 275 487 479 276 494 486 283 487 479 276 495 487 284 494 486 283 493 485 282 495 487 284 487 479 276 494 486 283 495 487 284 496 488 285 495 487 284 497 489 286 496 488 285 498 490 287 496 488 285 497 489 286 498 490 287 497 489 286 499 491 288 500 492 289 498 490 287 499 491 288 501 493 290 499 491 288 497 489 286 501 493 290 497 489 286 495 487 284 495 487 284 502 494 291 501 493 290 493 485 282 502 494 291 495 487 284 501 493 290 503 495 292 499 491 288 503 495 292 504 496 293 499 491 288 503 495 292 505 497 294 504 496 293 505 497 294 506 498 295 504 496 293 506 498 295 505 497 294 507 499 296 508 500 297 506 498 295 507 499 296 508 500 297 504 496 293 506 498 295 509 501 298 504 496 293 508 500 297 499 491 288 504 496 293 509 501 298 500 492 289 499 491 288 509 501 298 505 497 294 503 495 292 510 502 299 507 499 296 505 497 294 510 502 299 511 503 300 507 499 296 510 502 299 510 502 299 503 495 292 512 504 301 512 504 301 503 495 292 513 505 302 513 505 302 503 495 292 501 493 290 502 494 291 513 505 302 501 493 290 514 506 303 512 504 301 513 505 302 514 506 303 513 505 302 515 507 304 515 507 304 513 505 302 502 494 291 512 504 301 514 506 303 516 508 305 510 502 299 512 504 301 516 508 305 511 503 300 510 502 299 516 508 305 514 506 303 517 509 306 516 508 305 517 509 306 514 506 303 515 507 304 518 510 307 517 509 306 515 507 304 517 509 306 518 510 307 519 511 308 520 512 309 518 510 307 515 507 304 521 513 310 516 508 305 517 509 306 521 513 310 517 509 306 519 511 308 520 512 309 515 507 304 493 485 282 490 482 279 520 512 309 493 485 282 493 485 282 515 507 304 502 494 291 524 516 313 523 515 312 522 514 311 525 517 314 524 516 313 522 514 311 524 516 313 526 518 315 523 515 312 524 516 313 527 519 316 526 518 315 527 519 316 524 516 313 525 517 314 528 520 317 527 519 316 525 517 314 528 520 317 529 521 318 527 519 316 527 519 316 529 521 318 530 522 319 528 520 317 531 523 320 529 521 318 529 521 318 531 523 320 532 524 318 529 521 318 532 524 318 533 525 321 531 523 320 528 520 317 534 526 322 528 520 317 535 527 323 534 526 322 535 527 323 528 520 317 525 517 314 534 526 322 535 527 323 536 528 324 537 529 325 534 526 322 536 528 324 535 527 323 538 530 3 536 528 324 538 530 3 535 527 323 525 517 314 538 530 3 539 531 0 536 528 324 538 530 3 525 517 314 540 532 2 525 517 314 522 514 311 540 532 2 537 529 325 536 528 324 541 533 326 541 533 326 542 534 327 537 529 325 542 534 327 543 535 328 537 529 325 541 533 326 544 536 329 542 534 327 536 528 324 539 531 0 545 537 330 541 533 326 536 528 324 545 537 330 541 533 326 545 537 330 546 538 331 549 541 263 548 540 264 547 539 261 550 542 262 549 541 263 547 539 261 547 539 261 548 540 264 551 543 266 552 544 265 547 539 261 551 543 266 551 543 266 548 540 264 553 545 267 554 546 268 551 543 266 553 545 267 555 547 269 553 545 267 548 540 264 549 541 263 555 547 269 548 540 264 555 547 269 556 548 270 553 545 267 555 547 269 557 549 271 556 548 270 558 550 332 555 547 269 549 541 263 555 547 269 558 550 332 557 549 271 559 551 272 549 541 263 550 542 262 549 541 263 559 551 272 558 550 332 559 551 272 560 552 333 558 550 332 560 552 333 561 553 334 558 550 332 558 550 332 561 553 334 557 549 271 562 554 283 561 553 334 560 552 333 563 555 285 562 554 283 560 552 333 564 556 284 562 554 283 563 555 285 565 557 286 564 556 284 563 555 285 556 548 270 557 549 271 566 558 273 557 549 271 567 559 274 566 558 273 561 553 334 567 559 274 557 549 271 567 559 274 568 560 275 566 558 273 568 560 275 567 559 274 561 553 334 562 554 283 568 560 275 561 553 334 566 558 273 568 560 275 569 561 276 569 561 276 568 560 275 562 554 283 564 556 284 569 561 276 562 554 283 570 562 277 566 558 273 569 561 276 571 563 278 570 562 277 569 561 276 571 563 278 569 561 276 572 564 279 571 563 278 573 565 280 570 562 277 570 562 277 573 565 280 574 566 281 575 567 282 572 564 279 569 561 276 564 556 284 575 567 282 569 561 276 563 555 285 576 568 287 565 557 286 565 557 286 576 568 287 577 569 288 576 568 287 578 570 289 577 569 288 565 557 286 579 571 290 564 556 284 565 557 286 577 569 288 579 571 290 580 572 291 564 556 284 579 571 290 580 572 291 575 567 282 564 556 284 581 573 292 579 571 290 577 569 288 582 574 293 581 573 292 577 569 288 583 575 294 581 573 292 582 574 293 584 576 295 583 575 294 582 574 293 583 575 294 584 576 295 585 577 296 584 576 295 586 578 297 585 577 296 582 574 293 586 578 297 584 576 295 582 574 293 587 579 298 586 578 297 577 569 288 578 570 289 587 579 298 582 574 293 577 569 288 587 579 298 581 573 292 583 575 294 588 580 299 583 575 294 585 577 296 588 580 299 585 577 296 589 581 300 588 580 299 581 573 292 588 580 299 590 582 301 581 573 292 590 582 301 591 583 302 591 583 302 580 572 291 579 571 290 581 573 292 591 583 302 579 571 290 590 582 301 592 584 303 591 583 302 592 584 303 590 582 301 593 585 305 590 582 301 588 580 299 593 585 305 588 580 299 589 581 300 593 585 305 594 586 306 592 584 303 593 585 305 593 585 305 595 587 310 594 586 306 594 586 306 595 587 310 596 588 308 597 589 307 594 586 306 596 588 308 594 586 306 597 589 307 598 590 304 592 584 303 594 586 306 598 590 304 591 583 302 592 584 303 598 590 304 597 589 307 599 591 309 598 590 304 598 590 304 599 591 309 575 567 282 599 591 309 572 564 279 575 567 282 598 590 304 575 567 282 580 572 291 591 583 302 598 590 304 580 572 291 602 594 313 601 593 314 600 592 311 603 595 312 602 594 313 600 592 311 604 596 315 602 594 313 603 595 312 605 597 316 602 594 313 604 596 315 602 594 313 605 597 316 601 593 314 605 597 316 606 598 317 601 593 314 607 599 318 606 598 317 605 597 316 607 599 318 605 597 316 608 600 319 609 601 320 606 598 317 607 599 318 609 601 320 607 599 318 610 602 318 610 602 318 607 599 318 611 603 321 606 598 317 609 601 320 612 604 323 606 598 317 612 604 323 601 593 314 609 601 320 613 605 322 612 604 323 612 604 323 613 605 322 614 606 325 615 607 324 612 604 323 614 606 325 616 608 3 612 604 323 615 607 324 612 604 323 616 608 3 601 593 314 617 609 0 616 608 3 615 607 324 615 607 324 614 606 325 618 610 326 617 609 0 615 607 324 618 610 326 614 606 325 619 611 327 618 610 326 620 612 328 619 611 327 614 606 325 619 611 327 621 613 329 618 610 326 622 614 330 617 609 0 618 610 326 622 614 330 618 610 326 623 615 331 601 593 314 616 608 3 624 616 2 600 592 311 601 593 314 624 616 2 480 472 269 625 617 332 474 466 263 483 475 272 474 466 263 625 617 332 625 617 332 480 472 269 482 474 271 626 618 333 483 475 272 625 617 332 627 619 335 626 618 333 625 617 332 628 620 336 625 617 332 482 474 271 627 619 335 628 620 336 494 486 283 627 619 335 494 486 283 626 618 333 486 478 275 494 486 283 628 620 336 485 477 274 486 478 275 628 620 336 485 477 274 628 620 336 482 474 271 627 619 335 629 621 332 628 620 336 494 486 283 496 488 285 626 618 333 632 624 339 631 623 338 630 622 337 632 624 339 633 625 340 631 623 338 633 625 340 634 626 341 631 623 338 631 623 338 634 626 341 635 627 342 631 623 338 635 627 342 630 622 337 634 626 341 636 628 343 635 627 342 637 629 344 633 625 340 632 624 339 635 627 342 636 628 343 638 630 345 634 626 341 639 631 346 636 628 343 639 631 346 640 632 347 636 628 343 636 628 343 640 632 347 638 630 345 639 631 346 641 633 348 640 632 347 641 633 348 642 634 349 640 632 347 640 632 347 642 634 349 643 635 350 640 632 347 643 635 350 638 630 345 642 634 349 644 636 351 643 635 350 645 637 352 641 633 348 639 631 346 646 638 353 645 637 352 639 631 346 646 638 353 639 631 346 634 626 341 633 625 340 646 638 353 634 626 341 647 639 354 645 637 352 646 638 353 648 640 355 647 639 354 646 638 353 648 640 355 646 638 353 633 625 340 637 629 344 648 640 355 633 625 340 645 637 352 649 641 356 641 633 348 649 641 356 650 642 357 641 633 348 641 633 348 650 642 357 642 634 349 651 643 358 649 641 356 645 637 352 647 639 354 651 643 358 645 637 352 642 634 349 652 644 359 644 636 351 650 642 357 652 644 359 642 634 349 652 644 359 653 645 360 644 636 351 649 641 356 654 646 361 650 642 357 650 642 357 654 646 361 652 644 359 652 644 359 654 646 361 653 645 360 651 643 358 654 646 361 649 641 356 657 649 364 656 648 363 655 647 362 655 647 362 656 648 363 658 650 365 659 651 366 655 647 362 658 650 365 660 652 367 655 647 362 659 651 366 657 649 364 655 647 362 660 652 367 661 653 368 660 652 367 659 651 366 662 654 369 657 649 364 660 652 367 658 650 365 656 648 363 663 655 370 656 648 363 664 656 371 663 655 370 656 648 363 657 649 364 664 656 371 665 657 372 657 649 364 662 654 369 657 649 364 665 657 372 664 656 371 666 658 373 665 657 372 662 654 369 663 655 370 664 656 371 667 659 374 668 660 375 665 657 372 666 658 373 669 661 376 668 660 375 666 658 373 670 662 377 668 660 375 669 661 376 668 660 375 670 662 377 671 663 378 670 662 377 672 664 379 671 663 378 673 665 380 671 663 378 672 664 379 674 666 381 673 665 380 672 664 379 673 665 380 674 666 381 675 667 382 676 668 383 673 665 380 675 667 382 664 656 371 677 669 384 667 659 374 667 659 374 677 669 384 678 670 385 667 659 374 678 670 385 679 671 386 680 672 387 667 659 374 679 671 386 679 671 386 678 670 385 681 673 388 678 670 385 682 674 389 681 673 388 681 673 388 682 674 389 683 675 390 684 676 391 681 673 388 683 675 390 685 677 392 684 676 391 683 675 390 686 678 393 685 677 392 683 675 390 685 677 392 686 678 393 687 679 394 686 678 393 688 680 395 687 679 394 677 669 384 689 681 396 678 670 385 678 670 385 689 681 396 682 674 389 689 681 396 690 682 397 682 674 389 682 674 389 690 682 397 691 683 398 683 675 390 682 674 389 691 683 398 686 678 393 683 675 390 691 683 398 692 684 399 686 678 393 691 683 398 686 678 393 692 684 399 688 680 395 692 684 399 693 685 400 688 680 395 694 686 401 688 680 395 693 685 400 688 680 395 694 686 401 695 687 402 695 687 402 694 686 401 696 688 403 697 689 404 695 687 402 696 688 403 698 690 405 694 686 401 693 685 400 689 681 396 699 691 406 690 682 397 700 692 407 699 691 406 689 681 396 677 669 384 700 692 407 689 681 396 699 691 406 701 693 408 690 682 397 690 682 397 701 693 408 702 694 409 691 683 398 690 682 397 702 694 409 691 683 398 702 694 409 703 695 410 692 684 399 691 683 398 703 695 410 692 684 399 703 695 410 704 696 411 693 685 400 692 684 399 704 696 411 694 686 401 698 690 405 705 697 412 694 686 401 705 697 412 696 688 403 706 698 413 696 688 403 705 697 412 693 685 400 704 696 411 707 699 414 698 690 405 693 685 400 707 699 414 698 690 405 707 699 414 708 700 415 700 692 407 677 669 384 664 656 371 707 699 414 704 696 411 709 701 416 710 702 417 707 699 414 709 701 416 710 702 417 711 703 418 707 699 414 711 703 418 712 704 419 707 699 414 707 699 414 712 704 419 708 700 415 711 703 418 713 705 420 712 704 419 710 702 417 709 701 416 714 706 421 714 706 421 709 701 416 715 707 422 715 707 422 716 708 423 714 706 421 676 668 383 716 708 423 715 707 422 716 708 423 717 709 424 714 706 421 714 706 421 717 709 424 718 710 425 718 710 425 710 702 417 714 706 421 710 702 417 718 710 425 711 703 418 717 709 424 719 711 426 718 710 425 718 710 425 719 711 426 720 712 427 721 713 428 718 710 425 720 712 427 722 714 429 721 713 428 720 712 427 715 707 422 723 715 430 676 668 383 709 701 416 723 715 430 715 707 422 723 715 430 724 716 431 676 668 383 724 716 431 725 717 432 676 668 383 725 717 432 673 665 380 676 668 383 673 665 380 725 717 432 671 663 378 725 717 432 726 718 433 671 663 378 668 660 375 671 663 378 726 718 433 727 719 434 668 660 375 726 718 433 723 715 430 703 695 410 724 716 431 704 696 411 703 695 410 723 715 430 709 701 416 704 696 411 723 715 430 703 695 410 702 694 409 724 716 431 701 693 408 725 717 432 724 716 431 702 694 409 701 693 408 724 716 431 725 717 432 701 693 408 726 718 433 701 693 408 699 691 406 726 718 433 726 718 433 699 691 406 700 692 407 727 719 434 726 718 433 700 692 407 665 657 372 668 660 375 727 719 434 664 656 371 665 657 372 727 719 434 664 656 371 727 719 434 700 692 407 730 722 437 729 721 436 728 720 435 731 723 438 730 722 437 728 720 435 731 723 438 728 720 435 732 724 439 730 722 437 731 723 438 733 725 440 734 726 441 730 722 437 733 725 440 734 726 441 733 725 440 735 727 442 736 728 443 734 726 441 735 727 442 736 728 443 735 727 442 737 729 444 738 730 445 736 728 443 737 729 444 739 731 446 738 730 445 737 729 444 740 732 447 739 731 446 737 729 444 741 733 448 739 731 446 740 732 447 742 734 449 741 733 448 740 732 447 735 727 442 733 725 440 743 735 450 737 729 444 735 727 442 744 736 451 740 732 447 737 729 444 744 736 451 735 727 442 743 735 450 744 736 451 745 737 452 740 732 447 744 736 451 742 734 449 740 732 447 745 737 452 745 737 452 744 736 451 746 738 453 746 738 453 744 736 451 747 739 454 744 736 451 743 735 450 747 739 454 748 740 455 745 737 452 746 738 453 749 741 456 742 734 449 745 737 452 750 742 457 749 741 456 745 737 452 751 743 458 750 742 457 745 737 452 751 743 458 745 737 452 748 740 455 750 742 457 751 743 458 752 744 459 749 741 456 750 742 457 752 744 459 751 743 458 753 745 460 752 744 459 754 746 461 751 743 458 748 740 455 751 743 458 754 746 461 755 747 462 753 745 460 751 743 458 755 747 462 756 748 463 752 744 459 753 745 460 753 745 460 755 747 462 757 749 464 755 747 462 758 750 465 757 749 464 754 746 461 759 751 466 755 747 462 755 747 462 759 751 466 760 752 467 761 753 468 755 747 462 760 752 467 749 741 456 752 744 459 762 754 469 763 755 470 762 754 469 752 744 459 764 756 471 742 734 449 749 741 456 764 756 471 765 757 472 742 734 449 764 756 471 766 758 473 765 757 472 767 759 469 766 758 473 764 756 471 765 757 472 741 733 448 742 734 449 767 759 469 764 756 471 749 741 456 711 703 418 769 761 428 768 760 474 718 710 425 769 761 428 711 703 418 771 763 476 708 700 415 770 762 475 705 697 412 771 763 476 770 762 475 698 690 405 708 700 415 771 763 476 698 690 405 771 763 476 705 697 412 770 762 475 706 698 413 705 697 412 708 700 415 712 704 419 770 762 475 774 766 479 773 765 478 772 764 477 775 767 480 774 766 479 772 764 477 773 765 478 776 768 481 772 764 477 779 769 481 778 769 480 777 769 479 782 771 484 781 771 483 780 770 482 781 771 483 782 771 484 783 772 485 786 774 484 785 774 483 784 773 482 785 774 483 786 774 484 787 775 485 790 777 482 789 776 484 788 776 483 788 776 483 789 776 484 791 778 485 793 780 487 792 779 486 697 689 404 696 688 403 793 780 487 697 689 404 792 779 486 794 781 488 697 689 404 794 781 488 795 782 489 697 689 404 697 689 404 795 782 489 695 687 402 795 782 489 796 783 490 695 687 402 688 680 395 695 687 402 796 783 490 687 679 394 688 680 395 796 783 490 799 784 492 798 784 491 797 784 450 802 787 364 801 786 362 800 785 363 801 786 362 802 787 364 803 788 367 802 787 364 804 789 369 803 788 367 802 787 364 800 785 363 805 790 372 802 787 364 805 790 372 804 789 369 800 785 363 806 791 371 805 790 372 805 790 372 807 792 373 804 789 369 805 790 372 808 793 375 807 792 373 809 794 434 808 793 375 805 790 372 809 794 434 805 790 372 806 791 371 808 793 375 810 795 376 807 792 373 808 793 375 811 796 377 810 795 376 811 796 377 808 793 375 812 797 378 808 793 375 809 794 434 812 797 378 813 798 379 811 796 377 812 797 378 812 797 378 814 799 380 813 798 379 814 799 380 815 800 381 813 798 379 815 800 381 814 799 380 816 801 383 817 802 382 815 800 381 816 801 383 817 802 382 816 801 383 818 803 493 816 801 383 819 804 423 818 803 493 818 803 493 819 804 423 820 805 494 819 804 423 821 806 424 820 805 494 820 805 494 821 806 424 822 807 495 821 806 424 823 808 426 822 807 495 822 807 495 823 808 426 824 809 427 816 801 383 814 799 380 825 810 431 816 801 383 825 810 431 826 811 422 816 801 383 826 811 422 819 804 423 819 804 423 826 811 422 821 806 424 825 810 431 827 812 430 826 811 422 825 810 431 828 813 409 827 812 430 825 810 431 829 814 432 828 813 409 814 799 380 829 814 432 825 810 431 829 814 432 830 815 408 828 813 409 831 816 406 830 815 408 829 814 432 832 817 433 831 816 406 829 814 432 833 818 407 831 816 406 832 817 433 809 794 434 833 818 407 832 817 433 828 813 409 834 819 410 827 812 430 827 812 430 834 819 410 835 820 416 834 819 410 836 821 411 835 820 416 835 820 416 836 821 411 837 822 414 838 823 417 835 820 416 837 822 414 839 824 418 838 823 417 837 822 414 840 825 419 839 824 418 837 822 414 841 826 420 839 824 418 840 825 419 842 827 425 838 823 417 839 824 418 838 823 417 842 827 425 835 820 416 843 828 428 842 827 425 839 824 418 843 828 428 839 824 418 844 829 474 831 816 406 833 818 407 845 830 396 833 818 407 846 831 384 845 830 396 834 819 410 847 832 399 836 821 411 848 833 398 847 832 399 834 819 410 828 813 409 848 833 398 834 819 410 828 813 409 830 815 408 848 833 398 830 815 408 849 834 397 848 833 398 831 816 406 845 830 396 849 834 397 830 815 408 831 816 406 849 834 397 845 830 396 846 831 384 850 835 374 850 835 374 846 831 384 806 791 371 851 836 385 845 830 396 850 835 374 849 834 397 845 830 396 851 836 385 851 836 385 850 835 374 852 837 386 850 835 374 853 838 387 852 837 386 851 836 385 852 837 386 854 839 388 855 840 389 851 836 385 854 839 388 855 840 389 849 834 397 851 836 385 855 840 389 854 839 388 856 841 391 857 842 390 855 840 389 856 841 391 849 834 397 855 840 389 857 842 390 848 833 398 849 834 397 857 842 390 848 833 398 857 842 390 847 832 399 857 842 390 856 841 391 858 843 393 857 842 390 858 843 393 847 832 399 856 841 391 859 844 392 858 843 393 858 843 393 859 844 392 860 845 394 861 846 395 858 843 393 860 845 394 861 846 395 862 847 400 858 843 393 862 847 400 847 832 399 858 843 393 847 832 399 862 847 400 836 821 411 837 822 414 836 821 411 862 847 400 863 848 405 837 822 414 862 847 400 862 847 400 861 846 395 864 849 401 863 848 405 862 847 400 864 849 401 861 846 395 865 850 402 864 849 401 861 846 395 860 845 394 865 850 402 866 851 403 864 849 401 865 850 402 867 852 404 866 851 403 865 850 402 868 853 487 866 851 403 867 852 404 869 854 415 837 822 414 863 848 405 869 854 415 840 825 419 837 822 414 840 825 419 869 854 415 870 855 475 871 856 476 869 854 415 863 848 405 869 854 415 871 856 476 870 855 475 870 855 475 871 856 476 872 857 412 872 857 412 871 856 476 863 848 405 872 857 412 864 849 401 866 851 403 872 857 412 863 848 405 864 849 401 872 857 412 873 858 413 870 855 475 872 857 412 866 851 403 873 858 413 867 852 404 865 850 402 874 859 489 865 850 402 875 860 490 874 859 489 860 845 394 875 860 490 865 850 402 874 859 489 876 861 488 867 852 404 868 853 487 867 852 404 877 862 486 867 852 404 876 861 488 877 862 486 880 865 436 879 864 437 878 863 435 879 864 437 881 866 438 878 863 435 882 867 439 878 863 435 881 866 438 881 866 438 879 864 437 883 868 440 879 864 437 884 869 441 883 868 440 883 868 440 884 869 441 885 870 443 886 871 442 883 868 440 885 870 443 886 871 442 885 870 443 887 872 444 885 870 443 888 873 445 887 872 444 888 873 445 889 874 446 887 872 444 889 874 446 890 875 447 887 872 444 889 874 446 891 876 448 890 875 447 891 876 448 892 877 449 890 875 447 886 871 442 887 872 444 893 878 451 887 872 444 890 875 447 893 878 451 894 879 450 886 871 442 893 878 451 894 879 450 883 868 440 886 871 442 890 875 447 895 880 452 893 878 451 890 875 447 892 877 449 895 880 452 895 880 452 896 881 455 893 878 451 896 881 455 897 882 453 893 878 451 893 878 451 897 882 453 898 883 454 894 879 450 893 878 451 898 883 454 892 877 449 899 884 456 895 880 452 899 884 456 900 885 457 895 880 452 900 885 457 901 886 458 895 880 452 895 880 452 901 886 458 896 881 455 901 886 458 900 885 457 902 887 459 900 885 457 899 884 456 902 887 459 903 888 460 901 886 458 902 887 459 901 886 458 904 889 461 896 881 455 904 889 461 901 886 458 905 890 462 901 886 458 903 888 460 905 890 462 902 887 459 906 891 463 903 888 460 905 890 462 903 888 460 907 892 465 903 888 460 908 893 464 907 892 465 909 894 466 904 889 461 905 890 462 909 894 466 905 890 462 910 895 467 905 890 462 911 896 468 910 895 467 902 887 459 899 884 456 912 897 469 912 897 469 913 898 470 902 887 459 915 900 471 914 899 469 899 884 456 916 901 473 914 899 469 915 900 471 916 901 473 915 900 471 917 902 472 917 902 472 915 900 471 892 877 449 891 876 448 917 902 472 892 877 449 892 877 449 915 900 471 899 884 456 920 905 479 919 904 480 918 903 477 921 906 478 920 905 479 918 903 477 922 907 481 921 906 478 918 903 477 925 908 480 924 908 481 923 908 479 928 910 483 927 910 484 926 909 482 927 910 484 928 910 483 929 911 485 932 913 483 931 913 484 930 912 482 931 913 484 932 913 483 933 914 485 936 915 484 935 916 482 934 915 483 936 915 484 934 915 483 937 917 485 883 868 440 938 918 492 881 866 438 938 918 492 883 868 440 894 879 450 938 918 492 882 867 439 881 866 438 940 920 497 939 919 496 894 879 450 941 921 498 940 920 497 894 879 450 942 922 499 941 921 498 894 879 450 894 879 450 898 883 454 942 922 499 898 883 454 943 923 500 942 922 499 898 883 454 944 924 501 943 923 500 944 924 501 945 925 502 943 923 500 897 882 453 944 924 501 898 883 454 894 879 450 939 919 496 946 926 491 948 928 428 947 927 429 824 809 427 842 827 425 948 928 428 824 809 427 823 808 426 842 827 425 824 809 427 949 929 421 842 827 425 823 808 426 842 827 425 949 929 421 835 820 416 827 812 430 835 820 416 949 929 421 826 811 422 827 812 430 949 929 421 826 811 422 949 929 421 821 806 424 821 806 424 949 929 421 823 808 426 952 932 504 951 931 503 950 930 503 953 933 504 952 932 504 950 930 503 952 932 504 954 934 505 951 931 503 954 934 505 955 935 506 951 931 503 954 934 505 956 936 507 955 935 506 956 936 507 957 937 508 955 935 506 956 936 507 958 938 509 957 937 508 958 938 509 959 939 510 957 937 508 950 930 503 960 940 511 953 933 504 960 940 511 961 941 512 953 933 504 960 940 511 962 942 513 961 941 512 962 942 513 963 943 514 961 941 512 962 942 513 964 944 515 963 943 514 964 944 515 965 945 516 963 943 514 964 944 515 966 946 515 965 945 516 966 946 515 967 947 516 965 945 516 970 950 518 969 949 518 968 948 517 971 951 517 970 950 518 968 948 517 968 948 517 969 949 518 972 952 519 969 949 518 973 953 520 972 952 519 971 951 517 974 954 521 970 950 518 974 954 521 975 955 522 970 950 518 975 955 522 974 954 521 976 956 523 974 954 521 977 957 524 976 956 523 977 957 524 978 958 525 976 956 523 978 958 525 979 959 526 976 956 523 979 959 526 978 958 525 980 960 526 978 958 525 981 961 525 980 960 526 981 961 525 982 962 527 980 960 526 982 962 527 983 963 528 980 960 526 982 962 527 984 964 529 983 963 528 984 964 529 985 965 530 983 963 528 988 968 533 987 967 532 986 966 531 989 969 534 988 968 533 986 966 531 989 969 534 986 966 531 990 970 535 991 971 536 989 969 534 990 970 535 990 970 535 992 972 537 991 971 536 992 972 537 993 973 538 991 971 536 992 972 537 994 974 537 993 973 538 994 974 537 995 975 538 993 973 538 994 974 537 996 976 539 995 975 538 996 976 539 997 977 540 995 975 538 996 976 539 998 978 541 997 977 540 998 978 541 999 979 542 997 977 540 988 968 533 1000 980 533 987 967 532 1000 980 533 1001 981 532 987 967 532 1000 980 533 1002 982 543 1001 981 532 1002 982 543 1003 983 544 1001 981 532 1006 986 547 1005 985 546 1004 984 545 1007 987 548 1006 986 547 1004 984 545 1007 987 548 1008 988 549 1006 986 547 1008 988 549 1009 989 550 1006 986 547 1008 988 549 1010 990 551 1009 989 550 1010 990 551 1011 991 552 1009 989 550 1005 985 546 1012 992 546 1004 984 545 1012 992 546 1013 993 545 1004 984 545 1013 993 545 1012 992 546 1014 994 553 1012 992 546 1015 995 554 1014 994 553 1015 995 554 1016 996 555 1014 994 553 1016 996 555 1017 997 556 1014 994 553 1017 997 556 1016 996 555 1018 998 556 1016 996 555 1019 999 555 1018 998 556 1018 998 556 1019 999 555 1020 1000 557 1019 999 555 1021 1001 558 1020 1000 557 803 788 367 1023 1003 368 1022 1002 366 801 786 362 803 788 367 1022 1002 366 801 786 362 1022 1002 366 1024 1004 365 800 785 363 801 786 362 1024 1004 365 800 785 363 1024 1004 365 806 791 371 1024 1004 365 1025 1005 370 806 791 371 806 791 371 1025 1005 370 850 835 374 1025 1005 370 853 838 387 850 835 374 806 791 371 846 831 384 833 818 407 809 794 434 806 791 371 833 818 407 809 794 434 832 817 433 812 797 378 812 797 378 832 817 433 814 799 380 832 817 433 829 814 432 814 799 380 667 659 374 680 672 387 663 655 370 1028 1006 450 1027 1006 491 1026 1006 492 747 739 454 1030 1008 500 1029 1007 501 747 739 454 1031 1009 499 1030 1008 500 1030 1008 500 1032 1010 502 1029 1007 501 1031 1009 499 747 739 454 743 735 450 743 735 450 1033 1011 498 1031 1009 499 743 735 450 1034 1012 497 1033 1011 498 743 735 450 1035 1013 496 1034 1012 497 743 735 450 1036 1014 491 1035 1013 496 1029 1007 501 746 738 453 747 739 454 743 735 450 733 725 440 1037 1015 492 1037 1015 492 733 725 440 731 723 438 732 724 439 1037 1015 492 731 723 438 675 667 382 1038 1016 493 716 708 423 676 668 383 675 667 382 716 708 423 716 708 423 1038 1016 493 717 709 424 1038 1016 493 1039 1017 494 717 709 424 717 709 424 1039 1017 494 719 711 426 1039 1017 494 1040 1018 495 719 711 426 719 711 426 1040 1018 495 720 712 427 1043 1021 561 1042 1020 560 1041 1019 559 1043 1021 561 1044 1022 562 1042 1020 560 1043 1021 561 1041 1019 559 1045 1023 563 1046 1024 564 1043 1021 561 1045 1023 563 1046 1024 564 1045 1023 563 1047 1025 565 1048 1026 566 1046 1024 564 1047 1025 565 1048 1026 566 1047 1025 565 1049 1027 567 1048 1026 566 1049 1027 567 1050 1028 568 1051 1029 569 1048 1026 566 1050 1028 568 1051 1029 569 1050 1028 568 1052 1030 570 1053 1031 571 1051 1029 569 1052 1030 570 1053 1031 571 1052 1030 570 1054 1032 572 1055 1033 573 1053 1031 571 1054 1032 572 1055 1033 573 1054 1032 572 1056 1034 574 1057 1035 575 1055 1033 573 1056 1034 574 1057 1035 575 1056 1034 574 1058 1036 576 1057 1035 575 1058 1036 576 1059 1037 577 1060 1038 578 1057 1035 575 1059 1037 577 1060 1038 578 1059 1037 577 1061 1039 579 1062 1040 580 1060 1038 578 1061 1039 579 1062 1040 580 1061 1039 579 1063 1041 581 1062 1040 580 1063 1041 581 1064 1042 582 1062 1040 580 1064 1042 582 1065 1043 583 1068 1046 560 1067 1045 561 1066 1044 559 1066 1044 559 1067 1045 561 1069 1047 563 1067 1045 561 1070 1048 564 1069 1047 563 1069 1047 563 1070 1048 564 1071 1049 565 1070 1048 564 1072 1050 566 1071 1049 565 1071 1049 565 1072 1050 566 1073 1051 567 1073 1051 567 1072 1050 566 1074 1052 568 1072 1050 566 1075 1053 569 1074 1052 568 1074 1052 568 1075 1053 569 1076 1054 570 1075 1053 569 1077 1055 571 1076 1054 570 1076 1054 570 1077 1055 571 1078 1056 572 1077 1055 571 1079 1057 573 1078 1056 572 1078 1056 572 1079 1057 573 1080 1058 574 1079 1057 573 1081 1059 575 1080 1058 574 1080 1058 574 1081 1059 575 1082 1060 576 1082 1060 576 1081 1059 575 1083 1061 577 1081 1059 575 1084 1062 578 1083 1061 577 1083 1061 577 1084 1062 578 1085 1063 579 1084 1062 578 1086 1064 580 1085 1063 579 1085 1063 579 1086 1064 580 1087 1065 581 1088 1066 582 1087 1065 581 1086 1064 580 1088 1066 582 1086 1064 580 1089 1067 583 1091 1069 562 1090 1068 584 1067 1045 561 1091 1069 562 1067 1045 561 1068 1046 560 1094 1072 587 1093 1071 586 1092 1070 585 1095 1073 588 1094 1072 587 1092 1070 585 1094 1072 587 1096 1074 589 1093 1071 586 1096 1074 589 1097 1075 590 1093 1071 586 1095 1073 588 1092 1070 585 1098 1076 591 1099 1077 592 1095 1073 588 1098 1076 591 1099 1077 592 1098 1076 591 1100 1078 593 1101 1079 594 1099 1077 592 1100 1078 593 1101 1079 594 1100 1078 593 1102 1080 595 1103 1081 596 1101 1079 594 1102 1080 595 1103 1081 596 1102 1080 595 1104 1082 597 1105 1083 598 1103 1081 596 1104 1082 597 1105 1083 598 1104 1082 597 1106 1084 599 1107 1085 600 1105 1083 598 1106 1084 599 1096 1074 589 1108 1086 601 1097 1075 590 1108 1086 601 1109 1087 602 1097 1075 590 1112 1090 604 1111 1089 603 1110 1088 602 1113 1091 601 1112 1090 604 1110 1088 602 1112 1090 604 1114 1092 605 1111 1089 603 1114 1092 605 1115 1093 606 1111 1089 603 1114 1092 605 1116 1094 607 1115 1093 606 1116 1094 607 1117 1095 608 1115 1093 606 1116 1094 607 1118 1096 609 1117 1095 608 1118 1096 609 1119 1097 610 1117 1095 608 1118 1096 609 1120 1098 611 1119 1097 610 1120 1098 611 1121 1098 612 1119 1097 610 1124 1101 589 1123 1100 590 1122 1099 602 1125 1102 601 1124 1101 589 1122 1099 602 1124 1101 589 1126 1103 587 1123 1100 590 1126 1103 587 1127 1104 586 1123 1100 590 1126 1103 587 1128 1105 588 1127 1104 586 1128 1105 588 1129 1106 585 1127 1104 586 1128 1105 588 1130 1107 592 1129 1106 585 1130 1107 592 1131 1108 591 1129 1106 585 1130 1107 592 1132 1109 594 1131 1108 591 1132 1109 594 1133 1110 593 1131 1108 591 1132 1109 594 1134 1111 596 1133 1110 593 1134 1111 596 1135 1112 595 1133 1110 593 1134 1111 596 1136 1113 598 1135 1112 595 1136 1113 598 1137 1114 597 1135 1112 595 1136 1113 598 1138 1115 600 1137 1114 597 1138 1115 600 1139 1116 599 1137 1114 597 1142 1119 601 1141 1118 602 1140 1117 603 1143 1120 604 1142 1119 601 1140 1117 603 1143 1120 604 1140 1117 603 1144 1121 606 1145 1122 605 1143 1120 604 1144 1121 606 1145 1122 605 1144 1121 606 1146 1123 608 1147 1124 607 1145 1122 605 1146 1123 608 1147 1124 607 1146 1123 608 1148 1125 610 1149 1126 609 1147 1124 607 1148 1125 610 1149 1126 609 1148 1125 610 1150 1127 612 1151 1128 611 1149 1126 609 1150 1127 612 1043 1021 561 1152 1129 584 1044 1022 562 1155 1132 613 1154 1131 614 1153 1130 613 1153 1130 613 1154 1131 614 1156 1133 615 1154 1131 614 1157 1134 616 1156 1133 615 1158 1135 617 1156 1133 615 1157 1134 616 1158 1135 617 1157 1134 616 1159 1136 618 1158 1135 617 1159 1136 618 1160 1137 619 1159 1136 618 1161 1138 620 1160 1137 619 1157 1134 616 1161 1138 620 1159 1136 618 1161 1138 620 1162 1139 621 1160 1137 619 1162 1139 621 1163 1140 622 1160 1137 619 1160 1137 619 1163 1140 622 1164 1141 623 1165 1142 624 1158 1135 617 1160 1137 619 1165 1142 624 1160 1137 619 1164 1141 623 1158 1135 617 1165 1142 624 1166 1143 625 1166 1143 625 1165 1142 624 1167 1144 626 1158 1135 617 1166 1143 625 1168 1145 627 1158 1135 617 1168 1145 627 1169 1146 628 1166 1143 625 1170 1147 629 1168 1145 627 1171 1148 630 1170 1147 629 1166 1143 625 1172 1149 631 1170 1147 629 1171 1148 630 1170 1147 629 1173 1150 627 1168 1145 627 1172 1149 631 1173 1150 627 1170 1147 629 1173 1150 627 1174 1151 632 1168 1145 627 1175 1152 633 1174 1151 632 1173 1150 627 1176 1153 634 1175 1152 633 1173 1150 627 1176 1153 634 1173 1150 627 1177 1154 635 1173 1150 627 1172 1149 631 1177 1154 635 1174 1151 632 1178 1155 636 1168 1145 627 1178 1155 636 1169 1146 628 1168 1145 627 1179 1156 637 1178 1155 636 1174 1151 632 1175 1152 633 1179 1156 637 1174 1151 632 1179 1156 637 1180 1157 637 1178 1155 636 1171 1148 630 1166 1143 625 1181 1158 638 1182 1159 639 1166 1143 625 1167 1144 626 1182 1159 639 1181 1158 638 1166 1143 625 1184 1161 641 1183 1160 640 1154 1131 614 1183 1160 640 1185 1162 642 1154 1131 614 1185 1162 642 1183 1160 640 1186 1163 643 1185 1162 642 1186 1163 643 1187 1164 644 1157 1134 616 1185 1162 642 1187 1164 644 1154 1131 614 1185 1162 642 1157 1134 616 1187 1164 644 1188 1165 645 1157 1134 616 1186 1163 643 1188 1165 645 1187 1164 644 1186 1163 643 1189 1166 646 1188 1165 645 1188 1165 645 1189 1166 646 1190 1167 647 1188 1165 645 1161 1138 620 1157 1134 616 1161 1138 620 1188 1165 645 1190 1167 647 1161 1138 620 1190 1167 647 1191 1168 648 1161 1138 620 1191 1168 648 1162 1139 621 1163 1140 622 1162 1139 621 1191 1168 648 1163 1140 622 1191 1168 648 1192 1169 649 1155 1132 613 1184 1161 641 1154 1131 614 1192 1169 649 1164 1141 623 1163 1140 622 1192 1169 649 1193 1170 650 1164 1141 623 1193 1170 650 1194 1171 651 1164 1141 623 1194 1171 651 1165 1142 624 1164 1141 623 1165 1142 624 1194 1171 651 1167 1144 626 1197 1174 654 1196 1173 653 1195 1172 652 1198 1175 655 1196 1173 653 1197 1174 654 1199 1176 656 1197 1174 654 1195 1172 652 1199 1176 656 1200 1177 657 1197 1174 654 1198 1175 655 1197 1174 654 1200 1177 657 1195 1172 652 1196 1173 653 1201 1178 658 1196 1173 653 1202 1179 659 1201 1178 658 1201 1178 658 1202 1179 659 1203 1180 660 1204 1181 661 1201 1178 658 1203 1180 660 1204 1181 661 1203 1180 660 1205 1182 662 1206 1183 663 1201 1178 658 1204 1181 661 1201 1178 658 1206 1183 663 1195 1172 652 1207 1184 664 1206 1183 663 1204 1181 661 1207 1184 664 1204 1181 661 1205 1182 662 1208 1185 665 1206 1183 663 1207 1184 664 1206 1183 663 1209 1186 666 1195 1172 652 1210 1187 667 1195 1172 652 1209 1186 666 1210 1187 667 1199 1176 656 1195 1172 652 1211 1188 668 1209 1186 666 1206 1183 663 1212 1189 669 1211 1188 668 1206 1183 663 1208 1185 665 1212 1189 669 1206 1183 663 1213 1190 670 1211 1188 668 1212 1189 669 1214 1191 671 1213 1190 670 1212 1189 669 1214 1191 671 1212 1189 669 1208 1185 665 1215 1192 672 1214 1191 671 1208 1185 665 1216 1193 673 1214 1191 671 1215 1192 672 1217 1194 674 1216 1193 673 1215 1192 672 1218 1195 675 1213 1190 670 1214 1191 671 1216 1193 673 1218 1195 675 1214 1191 671 1219 1196 676 1213 1190 670 1218 1195 675 1220 1197 677 1213 1190 670 1219 1196 676 1220 1197 677 1211 1188 668 1213 1190 670 1217 1194 674 1215 1192 672 1221 1198 678 1222 1199 679 1215 1192 672 1208 1185 665 1208 1185 665 1207 1184 664 1222 1199 679 1222 1199 679 1221 1198 678 1215 1192 672 1217 1194 674 1221 1198 678 1223 1200 680 1221 1198 678 1224 1201 681 1223 1200 680 1217 1194 674 1223 1200 680 1225 1202 682 1216 1193 673 1217 1194 674 1225 1202 682 1218 1195 675 1216 1193 673 1225 1202 682 1226 1203 683 1218 1195 675 1225 1202 682 1218 1195 675 1226 1203 683 1227 1204 684 1228 1205 685 1227 1204 684 1226 1203 683 1228 1205 685 1229 1206 686 1227 1204 684 1218 1195 675 1227 1204 684 1230 1207 687 1231 1208 688 1218 1195 675 1230 1207 687 1219 1196 676 1218 1195 675 1231 1208 688 1232 1209 689 1231 1208 688 1230 1207 687 1230 1207 687 1227 1204 684 1233 1210 690 1229 1206 686 1233 1210 690 1227 1204 684 1234 1211 691 1230 1207 687 1233 1210 690 1232 1209 689 1230 1207 687 1234 1211 691 1224 1201 681 1221 1198 678 1235 1212 692 1221 1198 678 1222 1199 679 1235 1212 692 1222 1199 679 1205 1182 662 1235 1212 692 1233 1210 690 1236 1213 693 1234 1211 691 1233 1210 690 1237 1214 694 1236 1213 693 1233 1210 690 1229 1206 686 1237 1214 694 1229 1206 686 1238 1215 695 1237 1214 694 1229 1206 686 1239 1216 696 1238 1215 695 1231 1208 688 1232 1209 689 1240 1217 697 1232 1209 689 1234 1211 691 1240 1217 697 1234 1211 691 1241 1218 698 1240 1217 697 1240 1217 697 1242 1219 699 1231 1208 688 1243 1220 700 1242 1219 699 1240 1217 697 1244 1221 701 1242 1219 699 1243 1220 700 1245 1222 702 1243 1220 700 1240 1217 697 1241 1218 698 1245 1222 702 1240 1217 697 1242 1219 699 1219 1196 676 1231 1208 688 1219 1196 676 1242 1219 699 1220 1197 677 1242 1219 699 1246 1223 703 1220 1197 677 1244 1221 701 1246 1223 703 1242 1219 699 1247 1224 704 1220 1197 677 1246 1223 703 1246 1223 703 1244 1221 701 1247 1224 704 1248 1225 705 1220 1197 677 1247 1224 704 1220 1197 677 1248 1225 705 1211 1188 668 1249 1226 706 1211 1188 668 1248 1225 705 1249 1226 706 1209 1186 666 1211 1188 668 1249 1226 706 1250 1227 707 1209 1186 666 1210 1187 667 1209 1186 666 1250 1227 707 1249 1226 706 1251 1228 708 1250 1227 707 1249 1226 706 1248 1225 705 1251 1228 708 1248 1225 705 1252 1229 709 1251 1228 708 1253 1230 710 1252 1229 709 1248 1225 705 1253 1230 710 1248 1225 705 1247 1224 704 1250 1227 707 1254 1231 711 1210 1187 667 1255 1232 712 1210 1187 667 1254 1231 711 1253 1230 710 1247 1224 704 1256 1233 713 1244 1221 701 1256 1233 713 1247 1224 704 1252 1229 709 1257 1234 714 1251 1228 708 1258 1235 715 1251 1228 708 1257 1234 714 1251 1228 708 1258 1235 715 1250 1227 707 1258 1235 715 1254 1231 711 1250 1227 707 1259 1236 716 1253 1230 710 1256 1233 713 1253 1230 710 1259 1236 716 1252 1229 709 1258 1235 715 1257 1234 714 1260 1237 717 1260 1237 717 1261 1238 718 1258 1235 715 1261 1238 718 1254 1231 711 1258 1235 715 1255 1232 712 1254 1231 711 1261 1238 718 1199 1176 656 1210 1187 667 1255 1232 712 1199 1176 656 1255 1232 712 1262 1239 719 1263 1240 720 1199 1176 656 1262 1239 719 1200 1177 657 1199 1176 656 1263 1240 720 1200 1177 657 1265 1242 722 1264 1241 721 1264 1241 721 1198 1175 655 1200 1177 657 1268 1245 613 1267 1244 613 1266 1243 614 1269 1246 615 1266 1243 614 1267 1244 613 1268 1245 613 1266 1243 614 1270 1247 641 1270 1247 641 1266 1243 614 1271 1248 640 1266 1243 614 1272 1249 642 1271 1248 640 1266 1243 614 1273 1250 616 1272 1249 642 1266 1243 614 1269 1246 615 1273 1250 616 1274 1251 644 1272 1249 642 1273 1250 616 1272 1249 642 1274 1251 644 1275 1252 643 1272 1249 642 1275 1252 643 1271 1248 640 1275 1252 643 1274 1251 644 1276 1253 645 1273 1250 616 1276 1253 645 1274 1251 644 1273 1250 616 1269 1246 615 1277 1254 617 1278 1255 618 1273 1250 616 1277 1254 617 1279 1256 619 1278 1255 618 1277 1254 617 1278 1255 618 1279 1256 619 1280 1257 620 1278 1255 618 1280 1257 620 1273 1250 616 1273 1250 616 1280 1257 620 1276 1253 645 1279 1256 619 1281 1258 621 1280 1257 620 1279 1256 619 1282 1259 622 1281 1258 621 1280 1257 620 1283 1260 647 1276 1253 645 1280 1257 620 1281 1258 621 1284 1261 648 1282 1259 622 1284 1261 648 1281 1258 621 1280 1257 620 1284 1261 648 1283 1260 647 1279 1256 619 1277 1254 617 1285 1262 624 1286 1263 625 1285 1262 624 1277 1254 617 1287 1264 627 1286 1263 625 1277 1254 617 1288 1265 628 1287 1264 627 1277 1254 617 1287 1264 627 1289 1266 629 1286 1263 625 1287 1264 627 1290 1267 627 1289 1266 629 1291 1268 632 1290 1267 627 1287 1264 627 1291 1268 632 1287 1264 627 1292 1269 636 1287 1264 627 1288 1265 628 1292 1269 636 1291 1268 632 1293 1270 633 1290 1267 627 1291 1268 632 1294 1271 637 1293 1270 633 1291 1268 632 1292 1269 636 1294 1271 637 1290 1267 627 1293 1270 633 1295 1272 634 1296 1273 635 1290 1267 627 1295 1272 634 1296 1273 635 1297 1274 631 1290 1267 627 1297 1274 631 1289 1266 629 1290 1267 627 1292 1269 636 1298 1275 637 1294 1271 637 1299 1276 630 1286 1263 625 1289 1266 629 1297 1274 631 1299 1276 630 1289 1266 629 1299 1276 630 1300 1277 638 1286 1263 625 1286 1263 625 1300 1277 638 1301 1278 639 1286 1263 625 1301 1278 639 1302 1279 626 1286 1263 625 1302 1279 626 1285 1262 624 1302 1279 626 1303 1280 651 1285 1262 624 1303 1280 651 1304 1281 623 1285 1262 624 1304 1281 623 1279 1256 619 1285 1262 624 1303 1280 651 1305 1282 650 1304 1281 623 1304 1281 623 1282 1259 622 1279 1256 619 1306 1283 649 1282 1259 622 1304 1281 623 1306 1283 649 1304 1281 623 1305 1282 650 1282 1259 622 1306 1283 649 1284 1261 648 1309 1286 652 1308 1285 653 1307 1284 654 1307 1284 654 1308 1285 653 1310 1287 655 1309 1286 652 1307 1284 654 1311 1288 656 1307 1284 654 1312 1289 720 1311 1288 656 1312 1289 720 1307 1284 654 1313 1290 657 1313 1290 657 1307 1284 654 1310 1287 655 1309 1286 652 1314 1291 658 1308 1285 653 1314 1291 658 1315 1292 659 1308 1285 653 1316 1293 660 1315 1292 659 1314 1291 658 1317 1294 661 1316 1293 660 1314 1291 658 1318 1295 662 1316 1293 660 1317 1294 661 1317 1294 661 1314 1291 658 1319 1296 663 1314 1291 658 1309 1286 652 1319 1296 663 1320 1297 664 1317 1294 661 1319 1296 663 1318 1295 662 1317 1294 661 1320 1297 664 1321 1298 665 1320 1297 664 1319 1296 663 1309 1286 652 1322 1299 666 1319 1296 663 1322 1299 666 1309 1286 652 1323 1300 667 1309 1286 652 1311 1288 656 1323 1300 667 1319 1296 663 1322 1299 666 1324 1301 668 1325 1302 669 1319 1296 663 1324 1301 668 1321 1298 665 1319 1296 663 1325 1302 669 1321 1298 665 1325 1302 669 1326 1303 671 1325 1302 669 1324 1301 668 1327 1304 670 1326 1303 671 1325 1302 669 1327 1304 670 1326 1303 671 1327 1304 670 1328 1305 675 1328 1305 675 1327 1304 670 1329 1306 676 1329 1306 676 1327 1304 670 1330 1307 677 1327 1304 670 1324 1301 668 1330 1307 677 1331 1308 673 1326 1303 671 1328 1305 675 1332 1309 723 1326 1303 671 1331 1308 673 1332 1309 723 1321 1298 665 1326 1303 671 1333 1310 674 1332 1309 723 1331 1308 673 1334 1311 678 1332 1309 723 1333 1310 674 1335 1312 679 1332 1309 723 1334 1311 678 1335 1312 679 1320 1297 664 1321 1298 665 1335 1312 679 1321 1298 665 1332 1309 723 1320 1297 664 1335 1312 679 1318 1295 662 1333 1310 674 1336 1313 680 1334 1311 678 1336 1313 680 1337 1314 681 1334 1311 678 1338 1315 682 1336 1313 680 1333 1310 674 1331 1308 673 1338 1315 682 1333 1310 674 1338 1315 682 1331 1308 673 1328 1305 675 1339 1316 683 1338 1315 682 1328 1305 675 1340 1317 684 1339 1316 683 1328 1305 675 1340 1317 684 1341 1318 685 1339 1316 683 1342 1319 686 1341 1318 685 1340 1317 684 1329 1306 676 1330 1307 677 1343 1320 699 1344 1321 688 1329 1306 676 1343 1320 699 1344 1321 688 1328 1305 675 1329 1306 676 1345 1322 687 1328 1305 675 1344 1321 688 1345 1322 687 1340 1317 684 1328 1305 675 1346 1323 690 1340 1317 684 1345 1322 687 1342 1319 686 1340 1317 684 1346 1323 690 1347 1324 694 1342 1319 686 1346 1323 690 1342 1319 686 1347 1324 694 1348 1325 695 1342 1319 686 1348 1325 695 1349 1326 696 1350 1327 697 1344 1321 688 1343 1320 699 1351 1328 691 1344 1321 688 1350 1327 697 1346 1323 690 1345 1322 687 1351 1328 691 1345 1322 687 1344 1321 688 1351 1328 691 1346 1323 690 1351 1328 691 1352 1329 693 1346 1323 690 1352 1329 693 1347 1324 694 1350 1327 697 1343 1320 699 1353 1330 700 1354 1331 702 1350 1327 697 1353 1330 700 1350 1327 697 1354 1331 702 1355 1332 698 1350 1327 697 1355 1332 698 1351 1328 691 1356 1333 701 1353 1330 700 1343 1320 699 1356 1333 701 1343 1320 699 1357 1334 703 1357 1334 703 1358 1335 704 1356 1333 701 1358 1335 704 1357 1334 703 1330 1307 677 1330 1307 677 1357 1334 703 1343 1320 699 1358 1335 704 1330 1307 677 1359 1336 724 1360 1337 705 1359 1336 724 1330 1307 677 1324 1301 668 1360 1337 705 1330 1307 677 1360 1337 705 1324 1301 668 1361 1338 706 1324 1301 668 1322 1299 666 1361 1338 706 1322 1299 666 1362 1339 707 1361 1338 706 1362 1339 707 1322 1299 666 1323 1300 667 1361 1338 706 1363 1340 708 1360 1337 705 1363 1340 708 1359 1336 724 1360 1337 705 1364 1341 710 1358 1335 704 1359 1336 724 1362 1339 707 1365 1342 725 1361 1338 706 1363 1340 708 1361 1338 706 1365 1342 725 1365 1342 725 1366 1343 715 1363 1340 708 1367 1344 711 1366 1343 715 1365 1342 725 1323 1300 667 1367 1344 711 1362 1339 707 1367 1344 711 1365 1342 725 1362 1339 707 1366 1343 715 1367 1344 711 1368 1345 718 1369 1346 712 1368 1345 718 1367 1344 711 1367 1344 711 1323 1300 667 1369 1346 712 1370 1347 713 1358 1335 704 1364 1341 710 1371 1348 716 1370 1347 713 1364 1341 710 1372 1349 709 1371 1348 716 1364 1341 710 1366 1343 715 1373 1350 714 1363 1340 708 1363 1340 708 1373 1350 714 1372 1349 709 1366 1343 715 1374 1351 717 1373 1350 714 1374 1351 717 1366 1343 715 1368 1345 718 1369 1346 712 1323 1300 667 1375 1352 726 1375 1352 726 1376 1353 719 1369 1346 712 1375 1352 726 1312 1289 720 1376 1353 719 1312 1289 720 1375 1352 726 1311 1288 656 1375 1352 726 1323 1300 667 1311 1288 656 1359 1336 724 1372 1349 709 1364 1341 710 1359 1336 724 1363 1340 708 1372 1349 709 1358 1335 704 1370 1347 713 1356 1333 701 1378 1355 721 1377 1354 722 1313 1290 657 1378 1355 721 1313 1290 657 1310 1287 655 1379 1356 692 1334 1311 678 1337 1314 681 1379 1356 692 1335 1312 679 1334 1311 678 1379 1356 692 1318 1295 662 1335 1312 679 1275 1252 643 1276 1253 645 1380 1357 646 1283 1260 647 1380 1357 646 1276 1253 645 1205 1182 662 1222 1199 679 1207 1184 664 1383 1360 729 1382 1359 728 1381 1358 727 1384 1361 730 1383 1360 729 1381 1358 727 1385 1362 731 1384 1361 730 1381 1358 727 1386 1363 732 1385 1362 731 1381 1358 727 1387 1364 733 1386 1363 732 1381 1358 727 1388 1365 734 1387 1364 733 1381 1358 727 1389 1366 735 1388 1365 734 1381 1358 727 1382 1359 728 1389 1366 735 1381 1358 727 1392 1369 738 1391 1368 737 1390 1367 736 1393 1370 739 1390 1367 736 1391 1368 737 1393 1370 739 1394 1371 740 1390 1367 736 1395 1372 741 1390 1367 736 1394 1371 740 1395 1372 741 1394 1371 740 1396 1373 742 1395 1372 741 1396 1373 742 1390 1367 736 1397 1374 743 1396 1373 742 1394 1371 740 1397 1374 743 1398 1375 744 1396 1373 742 1399 1376 745 1396 1373 742 1398 1375 744 1399 1376 745 1398 1375 744 1400 1377 746 1399 1376 745 1400 1377 746 1396 1373 742 1401 1378 747 1400 1377 746 1398 1375 744 1401 1378 747 1402 1379 748 1400 1377 746 1403 1380 749 1400 1377 746 1402 1379 748 1403 1380 749 1402 1379 748 1404 1381 750 1392 1369 738 1404 1381 750 1391 1368 737 1392 1369 738 1390 1367 736 1404 1381 750 1403 1380 749 1404 1381 750 1400 1377 746 1405 1382 751 1404 1381 750 1402 1379 748 1405 1382 751 1391 1368 737 1404 1381 750 1406 1383 752 1404 1381 750 1390 1367 736 1406 1383 752 1400 1377 746 1404 1381 750 1406 1383 752 1396 1373 742 1400 1377 746 1406 1383 752 1390 1367 736 1396 1373 742 1409 1386 755 1408 1385 754 1407 1384 753 1410 1387 756 1408 1385 754 1409 1386 755 1408 1385 754 1410 1387 756 1411 1388 757 1412 1389 758 1408 1385 754 1411 1388 757 1413 1390 759 1408 1385 754 1412 1389 758 1413 1390 759 1407 1384 753 1408 1385 754 1414 1391 760 1407 1384 753 1413 1390 759 1415 1392 761 1413 1390 759 1412 1389 758 1416 1393 762 1411 1388 757 1410 1387 756 1416 1393 762 1410 1387 756 1417 1394 763 1410 1387 756 1418 1395 764 1417 1394 763 1418 1395 764 1410 1387 756 1409 1386 755 1413 1390 759 1415 1392 761 1419 1396 765 1420 1397 766 1413 1390 759 1419 1396 765 1414 1391 760 1413 1390 759 1420 1397 766 1423 1400 769 1422 1399 768 1421 1398 767 1423 1400 769 1424 1401 770 1422 1399 768 1424 1401 770 1423 1400 769 1425 1402 771 1423 1400 769 1426 1403 772 1425 1402 771 1423 1400 769 1427 1404 773 1426 1403 772 1421 1398 767 1427 1404 773 1423 1400 769 1421 1398 767 1428 1405 774 1427 1404 773 1427 1404 773 1429 1406 775 1426 1403 772 1425 1402 771 1430 1407 776 1424 1401 770 1424 1401 770 1430 1407 776 1431 1408 777 1432 1409 778 1424 1401 770 1431 1408 777 1424 1401 770 1432 1409 778 1422 1399 768 1428 1405 774 1433 1410 779 1427 1404 773 1429 1406 775 1427 1404 773 1434 1411 780 1427 1404 773 1433 1410 779 1434 1411 780 1437 1414 755 1436 1413 754 1435 1412 781 1438 1415 756 1436 1413 754 1437 1414 755 1436 1413 754 1438 1415 756 1439 1416 757 1440 1417 758 1436 1413 754 1439 1416 757 1441 1418 759 1436 1413 754 1440 1417 758 1441 1418 759 1435 1412 781 1436 1413 754 1442 1419 760 1435 1412 781 1441 1418 759 1443 1420 761 1441 1418 759 1440 1417 758 1444 1421 762 1439 1416 757 1438 1415 756 1444 1421 762 1438 1415 756 1445 1422 763 1438 1415 756 1446 1423 764 1445 1422 763 1446 1423 764 1438 1415 756 1437 1414 755 1441 1418 759 1443 1420 761 1447 1424 765 1448 1425 766 1441 1418 759 1447 1424 765 1442 1419 760 1441 1418 759 1448 1425 766 1451 1428 769 1450 1427 768 1449 1426 767 1451 1428 769 1452 1429 770 1450 1427 768 1452 1429 770 1451 1428 769 1453 1430 771 1451 1428 769 1454 1431 772 1453 1430 771 1451 1428 769 1455 1432 773 1454 1431 772 1449 1426 767 1455 1432 773 1451 1428 769 1449 1426 767 1456 1433 774 1455 1432 773 1455 1432 773 1457 1434 775 1454 1431 772 1453 1430 771 1458 1435 776 1452 1429 770 1452 1429 770 1458 1435 776 1459 1436 777 1460 1437 778 1452 1429 770 1459 1436 777 1452 1429 770 1460 1437 778 1450 1427 768 1456 1433 774 1461 1438 779 1455 1432 773 1457 1434 775 1455 1432 773 1462 1439 780 1455 1432 773 1461 1438 779 1462 1439 780 1465 1442 728 1464 1441 729 1463 1440 727 1464 1441 729 1466 1443 730 1463 1440 727 1466 1443 730 1467 1444 731 1463 1440 727 1467 1444 731 1468 1445 732 1463 1440 727 1468 1445 732 1469 1446 782 1463 1440 727 1469 1446 782 1470 1447 734 1463 1440 727 1470 1447 734 1471 1448 735 1463 1440 727 1471 1448 735 1465 1442 728 1463 1440 727 1474 1451 737 1473 1450 738 1472 1449 736 1472 1449 736 1475 1452 739 1474 1451 737 1476 1453 740 1475 1452 739 1472 1449 736 1472 1449 736 1477 1454 741 1476 1453 740 1476 1453 740 1477 1454 741 1478 1455 742 1478 1455 742 1477 1454 741 1472 1449 736 1478 1455 742 1479 1456 743 1476 1453 740 1480 1457 744 1479 1456 743 1478 1455 742 1478 1455 742 1481 1458 745 1480 1457 744 1480 1457 744 1481 1458 745 1482 1459 746 1482 1459 746 1481 1458 745 1478 1455 742 1482 1459 746 1483 1460 747 1480 1457 744 1484 1461 748 1483 1460 747 1482 1459 746 1482 1459 746 1485 1462 749 1484 1461 748 1484 1461 748 1485 1462 749 1486 1463 750 1486 1463 750 1473 1450 738 1474 1451 737 1472 1449 736 1473 1450 738 1486 1463 750 1486 1463 750 1485 1462 749 1482 1459 746 1486 1463 750 1487 1464 751 1484 1461 748 1474 1451 737 1487 1464 751 1486 1463 750 1486 1463 750 1488 1465 752 1472 1449 736 1482 1459 746 1488 1465 752 1486 1463 750 1478 1455 742 1488 1465 752 1482 1459 746 1472 1449 736 1488 1465 752 1478 1455 742 1491 1468 785 1490 1467 784 1489 1466 783 1491 1468 785 1492 1469 786 1490 1467 784 1492 1469 786 1491 1468 785 1493 1470 787 1491 1468 785 1494 1471 788 1493 1470 787 1491 1468 785 1495 1472 789 1494 1471 788 1489 1466 783 1495 1472 789 1491 1468 785 1489 1466 783 1496 1473 790 1495 1472 789 1495 1472 789 1497 1474 791 1494 1471 788 1493 1470 787 1498 1475 792 1492 1469 786 1492 1469 786 1498 1475 792 1499 1476 793 1500 1477 794 1492 1469 786 1499 1476 793 1492 1469 786 1500 1477 794 1490 1467 784 1497 1474 791 1495 1472 789 1501 1478 795 1495 1472 789 1502 1479 796 1501 1478 795 1495 1472 789 1496 1473 790 1502 1479 796 1505 1482 799 1504 1481 798 1503 1480 797 1506 1483 800 1504 1481 798 1505 1482 799 1504 1481 798 1506 1483 800 1507 1484 801 1508 1485 802 1504 1481 798 1507 1484 801 1509 1486 803 1504 1481 798 1508 1485 802 1509 1486 803 1503 1480 797 1504 1481 798 1510 1487 804 1503 1480 797 1509 1486 803 1511 1488 805 1509 1486 803 1508 1485 802 1512 1489 806 1507 1484 801 1506 1483 800 1512 1489 806 1506 1483 800 1513 1490 807 1506 1483 800 1514 1491 808 1513 1490 807 1514 1491 808 1506 1483 800 1505 1482 799 1515 1492 809 1510 1487 804 1509 1486 803 1509 1486 803 1511 1488 805 1516 1493 810 1515 1492 809 1509 1486 803 1516 1493 810 1519 1496 785 1518 1495 784 1517 1494 783 1519 1496 785 1520 1497 786 1518 1495 784 1520 1497 786 1519 1496 785 1521 1498 787 1519 1496 785 1522 1499 788 1521 1498 787 1519 1496 785 1523 1500 789 1522 1499 788 1517 1494 783 1523 1500 789 1519 1496 785 1517 1494 783 1524 1501 790 1523 1500 789 1523 1500 789 1525 1502 791 1522 1499 788 1521 1498 787 1526 1503 792 1520 1497 786 1520 1497 786 1526 1503 792 1527 1504 793 1528 1505 794 1520 1497 786 1527 1504 793 1520 1497 786 1528 1505 794 1518 1495 784 1525 1502 791 1523 1500 789 1529 1506 795 1523 1500 789 1530 1507 796 1529 1506 795 1523 1500 789 1524 1501 790 1530 1507 796 1533 1510 799 1532 1509 798 1531 1508 797 1534 1511 800 1532 1509 798 1533 1510 799 1532 1509 798 1534 1511 800 1535 1512 801 1536 1513 802 1532 1509 798 1535 1512 801 1537 1514 803 1532 1509 798 1536 1513 802 1537 1514 803 1531 1508 797 1532 1509 798 1538 1515 804 1531 1508 797 1537 1514 803 1539 1516 805 1537 1514 803 1536 1513 802 1540 1517 806 1535 1512 801 1534 1511 800 1540 1517 806 1534 1511 800 1541 1518 807 1534 1511 800 1542 1519 811 1541 1518 807 1542 1519 811 1534 1511 800 1533 1510 799 1543 1520 809 1538 1515 804 1537 1514 803 1537 1514 803 1539 1516 805 1544 1521 810 1543 1520 809 1537 1514 803 1544 1521 810 1547 1524 814 1546 1523 813 1545 1522 812 1548 1525 812 1547 1524 814 1545 1522 812 1548 1525 812 1545 1522 812 1549 1526 815 1550 1527 816 1548 1525 812 1549 1526 815 1550 1527 816 1549 1526 815 1551 1528 817 1550 1527 816 1551 1528 817 1552 1529 818 1550 1527 816 1552 1529 818 1553 1530 819 1554 1531 820 1550 1527 816 1553 1530 819 1554 1531 820 1553 1530 819 1555 1532 821 1556 1533 822 1554 1531 820 1555 1532 821 1551 1528 817 1557 1534 823 1552 1529 818 1557 1534 823 1558 1535 824 1552 1529 818 1552 1529 818 1558 1535 824 1553 1530 819 1559 1536 825 1557 1534 823 1551 1528 817 1549 1526 815 1559 1536 825 1551 1528 817 1560 1537 826 1559 1536 825 1549 1526 815 1545 1522 812 1560 1537 826 1549 1526 815 1561 1538 827 1560 1537 826 1545 1522 812 1546 1523 813 1561 1538 827 1545 1522 812 1555 1532 821 1553 1530 819 1562 1539 828 1553 1530 819 1563 1540 829 1562 1539 828 1558 1535 824 1563 1540 829 1553 1530 819 1561 1538 827 1564 1541 830 1560 1537 826 1564 1541 830 1565 1542 831 1560 1537 826 1560 1537 826 1565 1542 831 1559 1536 825 1565 1542 831 1566 1543 832 1559 1536 825 1559 1536 825 1566 1543 832 1557 1534 823 1557 1534 823 1566 1543 832 1558 1535 824 1558 1535 824 1566 1543 832 1563 1540 829 1566 1543 832 1567 1544 833 1563 1540 829 1563 1540 829 1567 1544 833 1562 1539 828 1567 1544 833 1568 1545 834 1562 1539 828 1571 1548 837 1570 1547 836 1569 1546 835 1569 1546 835 1570 1547 836 1572 1549 838 1573 1550 839 1569 1546 835 1572 1549 838 1574 1551 840 1573 1550 839 1572 1549 838 1574 1551 840 1572 1549 838 1575 1552 841 1576 1553 842 1574 1551 840 1575 1552 841 1577 1554 843 1574 1551 840 1576 1553 842 1570 1547 836 1578 1555 844 1572 1549 838 1577 1554 843 1579 1556 845 1574 1551 840 1569 1546 835 1573 1550 839 1580 1557 846 1580 1557 846 1581 1558 847 1569 1546 835 1569 1546 835 1581 1558 847 1571 1548 837 1573 1550 839 1582 1559 848 1580 1557 846 1579 1556 845 1582 1559 848 1574 1551 840 1573 1550 839 1574 1551 840 1582 1559 848 1583 1560 849 1570 1547 836 1571 1548 837 1571 1548 837 1581 1558 847 1583 1560 849 1581 1558 847 1584 1561 850 1583 1560 849 1584 1561 850 1581 1558 847 1580 1557 846 1585 1562 851 1584 1561 850 1580 1557 846 1585 1562 851 1580 1557 846 1582 1559 848 1588 1565 854 1587 1564 853 1586 1563 852 1586 1563 852 1587 1564 853 1589 1566 855 1590 1567 856 1586 1563 852 1589 1566 855 1591 1568 857 1590 1567 856 1589 1566 855 1587 1564 853 1592 1569 858 1589 1566 855 1591 1568 857 1589 1566 855 1593 1570 859 1594 1571 860 1591 1568 857 1593 1570 859 1595 1572 861 1591 1568 857 1594 1571 860 1586 1563 852 1596 1573 862 1588 1565 854 1597 1574 863 1596 1573 862 1586 1563 852 1586 1563 852 1590 1567 856 1597 1574 863 1598 1575 864 1597 1574 863 1590 1567 856 1591 1568 857 1598 1575 864 1590 1567 856 1599 1576 865 1598 1575 864 1591 1568 857 1595 1572 861 1599 1576 865 1591 1568 857 1602 1579 836 1601 1578 837 1600 1577 835 1602 1579 836 1600 1577 835 1603 1580 838 1600 1577 835 1604 1581 839 1603 1580 838 1604 1581 839 1605 1582 840 1603 1580 838 1603 1580 838 1605 1582 840 1606 1583 841 1605 1582 840 1607 1584 842 1606 1583 841 1605 1582 840 1608 1585 843 1607 1584 842 1609 1586 844 1602 1579 836 1603 1580 838 1610 1587 845 1608 1585 843 1605 1582 840 1604 1581 839 1600 1577 835 1611 1588 846 1612 1589 847 1611 1588 846 1600 1577 835 1612 1589 847 1600 1577 835 1601 1578 837 1613 1590 848 1610 1587 845 1605 1582 840 1605 1582 840 1604 1581 839 1613 1590 848 1604 1581 839 1611 1588 846 1613 1590 848 1614 1591 851 1613 1590 848 1611 1588 846 1602 1579 836 1615 1592 849 1601 1578 837 1612 1589 847 1601 1578 837 1615 1592 849 1616 1593 850 1612 1589 847 1615 1592 849 1616 1593 850 1614 1591 851 1611 1588 846 1612 1589 847 1616 1593 850 1611 1588 846 1619 1596 853 1618 1595 854 1617 1594 852 1619 1596 853 1617 1594 852 1620 1597 855 1617 1594 852 1621 1598 856 1620 1597 855 1621 1598 856 1622 1599 857 1620 1597 855 1623 1600 858 1619 1596 853 1620 1597 855 1620 1597 855 1622 1599 857 1624 1601 859 1622 1599 857 1625 1602 860 1624 1601 859 1622 1599 857 1626 1603 861 1625 1602 860 1627 1604 862 1617 1594 852 1618 1595 854 1627 1604 862 1628 1605 863 1617 1594 852 1621 1598 856 1617 1594 852 1628 1605 863 1628 1605 863 1629 1606 864 1621 1598 856 1629 1606 864 1622 1599 857 1621 1598 856 1629 1606 864 1630 1607 865 1622 1599 857 1630 1607 865 1626 1603 861 1622 1599 857 1633 1610 868 1632 1609 867 1631 1608 866 1633 1610 868 1634 1611 869 1632 1609 867 1635 1612 870 1631 1608 866 1632 1609 867 1635 1612 870 1636 1613 871 1631 1608 866 1637 1614 872 1635 1612 870 1632 1609 867 1632 1609 867 1638 1615 873 1637 1614 872 1632 1609 867 1634 1611 869 1638 1615 873 1639 1616 874 1631 1608 866 1636 1613 871 1639 1616 874 1640 1617 875 1631 1608 866 1641 1618 876 1633 1610 868 1631 1608 866 1640 1617 875 1641 1618 876 1631 1608 866 1638 1615 873 1634 1611 869 1642 1619 877 1643 1620 878 1638 1615 873 1642 1619 877 1642 1619 877 1644 1621 879 1643 1620 878 1645 1622 880 1635 1612 870 1637 1614 872 1645 1622 880 1646 1623 881 1635 1612 870 1646 1623 881 1636 1613 871 1635 1612 870 1646 1623 881 1647 1624 882 1636 1613 871 1636 1613 871 1647 1624 882 1648 1625 883 1648 1625 883 1639 1616 874 1636 1613 871 1644 1621 879 1649 1626 884 1643 1620 878 1643 1620 878 1649 1626 884 1650 1627 885 1638 1615 873 1643 1620 878 1650 1627 885 1649 1626 884 1651 1628 886 1650 1627 885 1652 1629 887 1649 1626 884 1644 1621 879 1652 1629 887 1653 1630 888 1649 1626 884 1653 1630 888 1651 1628 886 1649 1626 884 1654 1631 889 1652 1629 887 1644 1621 879 1654 1631 889 1644 1621 879 1642 1619 877 1655 1632 890 1654 1631 889 1642 1619 877 1655 1632 890 1642 1619 877 1634 1611 869 1656 1633 891 1655 1632 890 1634 1611 869 1657 1634 892 1647 1624 882 1646 1623 881 1657 1634 892 1658 1635 893 1647 1624 882 1658 1635 893 1648 1625 883 1647 1624 882 1659 1636 894 1657 1634 892 1646 1623 881 1660 1637 895 1659 1636 894 1646 1623 881 1645 1622 880 1660 1637 895 1646 1623 881 1658 1635 893 1661 1638 896 1648 1625 883 1661 1638 896 1662 1639 897 1648 1625 883 1656 1633 891 1634 1611 869 1633 1610 868 1656 1633 891 1633 1610 868 1663 1640 898 1633 1610 868 1641 1618 876 1663 1640 898 1663 1640 898 1641 1618 876 1664 1641 899 1665 1642 900 1663 1640 898 1664 1641 899 1664 1641 899 1641 1618 876 1666 1643 901 1641 1618 876 1667 1644 902 1666 1643 901 1640 1617 875 1667 1644 902 1641 1618 876 1640 1617 875 1668 1645 903 1667 1644 902 1668 1645 903 1669 1646 904 1667 1644 902 1670 1647 905 1668 1645 903 1640 1617 875 1671 1648 906 1670 1647 905 1640 1617 875 1639 1616 874 1671 1648 906 1640 1617 875 1639 1616 874 1672 1649 907 1671 1648 906 1672 1649 907 1673 1650 908 1671 1648 906 1674 1651 909 1672 1649 907 1639 1616 874 1675 1652 910 1674 1651 909 1639 1616 874 1648 1625 883 1675 1652 910 1639 1616 874 1648 1625 883 1662 1639 897 1675 1652 910 1662 1639 897 1676 1653 911 1675 1652 910 1662 1639 897 1677 1654 897 1676 1653 911 1678 1655 896 1677 1654 897 1662 1639 897 1678 1655 896 1679 1656 896 1677 1654 897 1679 1656 896 1680 1657 912 1677 1654 897 1677 1654 897 1680 1657 912 1681 1658 913 1677 1654 897 1681 1658 913 1676 1653 911 1680 1657 912 1682 1659 913 1681 1658 913 1679 1656 896 1683 1660 914 1680 1657 912 1683 1660 914 1684 1661 915 1680 1657 912 1680 1657 912 1684 1661 915 1682 1659 913 1683 1660 914 1685 1662 916 1684 1661 915 1684 1661 915 1685 1662 916 1686 1663 917 1684 1661 915 1686 1663 917 1682 1659 913 1661 1638 896 1678 1655 896 1662 1639 897 1674 1651 909 1687 1647 918 1672 1649 907 1687 1647 918 1688 1664 919 1672 1649 907 1687 1647 918 1689 1647 920 1688 1664 919 1689 1647 920 1690 1665 921 1688 1664 919 1688 1664 919 1690 1665 921 1691 1666 908 1690 1665 921 1692 1667 922 1691 1666 908 1689 1647 920 1693 1668 923 1690 1665 921 1693 1668 923 1694 1669 924 1690 1665 921 1690 1665 921 1694 1669 924 1692 1667 922 1693 1668 923 1695 1670 925 1694 1669 924 1694 1669 924 1695 1670 925 1696 1671 926 1694 1669 924 1696 1671 926 1692 1667 922 1688 1664 919 1691 1666 908 1673 1650 908 1672 1649 907 1688 1664 919 1673 1650 908 1699 1674 929 1698 1673 928 1697 1672 927 1699 1674 929 1700 1675 930 1698 1673 928 1700 1675 930 1699 1674 929 1701 1676 931 1702 1677 932 1699 1674 929 1697 1672 927 1702 1677 932 1703 1678 933 1699 1674 929 1701 1676 931 1699 1674 929 1703 1678 933 1701 1676 931 1703 1678 933 1704 1679 934 1698 1673 928 1705 1680 935 1697 1672 927 1697 1672 927 1705 1680 935 1706 1681 936 1706 1681 936 1702 1677 932 1697 1672 927 1705 1680 935 1707 1682 937 1706 1681 936 1705 1680 935 1708 1683 938 1707 1682 937 1708 1683 938 1709 1684 939 1707 1682 937 1702 1677 932 1710 1685 940 1703 1678 933 1703 1678 933 1711 1686 941 1704 1679 934 1706 1681 936 1712 1687 942 1702 1677 932 1702 1677 932 1712 1687 942 1710 1685 940 1713 1688 943 1705 1680 935 1698 1673 928 1713 1688 943 1708 1683 938 1705 1680 935 1714 1689 944 1713 1688 943 1698 1673 928 1711 1686 941 1715 1690 945 1704 1679 934 1716 1691 946 1704 1679 934 1715 1690 945 1704 1679 934 1717 1692 947 1701 1676 931 1704 1679 934 1716 1691 946 1717 1692 947 1717 1692 947 1716 1691 946 1718 1693 948 1719 1694 949 1717 1692 947 1718 1693 948 1720 1695 950 1719 1694 949 1718 1693 948 1716 1691 946 1721 1696 951 1718 1693 948 1716 1691 946 1722 1697 952 1721 1696 951 1716 1691 946 1715 1690 945 1722 1697 952 1701 1676 931 1717 1692 947 1719 1694 949 1701 1676 931 1719 1694 949 1700 1675 930 1714 1689 944 1723 1698 953 1713 1688 943 1723 1698 953 1724 1699 954 1713 1688 943 1724 1699 954 1708 1683 938 1713 1688 943 1708 1683 938 1724 1699 954 1709 1684 939 1724 1699 954 1725 1700 955 1709 1684 939 1724 1699 954 1726 1701 956 1725 1700 955 1724 1699 954 1723 1698 953 1726 1701 956 1715 1690 945 1727 1702 957 1722 1697 952 1727 1702 957 1728 1703 958 1722 1697 952 1729 1704 959 1727 1702 957 1715 1690 945 1730 1705 960 1729 1704 959 1715 1690 945 1711 1686 941 1730 1705 960 1715 1690 945 1711 1686 941 1731 1706 961 1730 1705 960 1731 1706 961 1732 1707 962 1730 1705 960 1733 1708 963 1731 1706 961 1711 1686 941 1734 1709 964 1733 1708 963 1711 1686 941 1735 1710 965 1734 1709 964 1711 1686 941 1735 1710 965 1736 1711 966 1734 1709 964 1736 1711 966 1737 1712 967 1734 1709 964 1738 1713 968 1736 1711 966 1735 1710 965 1739 1714 969 1738 1713 968 1735 1710 965 1710 1685 940 1739 1714 969 1735 1710 965 1739 1714 969 1710 1685 940 1740 1715 970 1710 1685 940 1741 1716 971 1740 1715 970 1741 1716 971 1710 1685 940 1742 1717 972 1710 1685 940 1712 1687 942 1742 1717 972 1735 1710 965 1711 1686 941 1703 1678 933 1710 1685 940 1735 1710 965 1703 1678 933 1731 1706 961 1743 1718 973 1732 1707 962 1743 1718 973 1744 1719 974 1732 1707 962 1743 1718 973 1745 1720 975 1744 1719 974 1745 1720 975 1746 1721 976 1744 1719 974 1747 1722 977 1745 1720 975 1743 1718 973 1748 1723 978 1747 1722 977 1743 1718 973 1745 1720 975 1749 1724 979 1746 1721 976 1749 1724 979 1750 1725 980 1746 1721 976 1749 1724 979 1751 1726 981 1750 1725 980 1752 1727 982 1751 1726 981 1749 1724 979 1752 1727 982 1749 1724 979 1745 1720 975 1747 1722 977 1752 1727 982 1745 1720 975 1748 1723 978 1743 1718 973 1731 1706 961 1733 1708 963 1748 1723 978 1731 1706 961 1741 1716 971 1742 1717 972 1753 1728 983 1754 1729 984 1741 1716 971 1753 1728 983 1754 1729 984 1753 1728 983 1755 1730 985 1756 1731 984 1754 1729 984 1755 1730 985 1754 1729 984 1756 1731 984 1757 1732 986 1758 1733 970 1754 1729 984 1757 1732 986 1741 1716 971 1754 1729 984 1758 1733 970 1757 1732 986 1756 1731 984 1759 1734 987 1756 1731 984 1760 1735 988 1759 1734 987 1760 1735 988 1761 1736 989 1759 1734 987 1762 1737 990 1761 1736 989 1760 1735 988 1756 1731 984 1755 1730 985 1762 1737 990 1760 1735 988 1756 1731 984 1762 1737 990 1740 1715 970 1741 1716 971 1758 1733 970 1763 1738 991 1714 1689 944 1698 1673 928 1764 1739 992 1763 1738 991 1698 1673 928 1765 1740 993 1764 1739 992 1698 1673 928 1766 1741 994 1764 1739 992 1765 1740 993 1767 1742 995 1766 1741 994 1765 1740 993 1768 1743 996 1767 1742 995 1765 1740 993 1769 1744 997 1768 1743 996 1765 1740 993 1768 1743 996 1769 1744 997 1770 1745 998 1769 1744 997 1771 1746 999 1770 1745 998 1770 1745 998 1771 1746 999 1772 1747 1000 1773 1748 1001 1770 1745 998 1772 1747 1000 1769 1744 997 1700 1675 930 1771 1746 999 1765 1740 993 1698 1673 928 1700 1675 930 1769 1744 997 1765 1740 993 1700 1675 930 1772 1747 1000 1771 1746 999 1720 1695 950 1771 1746 999 1719 1694 949 1720 1695 950 1700 1675 930 1719 1694 949 1771 1746 999 1774 1749 1002 1638 1615 873 1650 1627 885 1775 1750 1003 1638 1615 873 1774 1749 1002 1776 1751 1004 1638 1615 873 1775 1750 1003 1776 1751 1004 1775 1750 1003 1777 1752 1005 1778 1753 1006 1776 1751 1004 1777 1752 1005 1776 1751 1004 1778 1753 1006 1779 1754 1007 1778 1753 1006 1780 1755 1008 1779 1754 1007 1781 1756 1009 1779 1754 1007 1780 1755 1008 1782 1757 1010 1781 1756 1009 1780 1755 1008 1777 1752 1005 1775 1750 1003 1783 1758 1011 1783 1758 1011 1775 1750 1003 1774 1749 1002 1784 1759 1012 1777 1752 1005 1783 1758 1011 1781 1756 1009 1660 1637 895 1779 1754 1007 1660 1637 895 1645 1622 880 1779 1754 1007 1776 1751 1004 1779 1754 1007 1645 1622 880 1637 1614 872 1776 1751 1004 1645 1622 880 1776 1751 1004 1637 1614 872 1638 1615 873 1787 1762 1015 1786 1761 1014 1785 1760 1013 1788 1763 1016 1786 1761 1014 1787 1762 1015 1787 1762 1015 1785 1760 1013 1789 1764 1017 1790 1765 1018 1787 1762 1015 1789 1764 1017 1788 1763 1016 1787 1762 1015 1790 1765 1018 1790 1765 1018 1789 1764 1017 1791 1719 1019 1792 1766 1018 1790 1765 1018 1791 1719 1019 1793 1767 1020 1790 1765 1018 1792 1766 1018 1793 1767 1020 1788 1763 1016 1790 1765 1018 1794 1768 1021 1793 1767 1020 1792 1766 1018 1792 1766 1018 1791 1719 1019 1737 1712 967 1736 1711 966 1792 1766 1018 1737 1712 967 1794 1768 1021 1792 1766 1018 1736 1711 966 1738 1713 968 1794 1768 1021 1736 1711 966 1797 1771 1024 1796 1770 1023 1795 1769 1022 1798 1772 1025 1796 1770 1023 1797 1771 1024 1798 1772 1025 1797 1771 1024 1799 1773 1026 1800 1774 1027 1798 1772 1025 1799 1773 1026 1800 1774 1027 1799 1773 1026 1801 1775 903 1802 1647 1027 1800 1774 1027 1801 1775 903 1801 1775 903 1799 1773 1026 1803 1776 904 1799 1773 1026 1804 1777 1028 1803 1776 904 1797 1771 1024 1795 1769 1022 1804 1777 1028 1799 1773 1026 1797 1771 1024 1804 1777 1028 1802 1647 1027 1801 1775 903 1668 1645 903 1670 1647 905 1802 1647 1027 1668 1645 903 1801 1775 903 1803 1776 904 1669 1646 904 1668 1645 903 1801 1775 903 1669 1646 904 1807 1780 1031 1806 1779 1030 1805 1778 1029 1808 1781 1032 1806 1779 1030 1807 1780 1031 1807 1780 1031 1809 1782 1033 1808 1781 1032 1809 1782 1033 1810 1783 1034 1808 1781 1032 1809 1782 1033 1811 1784 1033 1810 1783 1034 1811 1784 1033 1812 1785 1034 1810 1783 1034 1813 1786 1035 1811 1784 1033 1809 1782 1033 1814 1787 1036 1813 1786 1035 1809 1782 1033 1814 1787 1036 1809 1782 1033 1807 1780 1031 1805 1778 1029 1814 1787 1036 1807 1780 1031 1811 1784 1033 1664 1641 899 1812 1785 1034 1664 1641 899 1666 1643 901 1812 1785 1034 1665 1642 900 1664 1641 899 1811 1784 1033 1813 1786 1035 1665 1642 900 1811 1784 1033 1817 1790 1039 1816 1789 1038 1815 1788 1037 1818 1791 1040 1816 1789 1038 1817 1790 1039 1817 1790 1039 1815 1788 1037 1819 1792 1041 1820 1793 1042 1817 1790 1039 1819 1792 1041 1818 1791 1040 1817 1790 1039 1820 1793 1042 1820 1793 1042 1819 1792 1041 1821 1794 1043 1822 1795 1044 1820 1793 1042 1821 1794 1043 1823 1796 1045 1820 1793 1042 1822 1795 1044 1823 1796 1045 1818 1791 1040 1820 1793 1042 1824 1797 1046 1823 1796 1045 1822 1795 1044 1822 1795 1044 1821 1794 1043 1728 1703 958 1727 1702 957 1822 1795 1044 1728 1703 958 1824 1797 1046 1822 1795 1044 1727 1702 957 1729 1704 959 1824 1797 1046 1727 1702 957 1827 1800 867 1826 1799 868 1825 1798 866 1828 1801 869 1826 1799 868 1827 1800 867 1825 1798 866 1829 1802 870 1827 1800 867 1830 1803 871 1829 1802 870 1825 1798 866 1829 1802 870 1831 1804 872 1827 1800 867 1832 1805 873 1827 1800 867 1831 1804 872 1828 1801 869 1827 1800 867 1832 1805 873 1825 1798 866 1833 1806 874 1830 1803 871 1834 1807 875 1833 1806 874 1825 1798 866 1826 1799 868 1835 1808 876 1825 1798 866 1835 1808 876 1834 1807 875 1825 1798 866 1828 1801 869 1832 1805 873 1836 1809 877 1832 1805 873 1837 1810 878 1836 1809 877 1838 1811 879 1836 1809 877 1837 1810 878 1829 1802 870 1839 1812 880 1831 1804 872 1840 1813 881 1839 1812 880 1829 1802 870 1830 1803 871 1840 1813 881 1829 1802 870 1841 1814 882 1840 1813 881 1830 1803 871 1841 1814 882 1830 1803 871 1842 1815 883 1833 1806 874 1842 1815 883 1830 1803 871 1843 1816 884 1838 1811 879 1837 1810 878 1843 1816 884 1837 1810 878 1844 1817 885 1837 1810 878 1832 1805 873 1844 1817 885 1845 1818 886 1843 1816 884 1844 1817 885 1843 1816 884 1846 1819 887 1838 1811 879 1847 1820 888 1846 1819 887 1843 1816 884 1845 1818 886 1847 1820 888 1843 1816 884 1846 1819 887 1848 1821 889 1838 1811 879 1838 1811 879 1848 1821 889 1836 1809 877 1848 1821 889 1849 1822 890 1836 1809 877 1836 1809 877 1849 1822 890 1828 1801 869 1849 1822 890 1850 1823 891 1828 1801 869 1841 1814 882 1851 1824 892 1840 1813 881 1852 1825 893 1851 1824 892 1841 1814 882 1842 1815 883 1852 1825 893 1841 1814 882 1851 1824 892 1853 1826 894 1840 1813 881 1854 1827 895 1839 1812 880 1840 1813 881 1853 1826 894 1854 1827 895 1840 1813 881 1855 1828 896 1852 1825 893 1842 1815 883 1856 1829 897 1855 1828 896 1842 1815 883 1856 1829 897 1842 1815 883 1857 1830 910 1857 1830 910 1842 1815 883 1833 1806 874 1858 1831 909 1857 1830 910 1833 1806 874 1859 1832 907 1858 1831 909 1833 1806 874 1859 1832 907 1833 1806 874 1860 1833 906 1861 1834 908 1859 1832 907 1860 1833 906 1862 1835 911 1856 1829 897 1857 1830 910 1860 1833 906 1833 1806 874 1834 1807 875 1863 1647 905 1860 1833 906 1834 1807 875 1864 1645 903 1863 1647 905 1834 1807 875 1864 1645 903 1834 1807 875 1865 1836 902 1866 1646 904 1864 1645 903 1865 1836 902 1865 1836 902 1834 1807 875 1835 1808 876 1865 1836 902 1835 1808 876 1867 1837 901 1835 1808 876 1868 1838 899 1867 1837 901 1835 1808 876 1869 1839 898 1868 1838 899 1835 1808 876 1826 1799 868 1869 1839 898 1869 1839 898 1870 1840 900 1868 1838 899 1826 1799 868 1850 1823 891 1869 1839 898 1828 1801 869 1850 1823 891 1826 1799 868 1871 1647 1027 1863 1647 905 1864 1645 903 1872 1841 903 1871 1647 1027 1864 1645 903 1872 1841 903 1864 1645 903 1866 1646 904 1873 1842 1027 1871 1647 1027 1872 1841 903 1874 1843 1026 1873 1842 1027 1872 1841 903 1874 1843 1026 1872 1841 903 1875 1844 904 1875 1844 904 1872 1841 903 1866 1646 904 1876 1845 1028 1874 1843 1026 1875 1844 904 1877 1846 1025 1873 1842 1027 1874 1843 1026 1878 1847 1024 1877 1846 1025 1874 1843 1026 1878 1847 1024 1874 1843 1026 1876 1845 1028 1879 1848 1023 1877 1846 1025 1878 1847 1024 1879 1848 1023 1878 1847 1024 1880 1849 1022 1880 1849 1022 1878 1847 1024 1876 1845 1028 1868 1838 899 1870 1840 900 1881 1850 1033 1868 1838 899 1881 1850 1033 1882 1851 1034 1882 1851 1034 1881 1850 1033 1883 1852 1034 1881 1850 1033 1884 1853 1033 1883 1852 1034 1881 1850 1033 1885 1854 1035 1884 1853 1033 1885 1854 1035 1886 1855 1036 1884 1853 1033 1883 1852 1034 1884 1853 1033 1887 1856 1032 1884 1853 1033 1888 1857 1031 1887 1856 1032 1884 1853 1033 1886 1855 1036 1888 1857 1031 1889 1858 1030 1887 1856 1032 1888 1857 1031 1889 1858 1030 1888 1857 1031 1890 1859 1029 1886 1855 1036 1890 1859 1029 1888 1857 1031 1867 1837 901 1868 1838 899 1882 1851 1034 1870 1840 900 1885 1854 1035 1881 1850 1033 1893 1862 928 1892 1861 929 1891 1860 927 1894 1863 930 1892 1861 929 1893 1862 928 1892 1861 929 1894 1863 930 1895 1864 931 1892 1861 929 1896 1865 932 1891 1860 927 1897 1866 933 1896 1865 932 1892 1861 929 1892 1861 929 1895 1864 931 1897 1866 933 1897 1866 933 1895 1864 931 1898 1867 934 1899 1868 935 1893 1862 928 1891 1860 927 1899 1868 935 1891 1860 927 1900 1869 936 1896 1865 932 1900 1869 936 1891 1860 927 1901 1870 937 1899 1868 935 1900 1869 936 1902 1871 938 1899 1868 935 1901 1870 937 1903 1872 939 1902 1871 938 1901 1870 937 1904 1873 940 1896 1865 932 1897 1866 933 1905 1874 941 1897 1866 933 1898 1867 934 1906 1875 942 1900 1869 936 1896 1865 932 1906 1875 942 1896 1865 932 1904 1873 940 1899 1868 935 1907 1876 943 1893 1862 928 1902 1871 938 1907 1876 943 1899 1868 935 1907 1876 943 1908 1877 944 1893 1862 928 1908 1877 944 1909 1878 991 1893 1862 928 1910 1879 945 1905 1874 941 1898 1867 934 1898 1867 934 1911 1880 946 1910 1879 945 1911 1880 946 1898 1867 934 1912 1881 947 1911 1880 946 1912 1881 947 1913 1882 948 1912 1881 947 1914 1883 949 1913 1882 948 1914 1883 949 1915 1884 950 1913 1882 948 1916 1885 951 1911 1880 946 1913 1882 948 1917 1886 952 1911 1880 946 1916 1885 951 1910 1879 945 1911 1880 946 1917 1886 952 1912 1881 947 1895 1864 931 1914 1883 949 1912 1881 947 1898 1867 934 1895 1864 931 1914 1883 949 1895 1864 931 1894 1863 930 1918 1887 953 1908 1877 944 1907 1876 943 1919 1888 954 1918 1887 953 1907 1876 943 1902 1871 938 1919 1888 954 1907 1876 943 1919 1888 954 1902 1871 938 1903 1872 939 1920 1889 955 1919 1888 954 1903 1872 939 1921 1890 956 1919 1888 954 1920 1889 955 1918 1887 953 1919 1888 954 1921 1890 956 1914 1883 949 1922 1891 999 1915 1884 950 1914 1883 949 1894 1863 930 1922 1891 999 1894 1863 930 1923 1892 997 1922 1891 999 1922 1891 999 1923 1892 997 1924 1893 998 1923 1892 997 1925 1894 996 1924 1893 998 1925 1894 996 1923 1892 997 1926 1895 993 1926 1895 993 1923 1892 997 1894 1863 930 1927 1896 995 1925 1894 996 1926 1895 993 1928 1897 994 1927 1896 995 1926 1895 993 1929 1898 992 1928 1897 994 1926 1895 993 1922 1891 999 1924 1893 998 1930 1899 1000 1924 1893 998 1931 1900 1001 1930 1899 1000 1922 1891 999 1930 1899 1000 1915 1884 950 1929 1898 992 1926 1895 993 1893 1862 928 1909 1878 991 1929 1898 992 1893 1862 928 1893 1862 928 1926 1895 993 1894 1863 930 1832 1805 873 1932 1901 1002 1844 1817 885 1832 1805 873 1933 1902 1003 1932 1901 1002 1832 1805 873 1934 1903 1004 1933 1902 1003 1933 1902 1003 1934 1903 1004 1935 1904 1005 1934 1903 1004 1936 1905 1006 1935 1904 1005 1936 1905 1006 1934 1903 1004 1937 1906 1007 1938 1907 1008 1936 1905 1006 1937 1906 1007 1937 1906 1007 1939 1908 1009 1938 1907 1008 1939 1908 1009 1940 1909 1010 1938 1907 1008 1933 1902 1003 1935 1904 1005 1941 1910 1011 1933 1902 1003 1941 1910 1011 1932 1901 1002 1935 1904 1005 1942 1911 1012 1941 1910 1011 1854 1827 895 1939 1908 1009 1937 1906 1007 1839 1812 880 1854 1827 895 1937 1906 1007 1937 1906 1007 1934 1903 1004 1839 1812 880 1934 1903 1004 1831 1804 872 1839 1812 880 1831 1804 872 1934 1903 1004 1832 1805 873 1944 1913 969 1904 1873 940 1943 1912 965 1945 1914 968 1944 1913 969 1943 1912 965 1946 1915 966 1945 1914 968 1943 1912 965 1946 1915 966 1943 1912 965 1947 1916 964 1947 1916 964 1943 1912 965 1905 1874 941 1948 1917 967 1946 1915 966 1947 1916 964 1904 1873 940 1944 1913 969 1949 1918 970 1950 1919 971 1904 1873 940 1949 1918 970 1904 1873 940 1950 1919 971 1951 1920 972 1906 1875 942 1904 1873 940 1951 1920 972 1952 1921 963 1947 1916 964 1905 1874 941 1953 1922 961 1952 1921 963 1905 1874 941 1953 1922 961 1905 1874 941 1954 1923 960 1954 1923 960 1905 1874 941 1910 1879 945 1955 1924 962 1953 1922 961 1954 1923 960 1956 1925 959 1954 1923 960 1910 1879 945 1957 1926 957 1956 1925 959 1910 1879 945 1957 1926 957 1910 1879 945 1917 1886 952 1958 1927 958 1957 1926 957 1917 1886 952 1959 1928 1044 1957 1926 957 1958 1927 958 1960 1929 1043 1959 1928 1044 1958 1927 958 1961 1930 1042 1959 1928 1044 1960 1929 1043 1962 1931 1041 1961 1930 1042 1960 1929 1043 1961 1930 1042 1963 1932 1045 1959 1928 1044 1963 1932 1045 1964 1933 1046 1959 1928 1044 1964 1933 1046 1956 1925 959 1957 1926 957 1959 1928 1044 1964 1933 1046 1957 1926 957 1965 1934 1039 1961 1930 1042 1962 1931 1041 1966 1935 1037 1965 1934 1039 1962 1931 1041 1967 1936 1038 1965 1934 1039 1966 1935 1037 1967 1936 1038 1968 1937 1040 1965 1934 1039 1968 1937 1040 1963 1932 1045 1961 1930 1042 1965 1934 1039 1968 1937 1040 1961 1930 1042 1969 1938 973 1953 1922 961 1955 1924 962 1969 1938 973 1970 1939 978 1953 1922 961 1971 1940 977 1970 1939 978 1969 1938 973 1972 1941 975 1971 1940 977 1969 1938 973 1972 1941 975 1969 1938 973 1973 1719 974 1974 1942 976 1972 1941 975 1973 1719 974 1975 1943 979 1972 1941 975 1974 1942 976 1976 1944 980 1975 1943 979 1974 1942 976 1977 1945 981 1975 1943 979 1976 1944 980 1977 1945 981 1978 1946 982 1975 1943 979 1978 1946 982 1971 1940 977 1972 1941 975 1975 1943 979 1978 1946 982 1972 1941 975 1973 1719 974 1969 1938 973 1955 1924 962 1970 1939 978 1952 1921 963 1953 1922 961 1981 1949 1014 1980 1948 1015 1979 1947 1013 1981 1949 1014 1982 1950 1016 1980 1948 1015 1979 1947 1013 1980 1948 1015 1983 1951 1017 1980 1948 1015 1984 1952 1018 1983 1951 1017 1980 1948 1015 1982 1950 1016 1984 1952 1018 1983 1951 1017 1984 1952 1018 1985 1719 1019 1984 1952 1018 1986 1953 1018 1985 1719 1019 1984 1952 1018 1987 1954 1020 1986 1953 1018 1982 1950 1016 1987 1954 1020 1984 1952 1018 1987 1954 1020 1988 1955 1021 1986 1953 1018 1985 1719 1019 1986 1953 1018 1948 1917 967 1986 1953 1018 1946 1915 966 1948 1917 967 1986 1953 1018 1988 1955 1021 1946 1915 966 1988 1955 1021 1945 1914 968 1946 1915 966 1991 1958 989 1990 1957 988 1989 1956 987 1991 1958 989 1992 1959 990 1990 1957 988 1990 1957 988 1993 1960 984 1989 1956 987 1993 1960 984 1990 1957 988 1992 1959 990 1993 1960 984 1994 1961 986 1989 1956 987 1993 1960 984 1995 1962 984 1994 1961 986 1995 1962 984 1996 1963 970 1994 1961 986 1995 1962 984 1993 1960 984 1997 1964 985 1997 1964 985 1993 1960 984 1992 1959 990 1998 1965 983 1995 1962 984 1997 1964 985 1995 1962 984 1950 1919 971 1996 1963 970 1950 1919 971 1995 1962 984 1998 1965 983 1950 1919 971 1949 1918 970 1996 1963 970 1951 1920 972 1950 1919 971 1998 1965 983 2001 1968 925 2000 1967 924 1999 1966 926 2001 1968 925 2002 1969 923 2000 1967 924 2000 1967 924 2002 1969 923 2003 1970 921 2002 1969 923 2004 1647 920 2003 1970 921 2003 1970 921 2004 1647 920 2005 1971 919 2004 1647 920 2006 1972 918 2005 1971 919 2003 1970 921 2005 1971 919 2007 1973 908 2008 1974 922 2003 1970 921 2007 1973 908 2000 1967 924 2003 1970 921 2008 1974 922 1999 1966 926 2000 1967 924 2008 1974 922 2005 1971 919 2006 1972 918 1859 1832 907 2006 1972 918 1858 1831 909 1859 1832 907 2005 1971 919 1859 1832 907 1861 1834 908 2007 1973 908 2005 1971 919 1861 1834 908 2011 1977 916 2010 1976 915 2009 1975 917 2011 1977 916 2012 1978 914 2010 1976 915 2010 1976 915 2012 1978 914 2013 1979 912 2012 1978 914 2014 1980 896 2013 1979 912 2013 1979 912 2014 1980 896 2015 1981 897 2014 1980 896 2016 1982 896 2015 1981 897 2013 1979 912 2015 1981 897 2017 1983 913 2018 1984 913 2013 1979 912 2017 1983 913 2010 1976 915 2013 1979 912 2018 1984 913 2009 1975 917 2010 1976 915 2018 1984 913 2015 1981 897 2016 1982 896 1856 1829 897 2016 1982 896 1855 1828 896 1856 1829 897 2015 1981 897 1856 1829 897 1862 1835 911 2017 1983 913 2015 1981 897 1862 1835 911 1905 1874 941 1943 1912 965 1897 1866 933 1943 1912 965 1904 1873 940 1897 1866 933 2021 1987 1049 2020 1986 1048 2019 1985 1047 2022 1988 1050 2021 1987 1049 2019 1985 1047 2021 1987 1049 2023 1989 1051 2020 1986 1048 2023 1989 1051 2024 1990 1052 2020 1986 1048 2023 1989 1051 2025 1991 1053 2024 1990 1052 2025 1991 1053 2026 1992 1054 2024 1990 1052 2025 1991 1053 2027 1993 1055 2026 1992 1054 2027 1993 1055 2028 1994 1056 2026 1992 1054 2021 1987 1049 2022 1988 1050 2029 1995 1057 2030 1996 1058 2021 1987 1049 2029 1995 1057 2023 1989 1051 2021 1987 1049 2030 1996 1058 2031 1997 1059 2023 1989 1051 2030 1996 1058 2032 1998 1060 2027 1993 1055 2025 1991 1053 2033 1999 1061 2025 1991 1053 2023 1989 1051 2031 1997 1059 2033 1999 1061 2023 1989 1051 2032 1998 1060 2025 1991 1053 2033 1999 1061 2032 1998 1060 2033 1999 1061 2034 2000 1062 2035 2001 1063 2032 1998 1060 2034 2000 1062 2036 2002 1064 2034 2000 1062 2033 1999 1061 2031 1997 1059 2036 2002 1064 2033 1999 1061 2036 2002 1064 2031 1997 1059 2037 2003 1065 2037 2003 1065 2031 1997 1059 2030 1996 1058 2035 2001 1063 2038 2004 1066 2032 1998 1060 2038 2004 1066 2039 2005 1067 2032 1998 1060 2032 1998 1060 2039 2005 1067 2027 1993 1055 2040 2006 1068 2037 2003 1065 2030 1996 1058 2040 2006 1068 2030 1996 1058 2029 1995 1057 2041 2007 1069 2040 2006 1068 2029 1995 1057 2044 2010 1049 2043 2009 1050 2042 2008 1047 2045 2011 1048 2044 2010 1049 2042 2008 1047 2046 2012 1051 2044 2010 1049 2045 2011 1048 2047 2013 1052 2046 2012 1051 2045 2011 1048 2048 2014 1053 2046 2012 1051 2047 2013 1052 2049 2015 1054 2048 2014 1053 2047 2013 1052 2050 2016 1055 2048 2014 1053 2049 2015 1054 2051 2017 1056 2050 2016 1055 2049 2015 1054 2043 2009 1050 2044 2010 1049 2052 2018 1057 2044 2010 1049 2053 2019 1058 2052 2018 1057 2044 2010 1049 2046 2012 1051 2053 2019 1058 2046 2012 1051 2054 2020 1059 2053 2019 1058 2050 2016 1055 2055 2021 1060 2048 2014 1053 2056 2022 1061 2054 2020 1059 2046 2012 1051 2048 2014 1053 2056 2022 1061 2046 2012 1051 2048 2014 1053 2055 2021 1060 2056 2022 1061 2056 2022 1061 2055 2021 1060 2057 2023 1062 2055 2021 1060 2058 2024 1063 2057 2023 1062 2059 2025 1064 2054 2020 1059 2056 2022 1061 2057 2023 1062 2059 2025 1064 2056 2022 1061 2054 2020 1059 2059 2025 1064 2060 2026 1065 2054 2020 1059 2060 2026 1065 2053 2019 1058 2061 2027 1066 2058 2024 1063 2055 2021 1060 2062 2028 1067 2061 2027 1066 2055 2021 1060 2062 2028 1067 2055 2021 1060 2050 2016 1055 2060 2026 1065 2063 2029 1068 2053 2019 1058 2053 2019 1058 2063 2029 1068 2052 2018 1057 2063 2029 1068 2064 2030 1069 2052 2018 1057 2067 2033 1072 2066 2032 1071 2065 2031 1070 2068 2034 1073 2067 2033 1072 2065 2031 1070 2069 2035 1074 2067 2033 1072 2068 2034 1073 2069 2035 1074 2070 2036 1075 2067 2033 1072 2070 2036 1075 2071 2037 1076 2067 2033 1072 2067 2033 1072 2071 2037 1076 2072 2038 1077 2067 2033 1072 2072 2038 1077 2073 2039 1078 2074 2040 1079 2067 2033 1072 2073 2039 1078 2075 2041 1080 2074 2040 1079 2073 2039 1078 2076 2042 1081 2075 2041 1080 2073 2039 1078 2077 2043 1082 2075 2041 1080 2076 2042 1081 2077 2043 1082 2078 2044 1083 2075 2041 1080 2078 2044 1083 2079 2045 1084 2075 2041 1080 2075 2041 1080 2079 2045 1084 2080 2046 1085 2075 2041 1080 2080 2046 1085 2081 2047 1086 2082 2048 1087 2075 2041 1080 2081 2047 1086 2085 2051 1090 2084 2050 1089 2083 2049 1088 2083 2049 1088 2084 2050 1089 2086 2052 1091 2087 2053 1092 2084 2050 1089 2085 2051 1090 2085 2051 1090 2088 2054 1093 2087 2053 1092 2088 2054 1093 2089 2055 1094 2087 2053 1092 2089 2055 1094 2090 2056 1095 2087 2053 1092 2087 2053 1092 2090 2056 1095 2091 2057 1095 2087 2053 1092 2091 2057 1095 2065 2031 1070 2066 2032 1071 2087 2053 1092 2065 2031 1070 2094 2060 1072 2093 2059 1073 2092 2058 1070 2095 2061 1071 2094 2060 1072 2092 2058 1070 2094 2060 1072 2096 2062 1074 2093 2059 1073 2097 2063 1075 2096 2062 1074 2094 2060 1072 2098 2064 1076 2097 2063 1075 2094 2060 1072 2098 2064 1076 2094 2060 1072 2099 2065 1077 2099 2065 1077 2094 2060 1072 2100 2066 1078 2094 2060 1072 2101 2067 1079 2100 2066 1078 2101 2067 1079 2102 2068 1080 2100 2066 1078 2102 2068 1080 2103 2069 1081 2100 2066 1078 2102 2068 1080 2104 2070 1082 2103 2069 1081 2105 2071 1083 2104 2070 1082 2102 2068 1080 2106 2072 1084 2105 2071 1083 2102 2068 1080 2106 2072 1084 2102 2068 1080 2107 2073 1085 2107 2073 1085 2102 2068 1080 2108 2074 1086 2102 2068 1080 2109 2075 1087 2108 2074 1086 2110 2076 1092 2095 2061 1071 2092 2058 1070 2111 2077 1095 2110 2076 1092 2092 2058 1070 2112 2078 1095 2110 2076 1092 2111 2077 1095 2112 2078 1095 2113 2079 1094 2110 2076 1092 2113 2079 1094 2114 2080 1093 2110 2076 1092 2114 2080 1093 2115 2081 1090 2110 2076 1092 2116 2082 1089 2110 2076 1092 2115 2081 1090 2116 2082 1089 2115 2081 1090 2117 2083 1088 2116 2082 1089 2117 2083 1088 2118 2084 1091 2121 2087 1098 2120 2086 1097 2119 2085 1096 2122 2088 1099 2121 2087 1098 2119 2085 1096 2123 2089 1100 2121 2087 1098 2122 2088 1099 2121 2087 1098 2123 2089 1100 2124 2090 1101 2123 2089 1100 2125 2091 1102 2124 2090 1101 2125 2091 1102 2126 2092 1103 2124 2090 1101 2126 2092 1103 2127 2093 1104 2124 2090 1101 2127 2093 1104 2126 2092 1103 2128 2094 1105 2120 2086 1097 2129 2095 1106 2119 2085 1096 2129 2095 1106 2130 2096 1107 2119 2085 1096 2129 2095 1106 2131 2097 1107 2130 2096 1107 2131 2097 1107 2129 2095 1106 2132 2098 1108 2133 2099 1109 2131 2097 1107 2132 2098 1108 2134 2100 1110 2133 2099 1109 2132 2098 1108 2135 2101 1111 2134 2100 1110 2132 2098 1108 2136 2102 1112 2134 2100 1110 2135 2101 1111 2136 2102 1112 2135 2101 1111 2137 2103 1113 2138 2104 1114 2136 2102 1112 2137 2103 1113 2139 2105 1115 2127 2093 1104 2128 2094 1105 2139 2105 1115 2128 2094 1105 2140 2106 1116 2141 2107 1117 2139 2105 1115 2140 2106 1116 2142 2108 1118 2141 2107 1117 2140 2106 1116 2143 2109 1119 2141 2107 1117 2142 2108 1118 2141 2107 1117 2143 2109 1119 2144 2110 1120 2143 2109 1119 2145 2111 1121 2144 2110 1120 2145 2111 1121 2146 2112 1122 2144 2110 1120 2146 2112 1122 2147 2113 1123 2144 2110 1120 2147 2113 1123 2146 2112 1122 2148 2114 1124 2147 2113 1123 2148 2114 1124 2149 2115 1125 2150 2116 1126 2147 2113 1123 2149 2115 1125 2153 2119 1098 2152 2118 1099 2151 2117 1096 2154 2120 1097 2153 2119 1098 2151 2117 1096 2153 2119 1098 2155 2121 1100 2152 2118 1099 2155 2121 1100 2153 2119 1098 2156 2122 1101 2157 2123 1106 2154 2120 1097 2151 2117 1096 2158 2124 1107 2157 2123 1106 2151 2117 1096 2159 2125 1107 2157 2123 1106 2158 2124 1107 2157 2123 1106 2159 2125 1107 2160 2126 1108 2159 2125 1107 2161 2127 1109 2160 2126 1108 2161 2127 1109 2162 2128 1110 2160 2126 1108 2162 2128 1110 2163 2129 1111 2160 2126 1108 2162 2128 1110 2164 2130 1112 2163 2129 1111 2163 2129 1111 2164 2130 1112 2165 2131 1113 2164 2130 1112 2166 2132 1114 2165 2131 1113 2169 2135 1117 2168 2134 1118 2167 2133 1116 2170 2136 1115 2169 2135 1117 2167 2133 1116 2169 2135 1117 2171 2137 1119 2168 2134 1118 2171 2137 1119 2169 2135 1117 2172 2138 1120 2173 2139 1121 2171 2137 1119 2172 2138 1120 2174 2140 1122 2173 2139 1121 2172 2138 1120 2175 2141 1123 2174 2140 1122 2172 2138 1120 2174 2140 1122 2175 2141 1123 2176 2142 1124 2176 2142 1124 2175 2141 1123 2177 2143 1125 2175 2141 1123 2178 2144 1126 2177 2143 1125 2179 2145 1105 2170 2136 1115 2167 2133 1116 2179 2145 1105 2180 2146 1104 2170 2136 1115 2181 2147 1103 2180 2146 1104 2179 2145 1105 2180 2146 1104 2181 2147 1103 2182 2148 1101 2185 2151 1129 2184 2150 1128 2183 2149 1127 2186 2152 1130 2185 2151 1129 2183 2149 1127 2183 2149 1127 2184 2150 1128 2187 2153 1131 2184 2150 1128 2188 2154 1132 2187 2153 1131 2187 2153 1131 2188 2154 1132 2189 2155 1133 2189 2155 1133 2188 2154 1132 2190 2156 1134 2190 2156 1134 2188 2154 1132 2191 2157 1135 2188 2154 1132 2192 2158 1136 2191 2157 1135 2191 2157 1135 2192 2158 1136 2193 2159 1137 2192 2158 1136 2194 2160 1138 2193 2159 1137 2195 2161 1139 2189 2155 1133 2190 2156 1134 2196 2162 1140 2195 2161 1139 2190 2156 1134 2196 2162 1140 2190 2156 1134 2191 2157 1135 2197 2163 1141 2187 2153 1131 2189 2155 1133 2195 2161 1139 2197 2163 1141 2189 2155 1133 2198 2164 1142 2183 2149 1127 2187 2153 1131 2197 2163 1141 2198 2164 1142 2187 2153 1131 2199 2165 1143 2186 2152 1130 2183 2149 1127 2198 2164 1142 2199 2165 1143 2183 2149 1127 2191 2157 1135 2193 2159 1137 2200 2166 1144 2201 2167 1145 2191 2157 1135 2200 2166 1144 2201 2167 1145 2196 2162 1140 2191 2157 1135 2202 2168 1146 2199 2165 1143 2198 2164 1142 2203 2169 1147 2202 2168 1146 2198 2164 1142 2203 2169 1147 2198 2164 1142 2197 2163 1141 2204 2170 1148 2203 2169 1147 2197 2163 1141 2204 2170 1148 2197 2163 1141 2195 2161 1139 2204 2170 1148 2195 2161 1139 2196 2162 1140 2204 2170 1148 2196 2162 1140 2201 2167 1145 2205 2171 1149 2204 2170 1148 2201 2167 1145 2205 2171 1149 2201 2167 1145 2200 2166 1144 2206 2172 1150 2205 2171 1149 2200 2166 1144 2209 2175 1153 2208 2174 1152 2207 2173 1151 2209 2175 1153 2207 2173 1151 2210 2176 1154 2207 2173 1151 2211 2177 1155 2210 2176 1154 2211 2177 1155 2212 2178 1156 2210 2176 1154 2210 2176 1154 2212 2178 1156 2213 2179 1157 2212 2178 1156 2214 2180 1158 2213 2179 1157 2212 2178 1156 2215 2181 1159 2214 2180 1158 2216 2182 1160 2209 2175 1153 2210 2176 1154 2217 2183 1161 2215 2181 1159 2212 2178 1156 2211 2177 1155 2207 2173 1151 2218 2184 1162 2219 2185 1163 2218 2184 1162 2207 2173 1151 2219 2185 1163 2207 2173 1151 2208 2174 1152 2220 2186 1164 2211 2177 1155 2218 2184 1162 2220 2186 1164 2217 2183 1161 2212 2178 1156 2212 2178 1156 2211 2177 1155 2220 2186 1164 2209 2175 1153 2221 2187 1165 2208 2174 1152 2219 2185 1163 2208 2174 1152 2221 2187 1165 2222 2188 1166 2219 2185 1163 2221 2187 1165 2219 2185 1163 2222 2188 1166 2218 2184 1162 2222 2188 1166 2223 2189 1167 2218 2184 1162 2218 2184 1162 2223 2189 1167 2220 2186 1164 2226 2192 1170 2225 2191 1169 2224 2190 1168 2226 2192 1170 2224 2190 1168 2227 2193 1171 2224 2190 1168 2228 2194 1172 2227 2193 1171 2228 2194 1172 2229 2195 1173 2227 2193 1171 2230 2196 1174 2226 2192 1170 2227 2193 1171 2227 2193 1171 2229 2195 1173 2231 2197 1175 2229 2195 1173 2232 2198 1176 2231 2197 1175 2229 2195 1173 2233 2199 1177 2232 2198 1176 2234 2200 1178 2224 2190 1168 2225 2191 1169 2234 2200 1178 2235 2201 1179 2224 2190 1168 2228 2194 1172 2224 2190 1168 2235 2201 1179 2235 2201 1179 2236 2202 1180 2228 2194 1172 2236 2202 1180 2229 2195 1173 2228 2194 1172 2236 2202 1180 2237 2203 1181 2229 2195 1173 2237 2203 1181 2233 2199 1177 2229 2195 1173 2240 2206 1152 2239 2205 1153 2238 2204 1151 2238 2204 1151 2239 2205 1153 2241 2207 1154 2242 2208 1155 2238 2204 1151 2241 2207 1154 2243 2209 1156 2242 2208 1155 2241 2207 1154 2243 2209 1156 2241 2207 1154 2244 2210 1157 2245 2211 1158 2243 2209 1156 2244 2210 1157 2246 2212 1159 2243 2209 1156 2245 2211 1158 2239 2205 1153 2247 2213 1160 2241 2207 1154 2246 2212 1159 2248 2214 1161 2243 2209 1156 2238 2204 1151 2242 2208 1155 2249 2215 1162 2249 2215 1162 2250 2216 1163 2238 2204 1151 2238 2204 1151 2250 2216 1163 2240 2206 1152 2248 2214 1161 2251 2217 1164 2243 2209 1156 2242 2208 1155 2243 2209 1156 2251 2217 1164 2249 2215 1162 2242 2208 1155 2251 2217 1164 2251 2217 1164 2252 2218 1167 2249 2215 1162 2253 2219 1165 2239 2205 1153 2240 2206 1152 2240 2206 1152 2250 2216 1163 2253 2219 1165 2250 2216 1163 2254 2220 1166 2253 2219 1165 2254 2220 1166 2250 2216 1163 2249 2215 1162 2252 2218 1167 2254 2220 1166 2249 2215 1162 2257 2223 1169 2256 2222 1170 2255 2221 1168 2255 2221 1168 2256 2222 1170 2258 2224 1171 2259 2225 1172 2255 2221 1168 2258 2224 1171 2260 2226 1173 2259 2225 1172 2258 2224 1171 2256 2222 1170 2261 2227 1174 2258 2224 1171 2260 2226 1173 2258 2224 1171 2262 2228 1175 2263 2229 1176 2260 2226 1173 2262 2228 1175 2264 2230 1177 2260 2226 1173 2263 2229 1176 2255 2221 1168 2265 2231 1178 2257 2223 1169 2266 2232 1179 2265 2231 1178 2255 2221 1168 2255 2221 1168 2259 2225 1172 2266 2232 1179 2267 2233 1180 2266 2232 1179 2259 2225 1172 2260 2226 1173 2267 2233 1180 2259 2225 1172 2268 2234 1181 2267 2233 1180 2260 2226 1173 2264 2230 1177 2268 2234 1181 2260 2226 1173 2271 2237 830 2270 2236 831 2269 2235 826 2272 2238 827 2271 2237 830 2269 2235 826 2269 2235 826 2270 2236 831 2273 2239 825 2270 2236 831 2274 2240 832 2273 2239 825 2273 2239 825 2274 2240 832 2275 2241 823 2275 2241 823 2274 2240 832 2276 2242 824 2276 2242 824 2274 2240 832 2277 2243 829 2274 2240 832 2278 2244 833 2277 2243 829 2277 2243 829 2278 2244 833 2279 2245 828 2278 2244 833 2280 2246 834 2279 2245 828 2281 2247 817 2275 2241 823 2276 2242 824 2282 2248 818 2281 2247 817 2276 2242 824 2282 2248 818 2276 2242 824 2277 2243 829 2283 2249 815 2273 2239 825 2275 2241 823 2281 2247 817 2283 2249 815 2275 2241 823 2284 2250 1182 2269 2235 826 2273 2239 825 2283 2249 815 2284 2250 1182 2273 2239 825 2285 2251 813 2272 2238 827 2269 2235 826 2284 2250 1182 2285 2251 813 2269 2235 826 2277 2243 829 2279 2245 828 2286 2252 821 2287 2253 819 2277 2243 829 2286 2252 821 2287 2253 819 2282 2248 818 2277 2243 829 2288 2254 814 2285 2251 813 2284 2250 1182 2289 2255 812 2288 2254 814 2284 2250 1182 2289 2255 812 2284 2250 1182 2283 2249 815 2290 2256 816 2289 2255 812 2283 2249 815 2290 2256 816 2283 2249 815 2281 2247 817 2290 2256 816 2281 2247 817 2282 2248 818 2290 2256 816 2282 2248 818 2287 2253 819 2291 2257 820 2290 2256 816 2287 2253 819 2291 2257 820 2287 2253 819 2286 2252 821 2292 2258 822 2291 2257 820 2286 2252 821 2295 2261 836 2294 2260 837 2293 2259 835 2295 2261 836 2293 2259 835 2296 2262 838 2293 2259 835 2297 2263 839 2296 2262 838 2297 2263 839 2298 2264 840 2296 2262 838 2296 2262 838 2298 2264 840 2299 2265 841 2298 2264 840 2300 2266 842 2299 2265 841 2298 2264 840 2301 2267 843 2300 2266 842 2302 2268 844 2295 2261 836 2296 2262 838 2303 2269 845 2301 2267 843 2298 2264 840 2297 2263 839 2293 2259 835 2304 2270 846 2305 2271 847 2304 2270 846 2293 2259 835 2305 2271 847 2293 2259 835 2294 2260 837 2306 2272 848 2297 2263 839 2304 2270 846 2306 2272 848 2303 2269 845 2298 2264 840 2298 2264 840 2297 2263 839 2306 2272 848 2295 2261 836 2307 2273 849 2294 2260 837 2305 2271 847 2294 2260 837 2307 2273 849 2308 2274 850 2305 2271 847 2307 2273 849 2305 2271 847 2308 2274 850 2304 2270 846 2308 2274 850 2309 2275 851 2304 2270 846 2304 2270 846 2309 2275 851 2306 2272 848 2312 2278 853 2311 2277 854 2310 2276 852 2312 2278 853 2310 2276 852 2313 2279 855 2310 2276 852 2314 2280 856 2313 2279 855 2314 2280 856 2315 2281 857 2313 2279 855 2316 2282 858 2312 2278 853 2313 2279 855 2313 2279 855 2315 2281 857 2317 2283 859 2315 2281 857 2318 2284 860 2317 2283 859 2315 2281 857 2319 2285 861 2318 2284 860 2320 2286 862 2310 2276 852 2311 2277 854 2320 2286 862 2321 2287 863 2310 2276 852 2314 2280 856 2310 2276 852 2321 2287 863 2321 2287 863 2322 2288 864 2314 2280 856 2322 2288 864 2315 2281 857 2314 2280 856 2322 2288 864 2323 2289 865 2315 2281 857 2323 2289 865 2319 2285 861 2315 2281 857 2326 2292 837 2325 2291 836 2324 2290 835 2324 2290 835 2325 2291 836 2327 2293 838 2328 2294 839 2324 2290 835 2327 2293 838 2329 2295 840 2328 2294 839 2327 2293 838 2329 2295 840 2327 2293 838 2330 2296 841 2331 2297 842 2329 2295 840 2330 2296 841 2332 2298 843 2329 2295 840 2331 2297 842 2325 2291 836 2333 2299 844 2327 2293 838 2332 2298 843 2334 2300 845 2329 2295 840 2324 2290 835 2328 2294 839 2335 2301 846 2335 2301 846 2336 2302 847 2324 2290 835 2324 2290 835 2336 2302 847 2326 2292 837 2334 2300 845 2337 2303 848 2329 2295 840 2328 2294 839 2329 2295 840 2337 2303 848 2335 2301 846 2328 2294 839 2337 2303 848 2337 2303 848 2338 2304 851 2335 2301 846 2339 2305 849 2325 2291 836 2326 2292 837 2326 2292 837 2336 2302 847 2339 2305 849 2336 2302 847 2340 2306 850 2339 2305 849 2340 2306 850 2336 2302 847 2335 2301 846 2338 2304 851 2340 2306 850 2335 2301 846 2343 2309 854 2342 2308 853 2341 2307 852 2341 2307 852 2342 2308 853 2344 2310 855 2345 2311 856 2341 2307 852 2344 2310 855 2346 2312 857 2345 2311 856 2344 2310 855 2342 2308 853 2347 2313 858 2344 2310 855 2346 2312 857 2344 2310 855 2348 2314 859 2349 2315 860 2346 2312 857 2348 2314 859 2350 2316 861 2346 2312 857 2349 2315 860 2341 2307 852 2351 2317 862 2343 2309 854 2352 2318 863 2351 2317 862 2341 2307 852 2341 2307 852 2345 2311 856 2352 2318 863 2353 2319 864 2352 2318 863 2345 2311 856 2346 2312 857 2353 2319 864 2345 2311 856 2354 2320 865 2353 2319 864 2346 2312 857 2350 2316 861 2354 2320 865 2346 2312 857 2357 2323 1146 2356 2322 1143 2355 2321 1142 2358 2324 1147 2357 2323 1146 2355 2321 1142 2358 2324 1147 2355 2321 1142 2359 2325 1141 2360 2326 1148 2358 2324 1147 2359 2325 1141 2360 2326 1148 2359 2325 1141 2361 2327 1139 2360 2326 1148 2361 2327 1139 2362 2328 1140 2360 2326 1148 2362 2328 1140 2363 2329 1145 2364 2330 1149 2360 2326 1148 2363 2329 1145 2364 2330 1149 2363 2329 1145 2365 2331 1144 2366 2246 1150 2364 2330 1149 2365 2331 1144 2361 2327 1139 2367 2332 1133 2362 2328 1140 2367 2332 1133 2368 2333 1134 2362 2328 1140 2362 2328 1140 2368 2333 1134 2363 2329 1145 2369 2334 1131 2367 2332 1133 2361 2327 1139 2359 2325 1141 2369 2334 1131 2361 2327 1139 2370 2335 1127 2369 2334 1131 2359 2325 1141 2355 2321 1142 2370 2335 1127 2359 2325 1141 2371 2336 1130 2370 2335 1127 2355 2321 1142 2356 2322 1143 2371 2336 1130 2355 2321 1142 2365 2331 1144 2363 2329 1145 2372 2337 1137 2363 2329 1145 2373 2338 1135 2372 2337 1137 2368 2333 1134 2373 2338 1135 2363 2329 1145 2371 2336 1130 2374 2339 1129 2370 2335 1127 2374 2339 1129 2375 2340 1128 2370 2335 1127 2370 2335 1127 2375 2340 1128 2369 2334 1131 2375 2340 1128 2376 2341 1132 2369 2334 1131 2369 2334 1131 2376 2341 1132 2367 2332 1133 2367 2332 1133 2376 2341 1132 2368 2333 1134 2368 2333 1134 2376 2341 1132 2373 2338 1135 2376 2341 1132 2377 2342 1136 2373 2338 1135 2373 2338 1135 2377 2342 1136 2372 2337 1137 2377 2342 1136 2378 2343 1138 2372 2337 1137 2381 2346 1152 2380 2345 1153 2379 2344 1151 2379 2344 1151 2380 2345 1153 2382 2347 1154 2383 2348 1155 2379 2344 1151 2382 2347 1154 2384 2349 1156 2383 2348 1155 2382 2347 1154 2384 2349 1156 2382 2347 1154 2385 2350 1157 2386 2351 1158 2384 2349 1156 2385 2350 1157 2387 2352 1159 2384 2349 1156 2386 2351 1158 2380 2345 1153 2388 2353 1160 2382 2347 1154 2387 2352 1159 2389 2354 1161 2384 2349 1156 2379 2344 1151 2383 2348 1155 2390 2355 1162 2390 2355 1162 2391 2356 1163 2379 2344 1151 2379 2344 1151 2391 2356 1163 2381 2346 1152 2383 2348 1155 2392 2357 1164 2390 2355 1162 2389 2354 1161 2392 2357 1164 2384 2349 1156 2383 2348 1155 2384 2349 1156 2392 2357 1164 2393 2358 1165 2380 2345 1153 2381 2346 1152 2381 2346 1152 2391 2356 1163 2393 2358 1165 2391 2356 1163 2394 2359 1166 2393 2358 1165 2394 2359 1166 2391 2356 1163 2390 2355 1162 2395 2360 1167 2394 2359 1166 2390 2355 1162 2395 2360 1167 2390 2355 1162 2392 2357 1164 2398 2363 1169 2397 2362 1170 2396 2361 1168 2396 2361 1168 2397 2362 1170 2399 2364 1171 2400 2365 1172 2396 2361 1168 2399 2364 1171 2401 2366 1173 2400 2365 1172 2399 2364 1171 2397 2362 1170 2402 2367 1174 2399 2364 1171 2401 2366 1173 2399 2364 1171 2403 2368 1175 2404 2369 1176 2401 2366 1173 2403 2368 1175 2405 2370 1177 2401 2366 1173 2404 2369 1176 2396 2361 1168 2406 2371 1178 2398 2363 1169 2407 2372 1179 2406 2371 1178 2396 2361 1168 2396 2361 1168 2400 2365 1172 2407 2372 1179 2408 2373 1180 2407 2372 1179 2400 2365 1172 2401 2366 1173 2408 2373 1180 2400 2365 1172 2409 2374 1181 2408 2373 1180 2401 2366 1173 2405 2370 1177 2409 2374 1181 2401 2366 1173 2412 2377 1153 2411 2376 1152 2410 2375 1151 2412 2377 1153 2410 2375 1151 2413 2378 1154 2410 2375 1151 2414 2379 1155 2413 2378 1154 2414 2379 1155 2415 2380 1156 2413 2378 1154 2413 2378 1154 2415 2380 1156 2416 2381 1157 2415 2380 1156 2417 2382 1158 2416 2381 1157 2415 2380 1156 2418 2383 1159 2417 2382 1158 2419 2384 1160 2412 2377 1153 2413 2378 1154 2420 2385 1161 2418 2383 1159 2415 2380 1156 2414 2379 1155 2410 2375 1151 2421 2386 1162 2422 2387 1163 2421 2386 1162 2410 2375 1151 2422 2387 1163 2410 2375 1151 2411 2376 1152 2423 2388 1164 2420 2385 1161 2415 2380 1156 2415 2380 1156 2414 2379 1155 2423 2388 1164 2414 2379 1155 2421 2386 1162 2423 2388 1164 2424 2389 1167 2423 2388 1164 2421 2386 1162 2412 2377 1153 2425 2390 1165 2411 2376 1152 2422 2387 1163 2411 2376 1152 2425 2390 1165 2426 2391 1166 2422 2387 1163 2425 2390 1165 2426 2391 1166 2424 2389 1167 2421 2386 1162 2422 2387 1163 2426 2391 1166 2421 2386 1162 2429 2394 1170 2428 2393 1169 2427 2392 1168 2429 2394 1170 2427 2392 1168 2430 2395 1171 2427 2392 1168 2431 2396 1172 2430 2395 1171 2431 2396 1172 2432 2397 1173 2430 2395 1171 2433 2398 1174 2429 2394 1170 2430 2395 1171 2430 2395 1171 2432 2397 1173 2434 2399 1175 2432 2397 1173 2435 2400 1176 2434 2399 1175 2432 2397 1173 2436 2401 1177 2435 2400 1176 2437 2402 1178 2427 2392 1168 2428 2393 1169 2437 2402 1178 2438 2403 1179 2427 2392 1168 2431 2396 1172 2427 2392 1168 2438 2403 1179 2438 2403 1179 2439 2404 1180 2431 2396 1172 2439 2404 1180 2432 2397 1173 2431 2396 1172 2439 2404 1180 2440 2405 1181 2432 2397 1173 2440 2405 1181 2436 2401 1177 2432 2397 1173 2443 939 830 2442 2407 831 2441 2406 826 2444 2408 827 2443 939 830 2441 2406 826 2441 2406 826 2442 2407 831 2445 2409 825 2442 2407 831 2446 2410 832 2445 2409 825 2445 2409 825 2446 2410 832 2447 2411 823 2447 2411 823 2446 2410 832 2448 2412 824 2448 2412 824 2446 2410 832 2449 2413 829 2446 2410 832 2450 2414 833 2449 2413 829 2449 2413 829 2450 2414 833 2451 2415 828 2450 2414 833 2452 2416 834 2451 2415 828 2453 2417 817 2447 2411 823 2448 2412 824 2454 2418 818 2453 2417 817 2448 2412 824 2454 2418 818 2448 2412 824 2449 2413 829 2455 2419 815 2445 2409 825 2447 2411 823 2453 2417 817 2455 2419 815 2447 2411 823 2456 2420 1182 2441 2406 826 2445 2409 825 2455 2419 815 2456 2420 1182 2445 2409 825 2457 2421 813 2444 2408 827 2441 2406 826 2456 2420 1182 2457 2421 813 2441 2406 826 2449 2413 829 2451 2415 828 2458 2422 821 2459 2423 819 2449 2413 829 2458 2422 821 2459 2423 819 2454 2418 818 2449 2413 829 2460 2424 814 2457 2421 813 2456 2420 1182 2461 2160 812 2460 2424 814 2456 2420 1182 2461 2160 812 2456 2420 1182 2455 2419 815 2462 2425 816 2461 2160 812 2455 2419 815 2462 2425 816 2455 2419 815 2453 2417 817 2462 2425 816 2453 2417 817 2454 2418 818 2462 2425 816 2454 2418 818 2459 2423 819 2463 2426 820 2462 2425 816 2459 2423 819 2463 2426 820 2459 2423 819 2458 2422 821 2464 2427 822 2463 2426 820 2458 2422 821 2467 2430 836 2466 2429 837 2465 2428 835 2467 2430 836 2465 2428 835 2468 2431 838 2465 2428 835 2469 2432 839 2468 2431 838 2469 2432 839 2470 2433 840 2468 2431 838 2468 2431 838 2470 2433 840 2471 2434 841 2470 2433 840 2472 2435 842 2471 2434 841 2470 2433 840 2473 2436 843 2472 2435 842 2474 2437 844 2467 2430 836 2468 2431 838 2475 2438 845 2473 2436 843 2470 2433 840 2469 2432 839 2465 2428 835 2476 2439 846 2477 2440 847 2465 2428 835 2466 2429 837 2477 2440 847 2476 2439 846 2465 2428 835 2478 2441 848 2475 2438 845 2470 2433 840 2470 2433 840 2469 2432 839 2478 2441 848 2478 2441 848 2469 2432 839 2476 2439 846 2467 2430 836 2479 2442 849 2466 2429 837 2477 2440 847 2466 2429 837 2479 2442 849 2480 2443 850 2477 2440 847 2479 2442 849 2477 2440 847 2480 2443 850 2476 2439 846 2476 2439 846 2481 2444 851 2478 2441 848 2480 2443 850 2481 2444 851 2476 2439 846 2484 2447 853 2483 2446 854 2482 2445 852 2484 2447 853 2482 2445 852 2485 2448 855 2482 2445 852 2486 2449 856 2485 2448 855 2486 2449 856 2487 2450 857 2485 2448 855 2488 2451 858 2484 2447 853 2485 2448 855 2485 2448 855 2487 2450 857 2489 2452 859 2487 2450 857 2490 2453 860 2489 2452 859 2487 2450 857 2491 2454 861 2490 2453 860 2492 2455 862 2482 2445 852 2483 2446 854 2486 2449 856 2482 2445 852 2493 2456 863 2492 2455 862 2493 2456 863 2482 2445 852 2493 2456 863 2494 2457 864 2486 2449 856 2494 2457 864 2487 2450 857 2486 2449 856 2495 2458 865 2491 2454 861 2487 2450 857 2494 2457 864 2495 2458 865 2487 2450 857 2498 2461 837 2497 2460 836 2496 2459 835 2496 2459 835 2497 2460 836 2499 2462 838 2500 2463 839 2496 2459 835 2499 2462 838 2501 2464 840 2500 2463 839 2499 2462 838 2501 2464 840 2499 2462 838 2502 2465 841 2503 2466 842 2501 2464 840 2502 2465 841 2504 2467 843 2501 2464 840 2503 2466 842 2497 2460 836 2505 2468 844 2499 2462 838 2504 2467 843 2506 2469 845 2501 2464 840 2496 2459 835 2500 2463 839 2507 2470 846 2496 2459 835 2508 2471 847 2498 2461 837 2507 2470 846 2508 2471 847 2496 2459 835 2506 2469 845 2509 2472 848 2501 2464 840 2507 2470 846 2500 2463 839 2509 2472 848 2500 2463 839 2501 2464 840 2509 2472 848 2509 2472 848 2510 2473 851 2507 2470 846 2498 2461 837 2508 2471 847 2511 2474 849 2511 2474 849 2497 2460 836 2498 2461 837 2508 2471 847 2512 2475 850 2511 2474 849 2512 2475 850 2508 2471 847 2507 2470 846 2510 2473 851 2512 2475 850 2507 2470 846 2515 2478 854 2514 2477 853 2513 2476 852 2513 2476 852 2514 2477 853 2516 2479 855 2517 2480 856 2513 2476 852 2516 2479 855 2518 2481 857 2517 2480 856 2516 2479 855 2514 2477 853 2519 2482 858 2516 2479 855 2518 2481 857 2516 2479 855 2520 2483 859 2521 2484 860 2518 2481 857 2520 2483 859 2522 2485 861 2518 2481 857 2521 2484 860 2513 2476 852 2523 2486 862 2515 2478 854 2524 2487 863 2523 2486 862 2513 2476 852 2513 2476 852 2517 2480 856 2524 2487 863 2525 2488 864 2524 2487 863 2517 2480 856 2518 2481 857 2525 2488 864 2517 2480 856 2522 2485 861 2526 2489 865 2518 2481 857 2526 2489 865 2525 2488 864 2518 2481 857 2529 2492 1185 2528 2491 1184 2527 2490 1183 2529 2492 1185 2530 2493 1186 2528 2491 1184 2531 2494 1187 2530 2493 1186 2529 2492 1185 2532 2495 1188 2531 2494 1187 2529 2492 1185 2527 2490 1183 2532 2495 1188 2529 2492 1185 2531 2494 1187 2533 2496 1189 2530 2493 1186 2533 2496 1189 2534 2497 1190 2530 2493 1186 2533 2496 1189 2535 2498 1191 2534 2497 1190 2530 2493 1186 2534 2497 1190 2536 2499 1192 2530 2493 1186 2536 2499 1192 2528 2491 1184 2534 2497 1190 2537 2500 1193 2536 2499 1192 2534 2497 1190 2538 2501 1194 2537 2500 1193 2535 2498 1191 2538 2501 1194 2534 2497 1190 2541 2504 1197 2540 2503 1196 2539 2502 1195 2542 2505 1198 2541 2504 1197 2539 2502 1195 2540 2503 1196 2543 2506 1199 2539 2502 1195 2543 2506 1199 2544 2507 1200 2539 2502 1195 2544 2507 1200 2545 2508 1201 2539 2502 1195 2546 2509 1202 2545 2508 1201 2544 2507 1200 2547 2509 1203 2546 2509 1202 2544 2507 1200 2550 2512 1184 2549 2511 1185 2548 2510 1183 2551 2513 1186 2549 2511 1185 2550 2512 1184 2551 2513 1186 2552 2514 1187 2549 2511 1185 2552 2514 1187 2553 2515 1188 2549 2511 1185 2553 2515 1188 2548 2510 1183 2549 2511 1185 2554 2516 1189 2552 2514 1187 2551 2513 1186 2555 2517 1190 2554 2516 1189 2551 2513 1186 2556 2518 1191 2554 2516 1189 2555 2517 1190 2555 2517 1190 2551 2513 1186 2557 2519 1192 2557 2519 1192 2551 2513 1186 2550 2512 1184 2558 2520 1193 2555 2517 1190 2557 2519 1192 2559 2521 1194 2555 2517 1190 2558 2520 1193 2559 2521 1194 2556 2518 1191 2555 2517 1190 2562 2524 1197 2561 2523 1198 2560 2522 1195 2563 2525 1196 2562 2524 1197 2560 2522 1195 2563 2525 1196 2560 2522 1195 2564 2526 1199 2560 2522 1195 2565 2527 1201 2564 2526 1199 2565 2527 1201 2566 2528 1200 2564 2526 1199 2565 2527 1201 2567 2529 1202 2566 2528 1200 2567 2529 1202 2568 2530 1203 2566 2528 1200 2571 2533 1206 2570 2532 1205 2569 2531 1204 2572 2534 1207 2571 2533 1206 2569 2531 1204 2573 2535 1208 2570 2532 1205 2571 2533 1206 2574 2536 1209 2573 2535 1208 2571 2533 1206 2574 2536 1209 2575 2537 1210 2573 2535 1208 2575 2537 1210 2576 2538 1211 2573 2535 1208 2575 2537 1210 2577 2539 1212 2576 2538 1211 2577 2539 1212 2578 2540 1213 2576 2538 1211 2577 2539 1212 2579 2541 1214 2578 2540 1213 2579 2541 1214 2580 2542 1215 2578 2540 1213 2579 2541 1214 2581 2543 1216 2580 2542 1215 2581 2543 1216 2582 2544 1217 2580 2542 1215 2581 2543 1216 2583 2545 1218 2582 2544 1217 2583 2545 1218 2584 2546 1219 2582 2544 1217 2583 2545 1218 2585 2547 1220 2584 2546 1219 2586 2548 1221 2585 2547 1220 2583 2545 1218 2589 2551 1207 2588 2550 1222 2587 2549 1206 2590 2552 1209 2587 2549 1206 2588 2550 1222 2591 2553 1223 2590 2552 1209 2588 2550 1222 2592 2554 1210 2590 2552 1209 2591 2553 1223 2593 2555 1224 2592 2554 1210 2591 2553 1223 2594 2556 1212 2592 2554 1210 2593 2555 1224 2595 2557 1225 2594 2556 1212 2593 2555 1224 2596 2558 1214 2594 2556 1212 2595 2557 1225 2597 2559 1226 2596 2558 1214 2595 2557 1225 2598 2560 1216 2596 2558 1214 2597 2559 1226 2599 2561 1227 2598 2560 1216 2597 2559 1226 2600 2562 1218 2598 2560 1216 2599 2561 1227 2601 2563 1228 2600 2562 1218 2599 2561 1227 2602 2564 1221 2600 2562 1218 2601 2563 1228 2591 2553 1223 2588 2550 1222 2603 2565 1205 2604 2566 1208 2591 2553 1223 2603 2565 1205 2593 2555 1224 2591 2553 1223 2604 2566 1208 2605 2567 1211 2593 2555 1224 2604 2566 1208 2595 2557 1225 2593 2555 1224 2605 2567 1211 2606 2568 1213 2595 2557 1225 2605 2567 1211 2597 2559 1226 2595 2557 1225 2606 2568 1213 2607 2569 1215 2597 2559 1226 2606 2568 1213 2599 2561 1227 2597 2559 1226 2607 2569 1215 2608 2570 1217 2599 2561 1227 2607 2569 1215 2601 2563 1228 2599 2561 1227 2608 2570 1217 2609 2571 1219 2601 2563 1228 2608 2570 1217 2610 2572 1220 2601 2563 1228 2609 2571 1219 2602 2564 1221 2601 2563 1228 2610 2572 1220 2611 2573 1204 2603 2565 1205 2588 2550 1222 2611 2573 1204 2588 2550 1222 2589 2551 1207 2614 2576 1231 2613 2575 1230 2612 2574 1229 2615 2577 1232 2614 2576 1231 2612 2574 1229 2615 2577 1232 2612 2574 1229 2616 2578 1233 2612 2574 1229 2617 2579 1234 2616 2578 1233 2614 2576 1231 2615 2577 1232 2618 2580 1235 2619 2581 1236 2614 2576 1231 2618 2580 1235 2619 2581 1236 2618 2580 1235 2620 2582 1237 2621 2583 1238 2619 2581 1236 2620 2582 1237 2620 2582 1237 2618 2580 1235 2622 2584 1239 2618 2580 1235 2623 2585 1240 2622 2584 1239 2615 2577 1232 2616 2578 1233 2623 2585 1240 2618 2580 1235 2615 2577 1232 2623 2585 1240 2620 2582 1237 2624 2586 1241 2621 2583 1238 2624 2586 1241 2625 2587 1242 2621 2583 1238 2626 2588 1243 2624 2586 1241 2620 2582 1237 2622 2584 1239 2626 2588 1243 2620 2582 1237 2629 2591 1246 2628 2590 1245 2627 2589 1244 2630 2592 1247 2629 2591 1246 2627 2589 1244 2629 2591 1246 2631 2593 1248 2628 2590 1245 2631 2593 1248 2632 2594 1249 2628 2590 1245 2629 2591 1246 2630 2592 1247 2633 2595 1250 2634 2596 1251 2629 2591 1246 2633 2595 1250 2631 2593 1248 2629 2591 1246 2634 2596 1251 2634 2596 1251 2633 2595 1250 2635 2597 1252 2636 2598 1253 2634 2596 1251 2635 2597 1252 2637 2599 1254 2634 2596 1251 2636 2598 1253 2637 2599 1254 2631 2593 1248 2634 2596 1251 2638 2600 1255 2637 2599 1254 2636 2598 1253 2633 2595 1250 2639 2601 1256 2635 2597 1252 2639 2601 1256 2640 2602 1257 2635 2597 1252 2638 2600 1255 2641 2603 1258 2637 2599 1254 2641 2603 1258 2642 2604 1259 2637 2599 1254 2645 2607 1246 2644 2606 1247 2643 2605 1244 2646 2608 1245 2645 2607 1246 2643 2605 1244 2647 2609 1248 2645 2607 1246 2646 2608 1245 2648 2610 1249 2647 2609 1248 2646 2608 1245 2644 2606 1247 2645 2607 1246 2649 2611 1250 2645 2607 1246 2650 2612 1251 2649 2611 1250 2645 2607 1246 2647 2609 1248 2650 2612 1251 2649 2611 1250 2650 2612 1251 2651 2613 1252 2650 2612 1251 2652 2614 1253 2651 2613 1252 2650 2612 1251 2653 2615 1254 2652 2614 1253 2647 2609 1248 2653 2615 1254 2650 2612 1251 2653 2615 1254 2654 2616 1255 2652 2614 1253 2655 2617 1256 2649 2611 1250 2651 2613 1252 2656 2618 1257 2655 2617 1256 2651 2613 1252 2657 2619 1258 2654 2616 1255 2653 2615 1254 2658 2620 1259 2657 2619 1258 2653 2615 1254 2661 2623 1230 2660 2622 1231 2659 2621 1232 2662 2624 1229 2661 2623 1230 2659 2621 1232 2662 2624 1229 2659 2621 1232 2663 2625 1234 2659 2621 1232 2664 2626 1233 2663 2625 1234 2659 2621 1232 2660 2622 1231 2665 2627 1235 2660 2622 1231 2666 2628 1236 2665 2627 1235 2665 2627 1235 2666 2628 1236 2667 2629 1237 2666 2628 1236 2668 2630 1238 2667 2629 1237 2665 2627 1235 2667 2629 1237 2669 2631 1240 2659 2621 1232 2665 2627 1235 2669 2631 1240 2664 2626 1233 2659 2621 1232 2669 2631 1240 2667 2629 1237 2670 2632 1239 2669 2631 1240 2671 2633 1241 2667 2629 1237 2668 2630 1238 2672 2634 1242 2671 2633 1241 2668 2630 1238 2673 2635 1243 2670 2632 1239 2667 2629 1237 2671 2633 1241 2673 2635 1243 2667 2629 1237 2676 2638 1208 2675 2637 1209 2674 2636 1206 2677 2639 1205 2676 2638 1208 2674 2636 1206 2676 2638 1208 2678 2640 1211 2675 2637 1209 2678 2640 1211 2679 2641 1210 2675 2637 1209 2678 2640 1211 2680 2642 1213 2679 2641 1210 2680 2642 1213 2681 2643 1212 2679 2641 1210 2680 2642 1213 2682 2644 1215 2681 2643 1212 2682 2644 1215 2683 2645 1214 2681 2643 1212 2682 2644 1215 2684 2646 1217 2683 2645 1214 2684 2646 1217 2685 2647 1216 2683 2645 1214 2684 2646 1217 2686 2648 1219 2685 2647 1216 2686 2648 1219 2687 2649 1218 2685 2647 1216 2688 2650 1220 2687 2649 1218 2686 2648 1219 2677 2639 1205 2674 2636 1206 2689 2651 1204 2674 2636 1206 2690 2652 1207 2689 2651 1204 2691 2653 1221 2687 2649 1218 2688 2650 1220 2694 2656 1222 2693 2655 1204 2692 2654 1205 2692 2654 1205 2695 2657 1208 2694 2656 1222 2695 2657 1208 2696 2658 1223 2694 2656 1222 2695 2657 1208 2697 2659 1211 2696 2658 1223 2697 2659 1211 2698 2660 1224 2696 2658 1223 2697 2659 1211 2699 2661 1213 2698 2660 1224 2699 2661 1213 2700 2662 1225 2698 2660 1224 2699 2661 1213 2701 2663 1215 2700 2662 1225 2701 2663 1215 2702 2664 1226 2700 2662 1225 2701 2663 1215 2703 2665 1217 2702 2664 1226 2703 2665 1217 2704 2666 1227 2702 2664 1226 2703 2665 1217 2705 2667 1219 2704 2666 1227 2705 2667 1219 2706 2668 1228 2704 2666 1227 2705 2667 1219 2707 2669 1220 2706 2668 1228 2694 2656 1222 2696 2658 1223 2708 2670 1206 2696 2658 1223 2709 2671 1209 2708 2670 1206 2696 2658 1223 2698 2660 1224 2709 2671 1209 2698 2660 1224 2710 2672 1210 2709 2671 1209 2698 2660 1224 2700 2662 1225 2710 2672 1210 2700 2662 1225 2711 2673 1212 2710 2672 1210 2700 2662 1225 2702 2664 1226 2711 2673 1212 2702 2664 1226 2712 2674 1214 2711 2673 1212 2702 2664 1226 2704 2666 1227 2712 2674 1214 2704 2666 1227 2713 2675 1216 2712 2674 1214 2704 2666 1227 2706 2668 1228 2713 2675 1216 2706 2668 1228 2714 2676 1218 2713 2675 1216 2707 2669 1220 2715 2677 1221 2706 2668 1228 2706 2668 1228 2715 2677 1221 2714 2676 1218 2708 2670 1206 2716 2678 1207 2694 2656 1222 2694 2656 1222 2716 2678 1207 2693 2655 1204 2719 2681 1146 2718 2680 1143 2717 2679 1142 2720 2682 1147 2719 2681 1146 2717 2679 1142 2720 2682 1147 2717 2679 1142 2721 2683 1141 2722 2684 1148 2720 2682 1147 2721 2683 1141 2722 2684 1148 2721 2683 1141 2723 2685 1139 2722 2684 1148 2723 2685 1139 2724 2686 1140 2722 2684 1148 2724 2686 1140 2725 2687 1145 2726 2688 1149 2722 2684 1148 2725 2687 1145 2726 2688 1149 2725 2687 1145 2727 2689 1144 2728 2690 1150 2726 2688 1149 2727 2689 1144 2723 2685 1139 2729 2691 1132 2724 2686 1140 2729 2691 1132 2730 2692 1260 2724 2686 1140 2724 2686 1140 2730 2692 1260 2725 2687 1145 2731 2693 1261 2729 2691 1132 2723 2685 1139 2721 2683 1141 2731 2693 1261 2723 2685 1139 2732 2694 1128 2731 2693 1261 2721 2683 1141 2717 2679 1142 2732 2694 1128 2721 2683 1141 2733 2695 1129 2732 2694 1128 2717 2679 1142 2718 2680 1143 2733 2695 1129 2717 2679 1142 2727 2689 1144 2725 2687 1145 2734 2696 1138 2725 2687 1145 2735 2697 1136 2734 2696 1138 2730 2692 1260 2735 2697 1136 2725 2687 1145 2733 2695 1129 2736 2698 1262 2732 2694 1128 2736 2698 1262 2737 2699 1263 2732 2694 1128 2732 2694 1128 2737 2699 1263 2731 2693 1261 2737 2699 1263 2738 2700 1264 2731 2693 1261 2731 2693 1261 2738 2700 1264 2729 2691 1132 2729 2691 1132 2738 2700 1264 2730 2692 1260 2730 2692 1260 2738 2700 1264 2735 2697 1136 2738 2700 1264 2739 2701 1265 2735 2697 1136 2735 2697 1136 2739 2701 1265 2734 2696 1138 2739 2701 1265 2740 2702 1266 2734 2696 1138 2743 2705 1152 2742 2704 1153 2741 2703 1151 2741 2703 1151 2742 2704 1153 2744 2706 1154 2745 2707 1155 2741 2703 1151 2744 2706 1154 2746 2708 1156 2745 2707 1155 2744 2706 1154 2746 2708 1156 2744 2706 1154 2747 2709 1157 2748 2710 1158 2746 2708 1156 2747 2709 1157 2749 2711 1159 2746 2708 1156 2748 2710 1158 2742 2704 1153 2750 2712 1160 2744 2706 1154 2749 2711 1159 2751 2713 1161 2746 2708 1156 2741 2703 1151 2745 2707 1155 2752 2714 1162 2752 2714 1162 2753 2715 1163 2741 2703 1151 2741 2703 1151 2753 2715 1163 2743 2705 1152 2745 2707 1155 2754 2716 1267 2752 2714 1162 2751 2713 1161 2754 2716 1267 2746 2708 1156 2745 2707 1155 2746 2708 1156 2754 2716 1267 2755 2717 1165 2742 2704 1153 2743 2705 1152 2743 2705 1152 2753 2715 1163 2755 2717 1165 2753 2715 1163 2756 2718 1166 2755 2717 1165 2756 2718 1166 2753 2715 1163 2752 2714 1162 2757 2719 1268 2756 2718 1166 2752 2714 1162 2757 2719 1268 2752 2714 1162 2754 2716 1267 2760 2722 1169 2759 2721 1170 2758 2720 1168 2758 2720 1168 2759 2721 1170 2761 2723 1171 2762 2724 1172 2758 2720 1168 2761 2723 1171 2763 2725 1173 2762 2724 1172 2761 2723 1171 2759 2721 1170 2764 2482 1174 2761 2723 1171 2763 2725 1173 2761 2723 1171 2765 2726 1175 2766 2727 1176 2763 2725 1173 2765 2726 1175 2767 2728 1177 2763 2725 1173 2766 2727 1176 2758 2720 1168 2768 2729 1178 2760 2722 1169 2769 2730 1269 2768 2729 1178 2758 2720 1168 2758 2720 1168 2762 2724 1172 2769 2730 1269 2770 2731 1270 2769 2730 1269 2762 2724 1172 2763 2725 1173 2770 2731 1270 2762 2724 1172 2771 2732 1181 2770 2731 1270 2763 2725 1173 2767 2728 1177 2771 2732 1181 2763 2725 1173 2774 2735 1153 2773 2734 1152 2772 2733 1151 2774 2735 1153 2772 2733 1151 2775 2736 1154 2772 2733 1151 2776 2737 1155 2775 2736 1154 2776 2737 1155 2777 2738 1156 2775 2736 1154 2775 2736 1154 2777 2738 1156 2778 2739 1157 2777 2738 1156 2779 2740 1158 2778 2739 1157 2777 2738 1156 2780 2741 1159 2779 2740 1158 2781 2742 1160 2774 2735 1153 2775 2736 1154 2782 2743 1161 2780 2741 1159 2777 2738 1156 2776 2737 1155 2772 2733 1151 2783 2744 1162 2784 2745 1163 2783 2744 1162 2772 2733 1151 2784 2745 1163 2772 2733 1151 2773 2734 1152 2785 2746 1267 2782 2743 1161 2777 2738 1156 2777 2738 1156 2776 2737 1155 2785 2746 1267 2776 2737 1155 2783 2744 1162 2785 2746 1267 2786 2747 1268 2785 2746 1267 2783 2744 1162 2774 2735 1153 2787 2748 1165 2773 2734 1152 2784 2745 1163 2773 2734 1152 2787 2748 1165 2788 2749 1166 2784 2745 1163 2787 2748 1165 2788 2749 1166 2786 2747 1268 2783 2744 1162 2784 2745 1163 2788 2749 1166 2783 2744 1162 2791 2752 1170 2790 2751 1169 2789 2750 1168 2791 2752 1170 2789 2750 1168 2792 2753 1171 2789 2750 1168 2793 2754 1172 2792 2753 1171 2793 2754 1172 2794 2755 1173 2792 2753 1171 2795 2756 1174 2791 2752 1170 2792 2753 1171 2792 2753 1171 2794 2755 1173 2796 2757 1175 2794 2755 1173 2797 2758 1176 2796 2757 1175 2794 2755 1173 2798 2759 1177 2797 2758 1176 2799 2760 1178 2789 2750 1168 2790 2751 1169 2799 2760 1178 2800 2761 1269 2789 2750 1168 2793 2754 1172 2789 2750 1168 2800 2761 1269 2800 2761 1269 2801 2762 1270 2793 2754 1172 2801 2762 1270 2794 2755 1173 2793 2754 1172 2801 2762 1270 2802 2763 1181 2794 2755 1173 2802 2763 1181 2798 2759 1177 2794 2755 1173 2805 2766 1273 2804 2765 1272 2803 2764 1271 2806 2767 1274 2805 2766 1273 2803 2764 1271 2806 2767 1274 2803 2764 1271 2807 2768 1275 2808 2769 1276 2806 2767 1274 2807 2768 1275 2809 2770 1277 2804 2765 1272 2805 2766 1273 2810 2771 1278 2809 2770 1277 2805 2766 1273 2811 2772 1279 2809 2770 1277 2810 2771 1278 2812 2773 1280 2811 2772 1279 2810 2771 1278 2812 2773 1280 2813 2774 1281 2811 2772 1279 2813 2774 1281 2814 2775 1282 2811 2772 1279 2813 2774 1281 2815 2776 1283 2814 2775 1282 2815 2776 1283 2816 2777 1284 2814 2775 1282 2817 2778 1285 2816 2777 1284 2815 2776 1283 2818 2779 1286 2817 2778 1285 2815 2776 1283 2819 2780 1287 2817 2778 1285 2818 2779 1286 2820 2781 1288 2819 2780 1287 2818 2779 1286 2812 2773 1280 2810 2771 1278 2821 2782 1289 2822 2783 1290 2812 2773 1280 2821 2782 1289 2822 2783 1290 2821 2782 1289 2823 2784 1291 2824 2785 1292 2822 2783 1290 2823 2784 1291 2825 2786 1293 2822 2783 1290 2824 2785 1292 2815 2776 1283 2813 2774 1281 2825 2786 1293 2825 2786 1293 2813 2774 1281 2812 2773 1280 2822 2783 1290 2825 2786 1293 2812 2773 1280 2826 2787 1294 2825 2786 1293 2824 2785 1292 2827 2788 1295 2825 2786 1293 2826 2787 1294 2818 2779 1286 2815 2776 1283 2827 2788 1295 2827 2788 1295 2815 2776 1283 2825 2786 1293 2828 2789 1296 2827 2788 1295 2826 2787 1294 2829 2790 1297 2827 2788 1295 2828 2789 1296 2820 2781 1288 2818 2779 1286 2829 2790 1297 2829 2790 1297 2818 2779 1286 2827 2788 1295 2830 2791 1298 2829 2790 1297 2828 2789 1296 2831 2792 1299 2829 2790 1297 2830 2791 1298 2831 2792 1299 2820 2781 1288 2829 2790 1297 2832 2793 1300 2831 2792 1299 2830 2791 1298 2823 2784 1291 2821 2782 1289 2833 2794 1301 2834 2795 1302 2823 2784 1291 2833 2794 1301 2834 2795 1302 2833 2794 1301 2835 2796 1303 2833 2794 1301 2836 2797 1304 2835 2796 1303 2835 2796 1303 2836 2797 1304 2837 2798 1305 2836 2797 1304 2838 2799 1306 2837 2798 1305 2833 2794 1301 2805 2766 1273 2836 2797 1304 2810 2771 1278 2805 2766 1273 2833 2794 1301 2821 2782 1289 2810 2771 1278 2833 2794 1301 2805 2766 1273 2806 2767 1274 2836 2797 1304 2836 2797 1304 2806 2767 1274 2838 2799 1306 2806 2767 1274 2808 2769 1276 2838 2799 1306 2830 2791 1298 2828 2789 1296 2839 2800 1307 2828 2789 1296 2840 2801 1308 2839 2800 1307 2839 2800 1307 2840 2801 1308 2841 2802 1309 2842 2803 1310 2839 2800 1307 2841 2802 1309 2842 2803 1310 2843 2804 1311 2839 2800 1307 2841 2802 1309 2840 2801 1308 2844 2805 1312 2840 2801 1308 2845 2806 1313 2844 2805 1312 2844 2805 1312 2845 2806 1313 2846 2807 1314 2845 2806 1313 2847 2808 1315 2846 2807 1314 2846 2807 1314 2847 2808 1315 2848 2809 1316 2824 2785 1292 2847 2808 1315 2845 2806 1313 2826 2787 1294 2824 2785 1292 2845 2806 1313 2826 2787 1294 2845 2806 1313 2840 2801 1308 2828 2789 1296 2826 2787 1294 2840 2801 1308 2830 2791 1298 2839 2800 1307 2843 2804 1311 2832 2793 1300 2830 2791 1298 2843 2804 1311 2823 2784 1291 2848 2809 1316 2847 2808 1315 2824 2785 1292 2823 2784 1291 2847 2808 1315 2823 2784 1291 2834 2795 1302 2848 2809 1316 2834 2795 1302 2849 2810 1317 2848 2809 1316 2850 2811 1318 2848 2809 1316 2849 2810 1317 2846 2807 1314 2848 2809 1316 2850 2811 1318 2851 2812 1319 2850 2811 1318 2849 2810 1317 2851 2812 1319 2849 2810 1317 2852 2813 1320 2852 2813 1320 2849 2810 1317 2834 2795 1302 2853 2814 1321 2851 2812 1319 2852 2813 1320 2853 2814 1321 2852 2813 1320 2854 2815 1322 2855 2816 1323 2853 2814 1321 2854 2815 1322 2837 2798 1305 2854 2815 1322 2852 2813 1320 2835 2796 1303 2837 2798 1305 2852 2813 1320 2835 2796 1303 2852 2813 1320 2834 2795 1302 2855 2816 1323 2856 2817 1324 2853 2814 1321 2856 2817 1324 2857 2818 1325 2853 2814 1321 2853 2814 1321 2857 2818 1325 2851 2812 1319 2856 2817 1324 2858 2819 1326 2857 2818 1325 2858 2819 1326 2859 2820 1327 2857 2818 1325 2857 2818 1325 2859 2820 1327 2860 2821 1328 2857 2818 1325 2860 2821 1328 2851 2812 1319 2851 2812 1319 2860 2821 1328 2850 2811 1318 2859 2820 1327 2861 2822 1329 2860 2821 1328 2860 2821 1328 2861 2822 1329 2862 2823 1330 2860 2821 1328 2862 2823 1330 2850 2811 1318 2861 2822 1329 2863 2824 1331 2862 2823 1330 2862 2823 1330 2863 2824 1331 2864 2825 1332 2863 2824 1331 2865 2826 1333 2864 2825 1332 2864 2825 1332 2865 2826 1333 2866 2827 1334 2865 2826 1333 2867 2828 1335 2866 2827 1334 2866 2827 1334 2867 2828 1335 2868 2829 1336 2867 2828 1335 2869 2830 1337 2868 2829 1336 2868 2829 1336 2869 2830 1337 2870 2831 1338 2869 2830 1337 2871 2832 1339 2870 2831 1338 2870 2831 1338 2871 2832 1339 2872 2833 1340 2871 2832 1339 2873 2834 1341 2872 2833 1340 2870 2831 1338 2872 2833 1340 2874 2835 1342 2875 2836 1343 2870 2831 1338 2874 2835 1342 2870 2831 1338 2875 2836 1343 2868 2829 1336 2875 2836 1343 2874 2835 1342 2843 2804 1311 2842 2803 1310 2875 2836 1343 2843 2804 1311 2875 2836 1343 2842 2803 1310 2876 2837 1344 2868 2829 1336 2876 2837 1344 2866 2827 1334 2875 2836 1343 2876 2837 1344 2868 2829 1336 2842 2803 1310 2841 2802 1309 2876 2837 1344 2876 2837 1344 2841 2802 1309 2877 2838 1345 2876 2837 1344 2877 2838 1345 2866 2827 1334 2841 2802 1309 2844 2805 1312 2877 2838 1345 2877 2838 1345 2844 2805 1312 2878 2839 1346 2844 2805 1312 2846 2807 1314 2878 2839 1346 2878 2839 1346 2846 2807 1314 2850 2811 1318 2878 2839 1346 2850 2811 1318 2862 2823 1330 2864 2825 1332 2878 2839 1346 2862 2823 1330 2877 2838 1345 2878 2839 1346 2864 2825 1332 2866 2827 1334 2877 2838 1345 2864 2825 1332 2804 2765 1272 2880 2841 1348 2879 2840 1347 2803 2764 1271 2804 2765 1272 2879 2840 1347 2803 2764 1271 2879 2840 1347 2881 2842 1349 2807 2768 1275 2803 2764 1271 2881 2842 1349 2882 2843 1350 2880 2841 1348 2804 2765 1272 2809 2770 1277 2882 2843 1350 2804 2765 1272 2883 2844 1351 2882 2843 1350 2809 2770 1277 2811 2772 1279 2883 2844 1351 2809 2770 1277 2811 2772 1279 2814 2775 1282 2883 2844 1351 2814 2775 1282 2884 2845 1352 2883 2844 1351 2814 2775 1282 2816 2777 1284 2884 2845 1352 2816 2777 1284 2885 2846 1353 2884 2845 1352 2886 2847 1354 2885 2846 1353 2816 2777 1284 2817 2778 1285 2886 2847 1354 2816 2777 1284 2887 2848 1355 2886 2847 1354 2817 2778 1285 2819 2780 1287 2887 2848 1355 2817 2778 1285 2890 2851 1358 2889 2850 1357 2888 2849 1356 2891 2852 1359 2890 2851 1358 2888 2849 1356 2892 2853 1360 2890 2851 1358 2891 2852 1359 2893 2854 1361 2892 2853 1360 2891 2852 1359 2893 2854 1361 2894 2855 1362 2892 2853 1360 2894 2855 1362 2895 2856 1363 2892 2853 1360 2888 2849 1356 2889 2850 1357 2896 2857 1364 2889 2850 1357 2897 2858 1365 2896 2857 1364 2897 2858 1365 2898 2859 1366 2896 2857 1364 2898 2859 1366 2899 2860 1367 2896 2857 1364 2889 2850 1357 2900 2861 1368 2897 2858 1365 2900 2861 1368 2901 2862 1369 2897 2858 1365 2897 2858 1365 2901 2862 1369 2902 2863 1370 2898 2859 1366 2897 2858 1365 2902 2863 1370 2902 2863 1370 2901 2862 1369 2903 2864 1371 2904 2865 1372 2900 2861 1368 2889 2850 1357 2890 2851 1358 2904 2865 1372 2889 2850 1357 2904 2865 1372 2905 2866 1373 2900 2861 1368 2906 2867 1374 2905 2866 1373 2904 2865 1372 2905 2866 1373 2906 2867 1374 2907 2868 1375 2906 2867 1374 2908 2869 1376 2907 2868 1375 2906 2867 1374 2909 2870 1377 2908 2869 1376 2909 2870 1377 2910 2871 1378 2908 2869 1376 2905 2866 1373 2907 2868 1375 2911 2872 1379 2912 2873 1380 2905 2866 1373 2911 2872 1379 2905 2866 1373 2912 2873 1380 2900 2861 1368 2912 2873 1380 2901 2862 1369 2900 2861 1368 2912 2873 1380 2911 2872 1379 2913 2874 1381 2914 2875 1382 2912 2873 1380 2913 2874 1381 2912 2873 1380 2914 2875 1382 2901 2862 1369 2914 2875 1382 2913 2874 1381 2915 2876 1383 2901 2862 1369 2914 2875 1382 2915 2876 1383 2901 2862 1369 2915 2876 1383 2903 2864 1371 2903 2864 1371 2915 2876 1383 2916 2877 1384 2916 2877 1384 2915 2876 1383 2917 2878 1385 2916 2877 1384 2917 2878 1385 2918 2879 1386 2919 2880 1387 2916 2877 1384 2918 2879 1386 2919 2880 1387 2918 2879 1386 2920 2881 1388 2921 2882 1389 2919 2880 1387 2920 2881 1388 2915 2876 1383 2922 2883 1390 2917 2878 1385 2915 2876 1383 2913 2874 1381 2922 2883 1390 2921 2882 1389 2923 2884 1391 2919 2880 1387 2916 2877 1384 2919 2880 1387 2924 2885 1392 2924 2885 1392 2919 2880 1387 2923 2884 1391 2916 2877 1384 2924 2885 1392 2925 2886 1393 2926 2887 1394 2925 2886 1393 2924 2885 1392 2926 2887 1394 2924 2885 1392 2923 2884 1391 2927 2888 1395 2916 2877 1384 2925 2886 1393 2928 2889 1396 2925 2886 1393 2926 2887 1394 2927 2888 1395 2925 2886 1393 2928 2889 1396 2929 2890 1397 2928 2889 1396 2926 2887 1394 2930 2891 1398 2928 2889 1396 2929 2890 1397 2931 2892 1399 2928 2889 1396 2930 2891 1398 2931 2892 1399 2927 2888 1395 2928 2889 1396 2932 2893 1400 2931 2892 1399 2930 2891 1398 2932 2893 1400 2933 2894 1401 2931 2892 1399 2933 2894 1401 2934 2895 1402 2931 2892 1399 2931 2892 1399 2934 2895 1402 2927 2888 1395 2935 2896 1403 2930 2891 1398 2929 2890 1397 2934 2895 1402 2936 2897 1404 2927 2888 1395 2927 2888 1395 2936 2897 1404 2916 2877 1384 2936 2897 1404 2903 2864 1371 2916 2877 1384 2902 2863 1370 2903 2864 1371 2936 2897 1404 2902 2863 1370 2936 2897 1404 2934 2895 1402 2898 2859 1366 2902 2863 1370 2934 2895 1402 2934 2895 1402 2933 2894 1401 2899 2860 1367 2898 2859 1366 2934 2895 1402 2899 2860 1367 2929 2890 1397 2926 2887 1394 2937 2898 1405 2929 2890 1397 2937 2898 1405 2938 2899 1406 2935 2896 1403 2929 2890 1397 2938 2899 1406 2926 2887 1394 2923 2884 1391 2937 2898 1405 2941 1645 1409 2940 1645 1408 2939 1645 1407 2942 1645 1410 2941 1645 1409 2939 1645 1407 2942 1645 1410 2939 1645 1407 2943 1645 1411 2939 1645 1407 2944 1645 1412 2943 1645 1411 2945 1645 1413 2944 1645 1412 2939 1645 1407 2945 1645 1413 2939 1645 1407 2946 1645 1414 2946 1645 1414 2939 1645 1407 2947 1645 1415 2939 1645 1407 2948 1645 1416 2947 1645 1415 2939 1645 1407 2949 1645 1417 2948 1645 1416 2939 1645 1407 2940 1645 1408 2949 1645 1417 2952 2902 1420 2951 2901 1419 2950 2900 1418 2953 2903 1421 2952 2902 1420 2950 2900 1418 2950 2900 1418 2951 2901 1419 2954 2904 1422 2955 2905 1423 2950 2900 1418 2954 2904 1422 2955 2905 1423 2954 2904 1422 2956 2906 1424 2954 2904 1422 2957 2907 1425 2956 2906 1424 2956 2906 1424 2957 2907 1425 2958 2908 1426 2959 2909 1427 2956 2906 1424 2958 2908 1426 2960 2910 1428 2952 2902 1420 2953 2903 1421 2961 2911 1429 2960 2910 1428 2953 2903 1421 2962 2912 1430 2960 2910 1428 2961 2911 1429 2963 2913 1431 2962 2912 1430 2961 2911 1429 2963 2913 1431 2964 2914 1432 2962 2912 1430 2964 2914 1432 2965 2915 1433 2962 2912 1430 2964 2914 1432 2966 2916 1434 2965 2915 1433 2966 2916 1434 2967 2917 1435 2965 2915 1433 2955 2905 1423 2956 2906 1424 2918 2879 1386 2918 2879 1386 2956 2906 1424 2959 2909 1427 2917 2878 1385 2955 2905 1423 2918 2879 1386 2920 2881 1388 2918 2879 1386 2959 2909 1427 2910 2871 1378 2966 2916 1434 2964 2914 1432 2908 2869 1376 2910 2871 1378 2964 2914 1432 2964 2914 1432 2963 2913 1431 2907 2868 1375 2908 2869 1376 2964 2914 1432 2907 2868 1375 2907 2868 1375 2963 2913 1431 2961 2911 1429 2911 2872 1379 2907 2868 1375 2961 2911 1429 2911 2872 1379 2961 2911 1429 2913 2874 1381 2961 2911 1429 2953 2903 1421 2913 2874 1381 2913 2874 1381 2953 2903 1421 2922 2883 1390 2953 2903 1421 2950 2900 1418 2922 2883 1390 2922 2883 1390 2950 2900 1418 2955 2905 1423 2917 2878 1385 2922 2883 1390 2955 2905 1423 2906 2867 1374 2968 2918 1436 2909 2870 1377 2969 2919 1437 2968 2918 1436 2906 2867 1374 2969 2919 1437 2906 2867 1374 2904 2865 1372 2969 2919 1437 2904 2865 1372 2890 2851 1358 2892 2853 1360 2969 2919 1437 2890 2851 1358 2969 2919 1437 2892 2853 1360 2895 2856 1363 2895 2856 1363 2968 2918 1436 2969 2919 1437 2972 939 1146 2971 2407 1147 2970 2406 1142 2973 2408 1143 2972 939 1146 2970 2406 1142 2970 2406 1142 2971 2407 1147 2974 2409 1141 2971 2407 1147 2975 2410 1148 2974 2409 1141 2974 2409 1141 2975 2410 1148 2976 2411 1139 2976 2411 1139 2975 2410 1148 2977 2412 1140 2977 2412 1140 2975 2410 1148 2978 2413 1145 2975 2410 1148 2979 2414 1149 2978 2413 1145 2978 2413 1145 2979 2414 1149 2980 2415 1144 2979 2414 1149 2981 2416 1150 2980 2415 1144 2982 2417 1132 2976 2411 1139 2977 2412 1140 2983 2418 1260 2982 2417 1132 2977 2412 1140 2983 2418 1260 2977 2412 1140 2978 2413 1145 2984 2419 1261 2974 2409 1141 2976 2411 1139 2982 2417 1132 2984 2419 1261 2976 2411 1139 2985 2420 1128 2970 2406 1142 2974 2409 1141 2984 2419 1261 2985 2420 1128 2974 2409 1141 2986 2421 1129 2973 2408 1143 2970 2406 1142 2985 2420 1128 2986 2421 1129 2970 2406 1142 2978 2413 1145 2980 2415 1144 2987 2422 1138 2988 2423 1136 2978 2413 1145 2987 2422 1138 2988 2423 1136 2983 2418 1260 2978 2413 1145 2989 2424 1262 2986 2421 1129 2985 2420 1128 2990 2160 1263 2989 2424 1262 2985 2420 1128 2990 2160 1263 2985 2420 1128 2984 2419 1261 2991 2425 1264 2990 2160 1263 2984 2419 1261 2991 2425 1264 2984 2419 1261 2982 2417 1132 2991 2425 1264 2982 2417 1132 2983 2418 1260 2991 2425 1264 2983 2418 1260 2988 2423 1136 2992 2426 1265 2991 2425 1264 2988 2423 1136 2992 2426 1265 2988 2423 1136 2987 2422 1138 2993 2427 1266 2992 2426 1265 2987 2422 1138 2996 2922 1273 2995 2921 1274 2994 2920 1271 2997 2923 1272 2996 2922 1273 2994 2920 1271 2994 2920 1271 2995 2921 1274 2998 2924 1275 2995 2921 1274 2999 2925 1276 2998 2924 1275 2997 2923 1272 3000 2926 1277 2996 2922 1273 3000 2926 1277 3001 2927 1278 2996 2922 1273 3000 2926 1277 3002 2928 1279 3001 2927 1278 3002 2928 1279 3003 2929 1280 3001 2927 1278 3004 2930 1281 3003 2929 1280 3002 2928 1279 3005 2931 1282 3004 2930 1281 3002 2928 1279 3006 2932 1283 3004 2930 1281 3005 2931 1282 3007 2933 1284 3006 2932 1283 3005 2931 1282 3007 2933 1284 3008 2934 1285 3006 2932 1283 3008 2934 1285 3009 2935 1286 3006 2932 1283 3008 2934 1285 3010 2936 1287 3009 2935 1286 3010 2936 1287 3011 2937 1288 3009 2935 1286 3001 2927 1278 3003 2929 1280 3012 2938 1289 3003 2929 1280 3013 2939 1290 3012 2938 1289 3012 2938 1289 3013 2939 1290 3014 2940 1291 3013 2939 1290 3015 2941 1292 3014 2940 1291 3013 2939 1290 3016 2942 1293 3015 2941 1292 3004 2930 1281 3006 2932 1283 3016 2942 1293 3016 2942 1293 3013 2939 1290 3003 2929 1280 3004 2930 1281 3016 2942 1293 3003 2929 1280 3016 2942 1293 3017 2943 1294 3015 2941 1292 3016 2942 1293 3018 2944 1295 3017 2943 1294 3006 2932 1283 3009 2935 1286 3018 2944 1295 3006 2932 1283 3018 2944 1295 3016 2942 1293 3018 2944 1295 3019 2945 1296 3017 2943 1294 3018 2944 1295 3020 2946 1297 3019 2945 1296 3009 2935 1286 3011 2937 1288 3020 2946 1297 3009 2935 1286 3020 2946 1297 3018 2944 1295 3020 2946 1297 3021 2947 1298 3019 2945 1296 3020 2946 1297 3022 2948 1299 3021 2947 1298 3011 2937 1288 3022 2948 1299 3020 2946 1297 3022 2948 1299 3023 2949 1300 3021 2947 1298 3012 2938 1289 3014 2940 1291 3024 2950 1301 3014 2940 1291 3025 2951 1302 3024 2950 1301 3024 2950 1301 3025 2951 1302 3026 2952 1303 3027 2953 1304 3024 2950 1301 3026 2952 1303 3027 2953 1304 3026 2952 1303 3028 2954 1305 3029 2955 1306 3027 2953 1304 3028 2954 1305 2996 2922 1273 3024 2950 1301 3027 2953 1304 2996 2922 1273 3001 2927 1278 3024 2950 1301 3001 2927 1278 3012 2938 1289 3024 2950 1301 2995 2921 1274 2996 2922 1273 3027 2953 1304 2995 2921 1274 3027 2953 1304 3029 2955 1306 2999 2925 1276 2995 2921 1274 3029 2955 1306 3019 2945 1296 3021 2947 1298 3030 2956 1307 3031 2957 1308 3019 2945 1296 3030 2956 1307 3031 2957 1308 3030 2956 1307 3032 2958 1309 3030 2956 1307 3033 2959 1310 3032 2958 1309 3034 2960 1311 3033 2959 1310 3030 2956 1307 3031 2957 1308 3032 2958 1309 3035 2961 1312 3036 2962 1313 3031 2957 1308 3035 2961 1312 3036 2962 1313 3035 2961 1312 3037 2963 1314 3038 2964 1315 3036 2962 1313 3037 2963 1314 3038 2964 1315 3037 2963 1314 3039 2965 1316 3038 2964 1315 3015 2941 1292 3036 2962 1313 3015 2941 1292 3017 2943 1294 3036 2962 1313 3017 2943 1294 3019 2945 1296 3031 2957 1308 3036 2962 1313 3017 2943 1294 3031 2957 1308 3030 2956 1307 3021 2947 1298 3034 2960 1311 3021 2947 1298 3023 2949 1300 3034 2960 1311 3014 2940 1291 3015 2941 1292 3038 2964 1315 3039 2965 1316 3014 2940 1291 3038 2964 1315 3025 2951 1302 3014 2940 1291 3039 2965 1316 3040 2966 1317 3025 2951 1302 3039 2965 1316 3039 2965 1316 3041 2967 1318 3040 2966 1317 3039 2965 1316 3037 2963 1314 3041 2967 1318 3041 2967 1318 3042 2968 1319 3040 2966 1317 3040 2966 1317 3042 2968 1319 3043 2969 1320 3040 2966 1317 3043 2969 1320 3025 2951 1302 3042 2968 1319 3044 2970 1321 3043 2969 1320 3043 2969 1320 3044 2970 1321 3045 2971 1322 3044 2970 1321 3046 2972 1323 3045 2971 1322 3045 2971 1322 3028 2954 1305 3043 2969 1320 3028 2954 1305 3026 2952 1303 3043 2969 1320 3043 2969 1320 3026 2952 1303 3025 2951 1302 3047 2973 1324 3046 2972 1323 3044 2970 1321 3048 2974 1325 3047 2973 1324 3044 2970 1321 3048 2974 1325 3044 2970 1321 3042 2968 1319 3049 2975 1326 3047 2973 1324 3048 2974 1325 3050 2976 1327 3049 2975 1326 3048 2974 1325 3050 2976 1327 3048 2974 1325 3051 2977 1328 3051 2977 1328 3048 2974 1325 3042 2968 1319 3051 2977 1328 3042 2968 1319 3041 2967 1318 3052 2978 1329 3050 2976 1327 3051 2977 1328 3052 2978 1329 3051 2977 1328 3053 2979 1330 3053 2979 1330 3051 2977 1328 3041 2967 1318 3054 2980 1331 3052 2978 1329 3053 2979 1330 3054 2980 1331 3053 2979 1330 3055 2981 1332 3056 2982 1333 3054 2980 1331 3055 2981 1332 3056 2982 1333 3055 2981 1332 3057 2983 1334 3058 2984 1335 3056 2982 1333 3057 2983 1334 3058 2984 1335 3057 2983 1334 3059 2985 1336 3060 2986 1337 3058 2984 1335 3059 2985 1336 3060 2986 1337 3059 2985 1336 3061 2987 1338 3062 2988 1339 3060 2986 1337 3061 2987 1338 3062 2988 1339 3061 2987 1338 3063 2989 1340 3064 2990 1341 3062 2988 1339 3063 2989 1340 3063 2989 1340 3061 2987 1338 3065 2991 1342 3061 2987 1338 3066 2992 1343 3065 2991 1342 3066 2992 1343 3061 2987 1338 3059 2985 1336 3065 2991 1342 3066 2992 1343 3034 2960 1311 3066 2992 1343 3033 2959 1310 3034 2960 1311 3033 2959 1310 3066 2992 1343 3067 2993 1344 3067 2993 1344 3059 2985 1336 3057 2983 1334 3067 2993 1344 3066 2992 1343 3059 2985 1336 3032 2958 1309 3033 2959 1310 3067 2993 1344 3032 2958 1309 3067 2993 1344 3068 2994 1345 3068 2994 1345 3067 2993 1344 3057 2983 1334 3035 2961 1312 3032 2958 1309 3068 2994 1345 3035 2961 1312 3068 2994 1345 3069 2995 1346 3037 2963 1314 3035 2961 1312 3069 2995 1346 3037 2963 1314 3069 2995 1346 3041 2967 1318 3041 2967 1318 3069 2995 1346 3053 2979 1330 3069 2995 1346 3055 2981 1332 3053 2979 1330 3069 2995 1346 3068 2994 1345 3055 2981 1332 3068 2994 1345 3057 2983 1334 3055 2981 1332 2997 2923 1272 2994 2920 1271 3070 2996 1347 3071 2997 1348 2997 2923 1272 3070 2996 1347 3070 2996 1347 2994 2920 1271 3072 2998 1349 2994 2920 1271 2998 2924 1275 3072 2998 1349 3071 2997 1348 3073 2999 1350 2997 2923 1272 3073 2999 1350 3000 2926 1277 2997 2923 1272 3073 2999 1350 3074 3000 1351 3000 2926 1277 3074 3000 1351 3002 2928 1279 3000 2926 1277 3005 2931 1282 3002 2928 1279 3074 3000 1351 3075 3001 1352 3005 2931 1282 3074 3000 1351 3007 2933 1284 3005 2931 1282 3075 3001 1352 3076 3002 1353 3007 2933 1284 3075 3001 1352 3076 3002 1353 3077 3003 1354 3007 2933 1284 3077 3003 1354 3008 2934 1285 3007 2933 1284 3077 3003 1354 3078 3004 1355 3008 2934 1285 3078 3004 1355 3010 2936 1287 3008 2934 1285 3081 3007 1358 3080 3006 1359 3079 3005 1356 3082 3008 1357 3081 3007 1358 3079 3005 1356 3081 3007 1358 3083 3009 1360 3080 3006 1359 3083 3009 1360 3084 3010 1361 3080 3006 1359 3085 3011 1362 3084 3010 1361 3083 3009 1360 3086 3012 1363 3085 3011 1362 3083 3009 1360 3082 3008 1357 3079 3005 1356 3087 3013 1364 3088 3014 1365 3082 3008 1357 3087 3013 1364 3089 3015 1366 3088 3014 1365 3087 3013 1364 3090 3016 1367 3089 3015 1366 3087 3013 1364 3091 3017 1368 3082 3008 1357 3088 3014 1365 3092 3018 1369 3091 3017 1368 3088 3014 1365 3092 3018 1369 3088 3014 1365 3093 3019 1370 3088 3014 1365 3089 3015 1366 3093 3019 1370 3092 3018 1369 3093 3019 1370 3094 3020 1371 3095 3021 1372 3081 3007 1358 3082 3008 1357 3091 3017 1368 3095 3021 1372 3082 3008 1357 3096 3022 1373 3095 3021 1372 3091 3017 1368 3096 3022 1373 3097 3023 1374 3095 3021 1372 3097 3023 1374 3096 3022 1373 3098 3024 1375 3099 3025 1376 3097 3023 1374 3098 3024 1375 3100 3026 1377 3097 3023 1374 3099 3025 1376 3101 3027 1378 3100 3026 1377 3099 3025 1376 3098 3024 1375 3096 3022 1373 3102 3028 1379 3096 3022 1373 3103 3029 1380 3102 3028 1379 3103 3029 1380 3096 3022 1373 3091 3017 1368 3092 3018 1369 3103 3029 1380 3091 3017 1368 3102 3028 1379 3103 3029 1380 3104 3030 1381 3103 3029 1380 3105 3031 1382 3104 3030 1381 3105 3031 1382 3103 3029 1380 3092 3018 1369 3104 3030 1381 3105 3031 1382 3106 3032 1383 3105 3031 1382 3092 3018 1369 3106 3032 1383 3106 3032 1383 3092 3018 1369 3094 3020 1371 3106 3032 1383 3094 3020 1371 3107 3033 1384 3106 3032 1383 3107 3033 1384 3108 3034 1385 3108 3034 1385 3107 3033 1384 3109 3035 1386 3107 3033 1384 3110 3036 1387 3109 3035 1386 3109 3035 1386 3110 3036 1387 3111 3037 1388 3110 3036 1387 3112 3038 1389 3111 3037 1388 3113 3039 1390 3106 3032 1383 3108 3034 1385 3104 3030 1381 3106 3032 1383 3113 3039 1390 3114 3040 1391 3112 3038 1389 3110 3036 1387 3110 3036 1387 3107 3033 1384 3115 3041 1392 3110 3036 1387 3115 3041 1392 3114 3040 1391 3115 3041 1392 3107 3033 1384 3116 3042 1393 3116 3042 1393 3117 3043 1394 3115 3041 1392 3115 3041 1392 3117 3043 1394 3114 3040 1391 3107 3033 1384 3118 3044 1395 3116 3042 1393 3116 3042 1393 3119 3045 1396 3117 3043 1394 3116 3042 1393 3118 3044 1395 3119 3045 1396 3119 3045 1396 3120 3046 1397 3117 3043 1394 3119 3045 1396 3121 3047 1398 3120 3046 1397 3119 3045 1396 3122 3048 1399 3121 3047 1398 3118 3044 1395 3122 3048 1399 3119 3045 1396 3122 3048 1399 3123 3049 1400 3121 3047 1398 3124 3050 1401 3123 3049 1400 3122 3048 1399 3125 3051 1402 3124 3050 1401 3122 3048 1399 3125 3051 1402 3122 3048 1399 3118 3044 1395 3121 3047 1398 3126 3052 1403 3120 3046 1397 3127 3053 1404 3125 3051 1402 3118 3044 1395 3127 3053 1404 3118 3044 1395 3107 3033 1384 3094 3020 1371 3127 3053 1404 3107 3033 1384 3094 3020 1371 3093 3019 1370 3127 3053 1404 3127 3053 1404 3093 3019 1370 3125 3051 1402 3093 3019 1370 3089 3015 1366 3125 3051 1402 3125 3051 1402 3089 3015 1366 3090 3016 1367 3124 3050 1401 3125 3051 1402 3090 3016 1367 3117 3043 1394 3120 3046 1397 3128 3054 1405 3120 3046 1397 3126 3052 1403 3129 3055 1406 3128 3054 1405 3120 3046 1397 3129 3055 1406 3114 3040 1391 3117 3043 1394 3128 3054 1405 3132 1645 1409 3131 1645 1410 3130 1645 1407 3133 1645 1408 3132 1645 1409 3130 1645 1407 3130 1645 1407 3131 1645 1410 3134 1645 1411 3135 1645 1412 3130 1645 1407 3134 1645 1411 3135 1645 1412 3136 1645 1413 3130 1645 1407 3130 1645 1407 3136 1645 1413 3137 1645 1414 3130 1645 1407 3137 1645 1414 3138 1645 1415 3139 1645 1416 3130 1645 1407 3138 1645 1415 3140 1645 1417 3130 1645 1407 3139 1645 1416 3133 1645 1408 3130 1645 1407 3140 1645 1417 3143 3058 1420 3142 3057 1421 3141 3056 1418 3144 3059 1419 3143 3058 1420 3141 3056 1418 3144 3059 1419 3141 3056 1418 3145 3060 1422 3141 3056 1418 3146 3061 1423 3145 3060 1422 3145 3060 1422 3146 3061 1423 3147 3062 1424 3148 3063 1425 3145 3060 1422 3147 3062 1424 3148 3063 1425 3147 3062 1424 3149 3064 1426 3147 3062 1424 3150 3065 1427 3149 3064 1426 3143 3058 1420 3151 3066 1428 3142 3057 1421 3151 3066 1428 3152 3067 1429 3142 3057 1421 3151 3066 1428 3153 3068 1430 3152 3067 1429 3153 3068 1430 3154 3069 1431 3152 3067 1429 3155 3070 1432 3154 3069 1431 3153 3068 1430 3156 3071 1433 3155 3070 1432 3153 3068 1430 3157 3072 1434 3155 3070 1432 3156 3071 1433 3158 3073 1435 3157 3072 1434 3156 3071 1433 3147 3062 1424 3146 3061 1423 3109 3035 1386 3147 3062 1424 3109 3035 1386 3150 3065 1427 3146 3061 1423 3108 3034 1385 3109 3035 1386 3109 3035 1386 3111 3037 1388 3150 3065 1427 3157 3072 1434 3101 3027 1378 3155 3070 1432 3101 3027 1378 3099 3025 1376 3155 3070 1432 3155 3070 1432 3099 3025 1376 3098 3024 1375 3154 3069 1431 3155 3070 1432 3098 3024 1375 3154 3069 1431 3098 3024 1375 3152 3067 1429 3098 3024 1375 3102 3028 1379 3152 3067 1429 3152 3067 1429 3102 3028 1379 3104 3030 1381 3142 3057 1421 3152 3067 1429 3104 3030 1381 3142 3057 1421 3104 3030 1381 3113 3039 1390 3141 3056 1418 3142 3057 1421 3113 3039 1390 3113 3039 1390 3108 3034 1385 3146 3061 1423 3141 3056 1418 3113 3039 1390 3146 3061 1423 3159 3074 1436 3097 3023 1374 3100 3026 1377 3159 3074 1436 3160 3075 1437 3097 3023 1374 3097 3023 1374 3160 3075 1437 3095 3021 1372 3095 3021 1372 3160 3075 1437 3081 3007 1358 3160 3075 1437 3083 3009 1360 3081 3007 1358 3083 3009 1360 3160 3075 1437 3086 3012 1363 3159 3074 1436 3086 3012 1363 3160 3075 1437 3163 3078 1440 3162 3077 1439 3161 3076 1438 3164 3079 1441 3161 3076 1438 3162 3077 1439 3165 3080 1442 3164 3079 1441 3162 3077 1439 3165 3080 1442 3162 3077 1439 3166 3081 1443 3166 3081 1443 3162 3077 1439 3167 3082 1444 3167 3082 1444 3162 3077 1439 3163 3078 1440 3168 3083 1445 3167 3082 1444 3163 3078 1440 3168 3083 1445 3163 3078 1440 3169 3084 1446 3169 3084 1446 3163 3078 1440 3161 3076 1438 3161 3076 1438 3170 3085 1447 3169 3084 1446 3169 3084 1446 3171 3086 1448 3168 3083 1445 3169 3084 1446 3172 3087 1449 3171 3086 1448 3166 3081 1443 3173 3088 1450 3165 3080 1442 3173 3088 1450 3174 3089 1451 3165 3080 1442 3175 3090 1452 3165 3080 1442 3174 3089 1451 3175 3090 1452 3176 3091 1453 3165 3080 1442 3165 3080 1442 3176 3091 1453 3177 3092 1454 3165 3080 1442 3177 3092 1454 3164 3079 1441 3178 3093 1455 3164 3079 1441 3177 3092 1454 3178 3093 1455 3177 3092 1454 3179 3094 1456 3176 3091 1453 3180 3095 1457 3177 3092 1454 3180 3095 1457 3179 3094 1456 3177 3092 1454 3181 3096 1458 3179 3094 1456 3180 3095 1457 3179 3094 1456 3181 3096 1458 3182 3097 1459 3179 3094 1456 3182 3097 1459 3178 3093 1455 3183 3098 1460 3178 3093 1455 3182 3097 1459 3184 3099 1461 3182 3097 1459 3181 3096 1458 3184 3099 1461 3185 3100 1462 3182 3097 1459 3186 3101 1463 3182 3097 1459 3185 3100 1462 3186 3101 1463 3187 3102 1464 3182 3097 1459 3182 3097 1459 3187 3102 1464 3188 3103 1465 3183 3098 1460 3182 3097 1459 3188 3103 1465 3188 3103 1465 3189 3104 1466 3183 3098 1460 3190 3105 1467 3183 3098 1460 3189 3104 1466 3187 3102 1464 3191 3106 1468 3188 3103 1465 3191 3106 1468 3189 3104 1466 3188 3103 1465 3192 3107 1469 3189 3104 1466 3191 3106 1468 3189 3104 1466 3192 3107 1469 3193 3108 1470 3193 3108 1470 3190 3105 1467 3189 3104 1466 3194 3109 1471 3193 3108 1470 3192 3107 1469 3194 3109 1471 3195 3110 1472 3193 3108 1470 3196 3111 1473 3193 3108 1470 3195 3110 1472 3196 3111 1473 3197 3112 1474 3193 3108 1470 3193 3108 1470 3197 3112 1474 3198 3113 1475 3198 3113 1475 3199 3114 1476 3193 3108 1470 3190 3105 1467 3193 3108 1470 3199 3114 1476 3198 3113 1475 3200 3115 1477 3199 3114 1476 3197 3112 1474 3201 3116 1478 3198 3113 1475 3201 3116 1478 3200 3115 1477 3198 3113 1475 3202 3117 1479 3200 3115 1477 3201 3116 1478 3200 3115 1477 3202 3117 1479 3203 3118 1480 3200 3115 1477 3203 3118 1480 3199 3114 1476 3204 3119 1481 3199 3114 1476 3203 3118 1480 3205 3120 1482 3203 3118 1480 3202 3117 1479 3203 3118 1480 3205 3120 1482 3206 3121 1483 3203 3118 1480 3206 3121 1483 3207 3122 1484 3207 3122 1484 3208 3123 1485 3203 3118 1480 3203 3118 1480 3208 3123 1485 3209 3124 1486 3203 3118 1480 3209 3124 1486 3204 3119 1481 3209 3124 1486 3210 3125 1487 3204 3119 1481 3204 3119 1481 3210 3125 1487 3211 3126 1488 3212 3127 1489 3210 3125 1487 3209 3124 1486 3208 3123 1485 3212 3127 1489 3209 3124 1486 3213 3128 1490 3210 3125 1487 3212 3127 1489 3210 3125 1487 3213 3128 1490 3214 3129 1491 3214 3129 1491 3211 3126 1488 3210 3125 1487 3215 3130 1492 3214 3129 1491 3213 3128 1490 3214 3129 1491 3215 3130 1492 3216 3131 1493 3214 3129 1491 3216 3131 1493 3217 3132 1494 3217 3132 1494 3218 3133 1495 3214 3129 1491 3214 3129 1491 3218 3133 1495 3219 3134 1496 3219 3134 1496 3220 3135 1497 3214 3129 1491 3211 3126 1488 3214 3129 1491 3220 3135 1497 3219 3134 1496 3221 3136 1498 3220 3135 1497 3221 3136 1498 3222 3137 1499 3220 3135 1497 3221 3136 1498 3223 3138 1500 3222 3137 1499 3223 3138 1500 3221 3136 1498 3224 3139 1501 3224 3139 1501 3221 3136 1498 3219 3134 1496 3218 3133 1495 3224 3139 1501 3219 3134 1496 3225 3140 1502 3222 3137 1499 3223 3138 1500 3222 3137 1499 3225 3140 1502 3226 3141 1503 3222 3137 1499 3226 3141 1503 3227 3142 1504 3227 3142 1504 3228 3143 1505 3222 3137 1499 3222 3137 1499 3228 3143 1505 3229 3144 1506 3229 3144 1506 3220 3135 1497 3222 3137 1499 3232 3147 1509 3231 3146 1508 3230 3145 1507 3230 3145 1507 3231 3146 1508 3233 3148 1510 3230 3145 1507 3233 3148 1510 3234 3149 1511 3230 3145 1507 3234 3149 1511 3235 3150 1512 3236 3151 1513 3230 3145 1507 3235 3150 1512 3230 3145 1507 3236 3151 1513 3232 3147 1509 3235 3150 1512 3237 3152 1514 3236 3151 1513 3237 3152 1514 3238 3153 1515 3236 3151 1513 3239 3154 1516 3236 3151 1513 3238 3153 1515 3236 3151 1513 3239 3154 1516 3240 3155 1517 3240 3155 1517 3241 3156 1518 3236 3151 1513 3232 3147 1509 3236 3151 1513 3241 3156 1518 3242 3157 1519 3232 3147 1509 3241 3156 1518 3243 3158 1520 3242 3157 1519 3241 3156 1518 3240 3155 1517 3244 3159 1521 3241 3156 1518 3244 3159 1521 3243 3158 1520 3241 3156 1518 3245 3160 1522 3243 3158 1520 3244 3159 1521 3246 3161 1523 3243 3158 1520 3245 3160 1522 3246 3161 1523 3242 3157 1519 3243 3158 1520 3246 3161 1523 3247 3162 1524 3242 3157 1519 3245 3160 1522 3248 3163 1525 3246 3161 1523 3248 3163 1525 3249 3164 1526 3246 3161 1523 3250 3165 1527 3246 3161 1523 3249 3164 1526 3246 3161 1523 3250 3165 1527 3251 3166 1528 3251 3166 1528 3252 3167 1529 3246 3161 1523 3252 3167 1529 3247 3162 1524 3246 3161 1523 3247 3162 1524 3252 3167 1529 3253 3168 1530 3251 3166 1528 3254 3169 1531 3252 3167 1529 3254 3169 1531 3253 3168 1530 3252 3167 1529 3255 3170 1532 3253 3168 1530 3254 3169 1531 3256 3171 1533 3253 3168 1530 3255 3170 1532 3253 3168 1530 3256 3171 1533 3247 3162 1524 3257 3172 1534 3247 3162 1524 3256 3171 1533 3255 3170 1532 3258 3173 1535 3256 3171 1533 3258 3173 1535 3259 3174 1536 3256 3171 1533 3256 3171 1533 3259 3174 1536 3260 3175 1537 3260 3175 1537 3261 3176 1538 3256 3171 1533 3261 3176 1538 3262 3177 1539 3256 3171 1533 3256 3171 1533 3262 3177 1539 3257 3172 1534 3262 3177 1539 3263 3178 1540 3257 3172 1534 3257 3172 1534 3263 3178 1540 3264 3179 1541 3261 3176 1538 3265 3180 1542 3262 3177 1539 3265 3180 1542 3263 3178 1540 3262 3177 1539 3266 3181 1543 3263 3178 1540 3265 3180 1542 3267 3182 1544 3263 3178 1540 3266 3181 1543 3263 3178 1540 3267 3182 1544 3264 3179 1541 3266 3181 1543 3268 3183 1545 3267 3182 1544 3268 3183 1545 3269 3184 1546 3267 3182 1544 3267 3182 1544 3269 3184 1546 3270 3185 1547 3267 3182 1544 3270 3185 1547 3271 3186 1548 3267 3182 1544 3271 3186 1548 3272 3187 1549 3272 3187 1549 3273 3188 1550 3267 3182 1544 3273 3188 1550 3170 3085 1447 3267 3182 1544 3264 3179 1541 3267 3182 1544 3170 3085 1447 3274 3189 1551 3170 3085 1447 3273 3188 1550 3274 3189 1551 3273 3188 1550 3272 3187 1549 3274 3189 1551 3169 3084 1446 3170 3085 1447 3169 3084 1446 3274 3189 1551 3275 3190 1552 3275 3190 1552 3274 3189 1551 3272 3187 1549 3275 3190 1552 3276 3191 1553 3169 3084 1446 3169 3084 1446 3276 3191 1553 3172 3087 1449 3279 3194 1439 3278 3193 1440 3277 3192 1438 3277 3192 1438 3280 3195 1441 3279 3194 1439 3280 3195 1441 3281 3196 1442 3279 3194 1439 3282 3197 1443 3279 3194 1439 3281 3196 1442 3279 3194 1439 3282 3197 1443 3283 3198 1444 3279 3194 1439 3283 3198 1444 3278 3193 1440 3283 3198 1444 3284 3199 1445 3278 3193 1440 3285 3200 1446 3278 3193 1440 3284 3199 1445 3278 3193 1440 3285 3200 1446 3277 3192 1438 3286 3201 1447 3277 3192 1438 3285 3200 1446 3284 3199 1445 3287 3202 1448 3285 3200 1446 3287 3202 1448 3288 3203 1449 3285 3200 1446 3281 3196 1442 3289 3204 1450 3282 3197 1443 3281 3196 1442 3290 3205 1451 3289 3204 1450 3281 3196 1442 3291 3206 1452 3290 3205 1451 3291 3206 1452 3281 3196 1442 3292 3207 1453 3281 3196 1442 3293 3208 1454 3292 3207 1453 3293 3208 1454 3281 3196 1442 3280 3195 1441 3280 3195 1441 3294 3209 1455 3293 3208 1454 3293 3208 1454 3294 3209 1455 3295 3210 1456 3296 3211 1457 3292 3207 1453 3293 3208 1454 3295 3210 1456 3296 3211 1457 3293 3208 1454 3295 3210 1456 3297 3212 1458 3296 3211 1457 3298 3213 1459 3297 3212 1458 3295 3210 1456 3298 3213 1459 3295 3210 1456 3294 3209 1455 3294 3209 1455 3299 3214 1460 3298 3213 1459 3298 3213 1459 3300 3215 1461 3297 3212 1458 3298 3213 1459 3301 3216 1462 3300 3215 1461 3298 3213 1459 3302 3217 1463 3301 3216 1462 3302 3217 1463 3298 3213 1459 3303 3218 1464 3298 3213 1459 3304 3219 1465 3303 3218 1464 3298 3213 1459 3299 3214 1460 3304 3219 1465 3305 3220 1466 3304 3219 1465 3299 3214 1460 3299 3214 1460 3306 3221 1467 3305 3220 1466 3307 3222 1468 3303 3218 1464 3304 3219 1465 3305 3220 1466 3307 3222 1468 3304 3219 1465 3307 3222 1468 3305 3220 1466 3308 3223 1470 3306 3221 1467 3308 3223 1470 3305 3220 1466 3308 3223 1470 3309 3224 1469 3307 3222 1468 3308 3223 1470 3310 3225 1471 3309 3224 1469 3308 3223 1470 3311 3226 1472 3310 3225 1471 3308 3223 1470 3312 3227 1473 3311 3226 1472 3312 3227 1473 3308 3223 1470 3313 3228 1474 3308 3223 1470 3314 3229 1475 3313 3228 1474 3315 3230 1476 3314 3229 1475 3308 3223 1470 3308 3223 1470 3306 3221 1467 3315 3230 1476 3316 3231 1477 3314 3229 1475 3315 3230 1476 3317 3232 1478 3313 3228 1474 3314 3229 1475 3316 3231 1477 3317 3232 1478 3314 3229 1475 3316 3231 1477 3318 3233 1479 3317 3232 1478 3319 3234 1480 3316 3231 1477 3315 3230 1476 3318 3233 1479 3316 3231 1477 3319 3234 1480 3315 3230 1476 3320 3235 1481 3319 3234 1480 3319 3234 1480 3321 3236 1482 3318 3233 1479 3319 3234 1480 3322 3237 1483 3321 3236 1482 3319 3234 1480 3323 3238 1484 3322 3237 1483 3324 3239 1486 3319 3234 1480 3320 3235 1481 3325 3240 1487 3324 3239 1486 3320 3235 1481 3325 3240 1487 3320 3235 1481 3326 3241 1488 3325 3240 1487 3327 3242 1489 3324 3239 1486 3325 3240 1487 3328 3243 1490 3327 3242 1489 3319 3234 1480 3324 3239 1486 3329 3244 1485 3327 3242 1489 3329 3244 1485 3324 3239 1486 3323 3238 1484 3319 3234 1480 3329 3244 1485 3326 3241 1488 3330 3245 1491 3325 3240 1487 3328 3243 1490 3325 3240 1487 3330 3245 1491 3330 3245 1491 3331 3246 1492 3328 3243 1490 3330 3245 1491 3332 3247 1493 3331 3246 1492 3330 3245 1491 3333 3248 1494 3332 3247 1493 3330 3245 1491 3326 3241 1488 3334 3249 1497 3334 3249 1497 3335 3250 1496 3330 3245 1491 3330 3245 1491 3335 3250 1496 3336 3251 1495 3333 3248 1494 3330 3245 1491 3336 3251 1495 3337 3252 1498 3335 3250 1496 3334 3249 1497 3338 3253 1499 3337 3252 1498 3334 3249 1497 3337 3252 1498 3339 3254 1501 3335 3250 1496 3339 3254 1501 3336 3251 1495 3335 3250 1496 3337 3252 1498 3340 3255 1500 3339 3254 1501 3340 3255 1500 3337 3252 1498 3338 3253 1499 3338 3253 1499 3341 3256 1502 3340 3255 1500 3338 3253 1499 3342 3257 1503 3341 3256 1502 3343 3258 1504 3342 3257 1503 3338 3253 1499 3338 3253 1499 3344 3259 1505 3343 3258 1504 3344 3259 1505 3338 3253 1499 3345 3260 1506 3334 3249 1497 3345 3260 1506 3338 3253 1499 3348 3263 1508 3347 3262 1509 3346 3261 1507 3348 3263 1508 3346 3261 1507 3349 3264 1510 3346 3261 1507 3350 3265 1511 3349 3264 1510 3346 3261 1507 3351 3266 1512 3350 3265 1511 3351 3266 1512 3346 3261 1507 3352 3267 1513 3352 3267 1513 3346 3261 1507 3347 3262 1509 3352 3267 1513 3353 3268 1514 3351 3266 1512 3352 3267 1513 3354 3269 1515 3353 3268 1514 3352 3267 1513 3355 3270 1516 3354 3269 1515 3356 3271 1517 3355 3270 1516 3352 3267 1513 3352 3267 1513 3357 3272 1518 3356 3271 1517 3352 3267 1513 3347 3262 1509 3357 3272 1518 3347 3262 1509 3358 3273 1519 3357 3272 1518 3358 3273 1519 3359 3274 1520 3357 3272 1518 3360 3275 1521 3356 3271 1517 3357 3272 1518 3359 3274 1520 3360 3275 1521 3357 3272 1518 3359 3274 1520 3361 3276 1522 3360 3275 1521 3361 3276 1522 3359 3274 1520 3362 3277 1523 3358 3273 1519 3362 3277 1523 3359 3274 1520 3363 3278 1524 3362 3277 1523 3358 3273 1519 3362 3277 1523 3364 3279 1525 3361 3276 1522 3362 3277 1523 3365 3280 1526 3364 3279 1525 3362 3277 1523 3366 3281 1527 3365 3280 1526 3367 3282 1528 3366 3281 1527 3362 3277 1523 3362 3277 1523 3368 3283 1529 3367 3282 1528 3363 3278 1524 3368 3283 1529 3362 3277 1523 3368 3283 1529 3363 3278 1524 3369 3284 1530 3370 3285 1531 3367 3282 1528 3368 3283 1529 3369 3284 1530 3370 3285 1531 3368 3283 1529 3369 3284 1530 3371 3286 1532 3370 3285 1531 3371 3286 1532 3369 3284 1530 3372 3287 1533 3372 3287 1533 3369 3284 1530 3363 3278 1524 3363 3278 1524 3373 3288 1534 3372 3287 1533 3372 3287 1533 3374 3289 1535 3371 3286 1532 3372 3287 1533 3375 3290 1536 3374 3289 1535 3376 3291 1537 3375 3290 1536 3372 3287 1533 3377 3292 1538 3376 3291 1537 3372 3287 1533 3372 3287 1533 3378 3293 1539 3377 3292 1538 3378 3293 1539 3372 3287 1533 3373 3288 1534 3379 3294 1540 3378 3293 1539 3373 3288 1534 3379 3294 1540 3373 3288 1534 3380 3295 1541 3381 3296 1542 3377 3292 1538 3378 3293 1539 3379 3294 1540 3381 3296 1542 3378 3293 1539 3379 3294 1540 3382 3297 1543 3381 3296 1542 3382 3297 1543 3379 3294 1540 3383 3298 1544 3383 3298 1544 3379 3294 1540 3380 3295 1541 3383 3298 1544 3384 3299 1545 3382 3297 1543 3383 3298 1544 3385 3300 1546 3384 3299 1545 3386 3301 1547 3385 3300 1546 3383 3298 1544 3387 3302 1548 3386 3301 1547 3383 3298 1544 3387 3302 1548 3383 3298 1544 3388 3303 1549 3389 3304 1550 3388 3303 1549 3383 3298 1544 3286 3201 1447 3389 3304 1550 3383 3298 1544 3383 3298 1544 3380 3295 1541 3286 3201 1447 3286 3201 1447 3390 3305 1551 3389 3304 1550 3389 3304 1550 3390 3305 1551 3388 3303 1549 3285 3200 1446 3390 3305 1551 3286 3201 1447 3391 3306 1552 3390 3305 1551 3285 3200 1446 3390 3305 1551 3391 3306 1552 3388 3303 1549 3285 3200 1446 3392 3307 1553 3391 3306 1552 3285 3200 1446 3288 3203 1449 3392 3307 1553 3395 3310 1556 3394 3309 1555 3393 3308 1554 3393 3308 1554 3394 3309 1555 3396 3311 1557 3397 3312 1558 3394 3309 1555 3395 3310 1556 3398 3313 1559 3397 3312 1558 3395 3310 1556 3397 3312 1558 3399 3314 1560 3394 3309 1555 3394 3309 1555 3399 3314 1560 3400 3315 1561 3394 3309 1555 3400 3315 1561 3396 3311 1557 3400 3315 1561 3401 3316 1562 3396 3311 1557 3400 3315 1561 3402 3317 1563 3401 3316 1562 3399 3314 1560 3402 3317 1563 3400 3315 1561 3402 3317 1563 3403 3318 1564 3401 3316 1562 3403 3318 1564 3404 3319 1565 3401 3316 1562 3401 3316 1562 3404 3319 1565 3405 3320 1566 3406 3321 1567 3401 3316 1562 3405 3320 1566 3407 3322 1568 3401 3316 1562 3406 3321 1567 3401 3316 1562 3407 3322 1568 3396 3311 1557 3408 3323 1569 3407 3322 1568 3406 3321 1567 3408 3323 1569 3406 3321 1567 3405 3320 1566 3407 3322 1568 3408 3323 1569 3409 3324 1570 3410 3325 1571 3408 3323 1569 3405 3320 1566 3410 3325 1571 3411 3326 1572 3408 3323 1569 3408 3323 1569 3411 3326 1572 3412 3327 1573 3408 3323 1569 3412 3327 1573 3409 3324 1570 3412 3327 1573 3413 3328 1574 3409 3324 1570 3412 3327 1573 3414 3329 1575 3413 3328 1574 3411 3326 1572 3414 3329 1575 3412 3327 1573 3414 3329 1575 3415 3330 1576 3413 3328 1574 3415 3330 1576 3416 3331 1577 3413 3328 1574 3413 3328 1574 3416 3331 1577 3417 3332 1578 3418 3333 1579 3413 3328 1574 3417 3332 1578 3419 3334 1580 3413 3328 1574 3418 3333 1579 3413 3328 1574 3419 3334 1580 3409 3324 1570 3420 3335 1581 3419 3334 1580 3418 3333 1579 3420 3335 1581 3418 3333 1579 3417 3332 1578 3419 3334 1580 3420 3335 1581 3421 3336 1582 3422 3337 1583 3420 3335 1581 3417 3332 1578 3422 3337 1583 3423 3338 1584 3420 3335 1581 3420 3335 1581 3423 3338 1584 3424 3339 1585 3420 3335 1581 3424 3339 1585 3421 3336 1582 3424 3339 1585 3425 3340 1586 3421 3336 1582 3424 3339 1585 3426 3341 1587 3425 3340 1586 3423 3338 1584 3426 3341 1587 3424 3339 1585 3426 3341 1587 3427 3342 1588 3425 3340 1586 3427 3342 1588 3428 3343 1589 3425 3340 1586 3425 3340 1586 3428 3343 1589 3429 3344 1590 3430 3345 1591 3425 3340 1586 3429 3344 1590 3431 3346 1592 3425 3340 1586 3430 3345 1591 3425 3340 1586 3431 3346 1592 3421 3336 1582 3434 3349 1586 3433 3348 1592 3432 3347 1591 3433 3348 1592 3434 3349 1586 3435 3350 1582 3434 3349 1586 3432 3347 1591 3436 3351 1590 3437 3352 1589 3434 3349 1586 3436 3351 1590 3437 3352 1589 3438 3353 1588 3434 3349 1586 3434 3349 1586 3438 3353 1588 3439 3354 1585 3434 3349 1586 3439 3354 1585 3435 3350 1582 3439 3354 1585 3440 3355 1581 3435 3350 1582 3439 3354 1585 3441 3356 1587 3440 3355 1581 3438 3353 1588 3441 3356 1587 3439 3354 1585 3441 3356 1587 3442 3357 1584 3440 3355 1581 3442 3357 1584 3443 3358 1583 3440 3355 1581 3440 3355 1581 3443 3358 1583 3444 3359 1578 3445 3360 1579 3440 3355 1581 3444 3359 1578 3446 3361 1580 3440 3355 1581 3445 3360 1579 3440 3355 1581 3446 3361 1580 3435 3350 1582 3447 3362 1574 3446 3361 1580 3445 3360 1579 3447 3362 1574 3445 3360 1579 3444 3359 1578 3446 3361 1580 3447 3362 1574 3448 3363 1570 3449 3364 1577 3447 3362 1574 3444 3359 1578 3449 3364 1577 3450 3365 1576 3447 3362 1574 3447 3362 1574 3450 3365 1576 3451 3366 1573 3447 3362 1574 3451 3366 1573 3448 3363 1570 3451 3366 1573 3452 3367 1569 3448 3363 1570 3451 3366 1573 3453 3368 1575 3452 3367 1569 3450 3365 1576 3453 3368 1575 3451 3366 1573 3453 3368 1575 3454 3369 1572 3452 3367 1569 3454 3369 1572 3455 3370 1571 3452 3367 1569 3452 3367 1569 3455 3370 1571 3456 3371 1566 3457 3372 1567 3452 3367 1569 3456 3371 1566 3458 3373 1568 3452 3367 1569 3457 3372 1567 3452 3367 1569 3458 3373 1568 3448 3363 1570 3459 3374 1562 3458 3373 1568 3457 3372 1567 3459 3374 1562 3457 3372 1567 3456 3371 1566 3458 3373 1568 3459 3374 1562 3460 3375 1557 3461 3376 1565 3459 3374 1562 3456 3371 1566 3461 3376 1565 3462 3377 1564 3459 3374 1562 3459 3374 1562 3462 3377 1564 3463 3378 1561 3459 3374 1562 3463 3378 1561 3460 3375 1557 3463 3378 1561 3464 3379 1555 3460 3375 1557 3463 3378 1561 3465 3380 1563 3464 3379 1555 3462 3377 1564 3465 3380 1563 3463 3378 1561 3465 3380 1563 3466 3381 1560 3464 3379 1555 3466 3381 1560 3467 3382 1558 3464 3379 1555 3464 3379 1555 3467 3382 1558 3468 3383 1559 3469 3384 1556 3464 3379 1555 3468 3383 1559 3470 3385 1554 3464 3379 1555 3469 3384 1556 3464 3379 1555 3470 3385 1554 3460 3375 1557 3473 3388 1555 3472 3387 1556 3471 3386 1554 3473 3388 1555 3471 3386 1554 3474 3389 1557 3473 3388 1555 3475 3390 1558 3472 3387 1556 3475 3390 1558 3476 3391 1559 3472 3387 1556 3477 3392 1560 3475 3390 1558 3473 3388 1555 3477 3392 1560 3473 3388 1555 3478 3393 1561 3478 3393 1561 3473 3388 1555 3474 3389 1557 3479 3394 1562 3478 3393 1561 3474 3389 1557 3480 3395 1563 3478 3393 1561 3479 3394 1562 3480 3395 1563 3477 3392 1560 3478 3393 1561 3481 3396 1564 3480 3395 1563 3479 3394 1562 3482 3397 1565 3481 3396 1564 3479 3394 1562 3482 3397 1565 3479 3394 1562 3483 3398 1566 3479 3394 1562 3484 3399 1567 3483 3398 1566 3479 3394 1562 3485 3400 1568 3484 3399 1567 3485 3400 1568 3479 3394 1562 3474 3389 1557 3485 3400 1568 3486 3401 1569 3484 3399 1567 3484 3399 1567 3486 3401 1569 3483 3398 1566 3486 3401 1569 3485 3400 1568 3487 3402 1570 3486 3401 1569 3488 3403 1571 3483 3398 1566 3489 3404 1572 3488 3403 1571 3486 3401 1569 3489 3404 1572 3486 3401 1569 3490 3405 1573 3490 3405 1573 3486 3401 1569 3487 3402 1570 3491 3406 1574 3490 3405 1573 3487 3402 1570 3492 3407 1575 3490 3405 1573 3491 3406 1574 3492 3407 1575 3489 3404 1572 3490 3405 1573 3493 3408 1576 3492 3407 1575 3491 3406 1574 3494 3409 1577 3493 3408 1576 3491 3406 1574 3494 3409 1577 3491 3406 1574 3495 3410 1578 3491 3406 1574 3496 3411 1579 3495 3410 1578 3491 3406 1574 3497 3412 1580 3496 3411 1579 3497 3412 1580 3491 3406 1574 3487 3402 1570 3497 3412 1580 3498 3413 1581 3496 3411 1579 3496 3411 1579 3498 3413 1581 3495 3410 1578 3498 3413 1581 3497 3412 1580 3499 3414 1582 3498 3413 1581 3500 3415 1583 3495 3410 1578 3501 3416 1584 3500 3415 1583 3498 3413 1581 3501 3416 1584 3498 3413 1581 3502 3417 1585 3502 3417 1585 3498 3413 1581 3499 3414 1582 3503 3418 1586 3502 3417 1585 3499 3414 1582 3504 3419 1587 3502 3417 1585 3503 3418 1586 3504 3419 1587 3501 3416 1584 3502 3417 1585 3505 3420 1588 3504 3419 1587 3503 3418 1586 3506 3421 1589 3505 3420 1588 3503 3418 1586 3506 3421 1589 3503 3418 1586 3507 3422 1590 3503 3418 1586 3508 3423 1591 3507 3422 1590 3503 3418 1586 3509 3424 1592 3508 3423 1591 3509 3424 1592 3503 3418 1586 3499 3414 1582 3512 3427 1592 3511 3426 1586 3510 3425 1591 3511 3426 1586 3512 3427 1592 3513 3428 1582 3510 3425 1591 3511 3426 1586 3514 3429 1590 3511 3426 1586 3515 3430 1589 3514 3429 1590 3516 3431 1588 3515 3430 1589 3511 3426 1586 3516 3431 1588 3511 3426 1586 3517 3432 1585 3517 3432 1585 3511 3426 1586 3513 3428 1582 3518 3433 1581 3517 3432 1585 3513 3428 1582 3519 3434 1587 3517 3432 1585 3518 3433 1581 3519 3434 1587 3516 3431 1588 3517 3432 1585 3520 3435 1584 3519 3434 1587 3518 3433 1581 3521 3436 1583 3520 3435 1584 3518 3433 1581 3521 3436 1583 3518 3433 1581 3522 3437 1578 3518 3433 1581 3523 3438 1579 3522 3437 1578 3518 3433 1581 3524 3439 1580 3523 3438 1579 3524 3439 1580 3518 3433 1581 3513 3428 1582 3524 3439 1580 3525 3440 1574 3523 3438 1579 3523 3438 1579 3525 3440 1574 3522 3437 1578 3525 3440 1574 3524 3439 1580 3526 3441 1570 3525 3440 1574 3527 3442 1577 3522 3437 1578 3528 3443 1576 3527 3442 1577 3525 3440 1574 3528 3443 1576 3525 3440 1574 3529 3444 1573 3529 3444 1573 3525 3440 1574 3526 3441 1570 3530 3445 1569 3529 3444 1573 3526 3441 1570 3531 3446 1575 3529 3444 1573 3530 3445 1569 3531 3446 1575 3528 3443 1576 3529 3444 1573 3532 3447 1572 3531 3446 1575 3530 3445 1569 3533 3448 1571 3532 3447 1572 3530 3445 1569 3533 3448 1571 3530 3445 1569 3534 3449 1566 3530 3445 1569 3535 3450 1567 3534 3449 1566 3530 3445 1569 3536 3451 1568 3535 3450 1567 3536 3451 1568 3530 3445 1569 3526 3441 1570 3536 3451 1568 3537 3452 1562 3535 3450 1567 3535 3450 1567 3537 3452 1562 3534 3449 1566 3537 3452 1562 3536 3451 1568 3538 3453 1557 3537 3452 1562 3539 3454 1565 3534 3449 1566 3540 3455 1564 3539 3454 1565 3537 3452 1562 3540 3455 1564 3537 3452 1562 3541 3456 1561 3541 3456 1561 3537 3452 1562 3538 3453 1557 3542 3457 1555 3541 3456 1561 3538 3453 1557 3543 3458 1563 3541 3456 1561 3542 3457 1555 3543 3458 1563 3540 3455 1564 3541 3456 1561 3544 3459 1560 3543 3458 1563 3542 3457 1555 3545 3460 1558 3544 3459 1560 3542 3457 1555 3545 3460 1558 3542 3457 1555 3546 3461 1559 3542 3457 1555 3547 3462 1556 3546 3461 1559 3542 3457 1555 3548 3463 1554 3547 3462 1556 3548 3463 1554 3542 3457 1555 3538 3453 1557 3551 3466 1595 3550 3465 1594 3549 3464 1593 3549 3464 1593 3552 3467 1596 3551 3466 1595 3552 3467 1596 3553 3468 1597 3551 3466 1595 3551 3466 1595 3553 3468 1597 3554 3469 1598 3554 3469 1598 3555 3470 1599 3551 3466 1595 3551 3466 1595 3555 3470 1599 3556 3471 1600 3551 3466 1595 3556 3471 1600 3550 3465 1594 3556 3471 1600 3557 3472 1601 3550 3465 1594 3550 3465 1594 3557 3472 1601 3558 3473 1602 3550 3465 1594 3558 3473 1602 3559 3474 1603 3560 3475 1604 3550 3465 1594 3559 3474 1603 3550 3465 1594 3560 3475 1604 3549 3464 1593 3561 3476 1605 3549 3464 1593 3560 3475 1604 3553 3468 1597 3562 3477 1606 3554 3469 1598 3553 3468 1597 3563 3478 1607 3562 3477 1606 3563 3478 1607 3553 3468 1597 3552 3467 1596 3552 3467 1596 3564 3479 1608 3563 3478 1607 3563 3478 1607 3564 3479 1608 3565 3480 1609 3563 3478 1607 3566 3481 1610 3562 3477 1606 3563 3478 1607 3567 3482 1611 3566 3481 1610 3568 3483 1612 3567 3482 1611 3563 3478 1607 3565 3480 1609 3568 3483 1612 3563 3478 1607 3565 3480 1609 3569 3484 1613 3568 3483 1612 3570 3485 1614 3569 3484 1613 3565 3480 1609 3565 3480 1609 3571 3486 1615 3570 3485 1614 3571 3486 1615 3565 3480 1609 3564 3479 1608 3564 3479 1608 3572 3487 1616 3571 3486 1615 3571 3486 1615 3573 3488 1617 3570 3485 1614 3571 3486 1615 3574 3489 1618 3573 3488 1617 3571 3486 1615 3572 3487 1616 3574 3489 1618 3575 3490 1619 3574 3489 1618 3572 3487 1616 3572 3487 1616 3576 3491 1620 3575 3490 1619 3574 3489 1618 3577 3492 1621 3573 3488 1617 3574 3489 1618 3578 3493 1622 3577 3492 1621 3579 3494 1623 3578 3493 1622 3574 3489 1618 3575 3490 1619 3579 3494 1623 3574 3489 1618 3575 3490 1619 3580 3495 1624 3579 3494 1623 3581 3496 1625 3580 3495 1624 3575 3490 1619 3575 3490 1619 3582 3497 1626 3581 3496 1625 3576 3491 1620 3582 3497 1626 3575 3490 1619 3582 3497 1626 3583 3498 1627 3581 3496 1625 3582 3497 1626 3584 3499 1628 3583 3498 1627 3585 3500 1629 3584 3499 1628 3582 3497 1626 3582 3497 1626 3576 3491 1620 3585 3500 1629 3586 3501 1630 3584 3499 1628 3585 3500 1629 3584 3499 1628 3587 3502 1631 3583 3498 1627 3584 3499 1628 3588 3503 1632 3587 3502 1631 3589 3504 1633 3588 3503 1632 3584 3499 1628 3586 3501 1630 3589 3504 1633 3584 3499 1628 3586 3501 1630 3590 3505 1634 3589 3504 1633 3591 3506 1635 3590 3505 1634 3586 3501 1630 3586 3501 1630 3592 3507 1636 3591 3506 1635 3592 3507 1636 3586 3501 1630 3585 3500 1629 3585 3500 1629 3593 3508 1637 3592 3507 1636 3592 3507 1636 3594 3509 1638 3591 3506 1635 3592 3507 1636 3595 3510 1639 3594 3509 1638 3595 3510 1639 3592 3507 1636 3593 3508 1637 3596 3511 1640 3595 3510 1639 3593 3508 1637 3596 3511 1640 3593 3508 1637 3597 3512 1641 3596 3511 1640 3598 3513 1642 3595 3510 1639 3596 3511 1640 3599 3514 1643 3598 3513 1642 3600 3515 1644 3599 3514 1643 3596 3511 1640 3595 3510 1639 3601 3516 1645 3594 3509 1638 3595 3510 1639 3602 3517 1646 3601 3516 1645 3598 3513 1642 3602 3517 1646 3595 3510 1639 3596 3511 1640 3603 3518 1647 3600 3515 1644 3597 3512 1641 3603 3518 1647 3596 3511 1640 3603 3518 1647 3604 3519 1648 3600 3515 1644 3603 3518 1647 3605 3520 1649 3604 3519 1648 3606 3521 1650 3605 3520 1649 3603 3518 1647 3603 3518 1647 3597 3512 1641 3606 3521 1650 3605 3520 1649 3607 3522 1651 3604 3519 1648 3605 3520 1649 3608 3523 1652 3607 3522 1651 3609 3524 1653 3605 3520 1649 3606 3521 1650 3610 3525 1654 3609 3524 1653 3606 3521 1650 3609 3524 1653 3611 3526 1655 3605 3520 1649 3611 3526 1655 3608 3523 1652 3605 3520 1649 3609 3524 1653 3612 3527 1656 3611 3526 1655 3613 3528 1657 3612 3527 1656 3609 3524 1653 3609 3524 1653 3610 3525 1654 3613 3528 1657 3610 3525 1654 3614 3529 1658 3613 3528 1657 3610 3525 1654 3615 3530 1659 3614 3529 1658 3615 3530 1659 3616 3531 1660 3614 3529 1658 3615 3530 1659 3610 3525 1654 3617 3532 1661 3606 3521 1650 3617 3532 1661 3610 3525 1654 3620 3535 1664 3619 3534 1663 3618 3533 1662 3620 3535 1664 3618 3533 1662 3621 3536 1665 3621 3536 1665 3618 3533 1662 3622 3537 1666 3618 3533 1662 3623 3538 1667 3622 3537 1666 3624 3539 1668 3623 3538 1667 3618 3533 1662 3618 3533 1662 3625 3540 1669 3624 3539 1668 3625 3540 1669 3618 3533 1662 3619 3534 1663 3625 3540 1669 3626 3541 1670 3624 3539 1668 3625 3540 1669 3627 3542 1671 3626 3541 1670 3625 3540 1669 3619 3534 1663 3627 3542 1671 3619 3534 1663 3628 3543 1672 3627 3542 1671 3628 3543 1672 3629 3544 1673 3627 3542 1671 3627 3542 1671 3630 3545 1674 3626 3541 1670 3627 3542 1671 3631 3546 1675 3630 3545 1674 3632 3547 1676 3631 3546 1675 3627 3542 1671 3629 3544 1673 3632 3547 1676 3627 3542 1671 3629 3544 1673 3633 3548 1677 3632 3547 1676 3634 3549 1678 3633 3548 1677 3629 3544 1673 3629 3544 1673 3635 3550 1679 3634 3549 1678 3628 3543 1672 3635 3550 1679 3629 3544 1673 3636 3551 1680 3635 3550 1679 3628 3543 1672 3635 3550 1679 3637 3552 1681 3634 3549 1678 3635 3550 1679 3638 3553 1682 3637 3552 1681 3636 3551 1680 3638 3553 1682 3635 3550 1679 3638 3553 1682 3636 3551 1680 3639 3554 1683 3638 3553 1682 3640 3555 1684 3637 3552 1681 3638 3553 1682 3641 3556 1685 3640 3555 1684 3642 3557 1686 3641 3556 1685 3638 3553 1682 3639 3554 1683 3642 3557 1686 3638 3553 1682 3639 3554 1683 3643 3558 1687 3642 3557 1686 3644 3559 1688 3643 3558 1687 3639 3554 1683 3639 3554 1683 3645 3560 1689 3644 3559 1688 3645 3560 1689 3639 3554 1683 3636 3551 1680 3636 3551 1680 3646 3561 1690 3645 3560 1689 3645 3560 1689 3647 3562 1691 3644 3559 1688 3645 3560 1689 3648 3563 1692 3647 3562 1691 3648 3563 1692 3645 3560 1689 3646 3561 1690 3649 3564 1693 3648 3563 1692 3646 3561 1690 3649 3564 1693 3646 3561 1690 3650 3565 1694 3648 3563 1692 3651 3566 1695 3647 3562 1691 3648 3563 1692 3652 3567 1696 3651 3566 1695 3653 3568 1697 3652 3567 1696 3648 3563 1692 3649 3564 1693 3653 3568 1697 3648 3563 1692 3649 3564 1693 3654 3569 1698 3653 3568 1697 3655 3570 1699 3654 3569 1698 3649 3564 1693 3649 3564 1693 3656 3571 1700 3655 3570 1699 3656 3571 1700 3649 3564 1693 3650 3565 1694 3656 3571 1700 3657 3572 1701 3655 3570 1699 3656 3571 1700 3658 3573 1702 3657 3572 1701 3561 3476 1605 3658 3573 1702 3656 3571 1700 3656 3571 1700 3650 3565 1694 3561 3476 1605 3561 3476 1605 3659 3574 1703 3658 3573 1702 3658 3573 1702 3659 3574 1703 3660 3575 1704 3660 3575 1704 3661 3576 1705 3658 3573 1702 3658 3573 1702 3661 3576 1705 3662 3577 1706 3658 3573 1702 3662 3577 1706 3657 3572 1701 3560 3475 1604 3659 3574 1703 3561 3476 1605 3659 3574 1703 3560 3475 1604 3663 3578 1707 3663 3578 1707 3664 3579 1708 3659 3574 1703 3659 3574 1703 3664 3579 1708 3660 3575 1704 3560 3475 1604 3559 3474 1603 3663 3578 1707 3667 3582 1594 3666 3581 1595 3665 3580 1593 3668 3583 1596 3665 3580 1593 3666 3581 1595 3669 3584 1597 3668 3583 1596 3666 3581 1595 3669 3584 1597 3666 3581 1595 3670 3585 1598 3671 3586 1599 3670 3585 1598 3666 3581 1595 3671 3586 1599 3666 3581 1595 3672 3587 1600 3672 3587 1600 3666 3581 1595 3667 3582 1594 3673 3588 1601 3672 3587 1600 3667 3582 1594 3673 3588 1601 3667 3582 1594 3674 3589 1602 3674 3589 1602 3667 3582 1594 3675 3590 1603 3667 3582 1594 3676 3591 1604 3675 3590 1603 3676 3591 1604 3667 3582 1594 3665 3580 1593 3665 3580 1593 3677 3592 1605 3676 3591 1604 3678 3593 1606 3669 3584 1597 3670 3585 1598 3679 3594 1607 3669 3584 1597 3678 3593 1606 3669 3584 1597 3679 3594 1607 3668 3583 1596 3680 3595 1608 3668 3583 1596 3679 3594 1607 3680 3595 1608 3679 3594 1607 3681 3596 1609 3682 3597 1610 3679 3594 1607 3678 3593 1606 3683 3598 1611 3679 3594 1607 3682 3597 1610 3683 3598 1611 3684 3599 1612 3679 3594 1607 3684 3599 1612 3681 3596 1609 3679 3594 1607 3685 3600 1613 3681 3596 1609 3684 3599 1612 3685 3600 1613 3686 3601 1614 3681 3596 1609 3687 3602 1615 3681 3596 1609 3686 3601 1614 3681 3596 1609 3687 3602 1615 3680 3595 1608 3688 3603 1616 3680 3595 1608 3687 3602 1615 3689 3604 1617 3687 3602 1615 3686 3601 1614 3690 3605 1618 3687 3602 1615 3689 3604 1617 3688 3603 1616 3687 3602 1615 3690 3605 1618 3690 3605 1618 3691 3606 1619 3688 3603 1616 3692 3607 1620 3688 3603 1616 3691 3606 1619 3693 3608 1621 3690 3605 1618 3689 3604 1617 3694 3609 1622 3690 3605 1618 3693 3608 1621 3694 3609 1622 3695 3610 1623 3690 3605 1618 3695 3610 1623 3691 3606 1619 3690 3605 1618 3696 3611 1624 3691 3606 1619 3695 3610 1623 3696 3611 1624 3697 3612 1625 3691 3606 1619 3698 3613 1626 3691 3606 1619 3697 3612 1625 3698 3613 1626 3692 3607 1620 3691 3606 1619 3699 3614 1627 3698 3613 1626 3697 3612 1625 3700 3615 1628 3698 3613 1626 3699 3614 1627 3700 3615 1628 3701 3616 1629 3698 3613 1626 3692 3607 1620 3698 3613 1626 3701 3616 1629 3700 3615 1628 3702 3617 1630 3701 3616 1629 3703 3618 1631 3700 3615 1628 3699 3614 1627 3704 3619 1632 3700 3615 1628 3703 3618 1631 3704 3619 1632 3705 3620 1633 3700 3615 1628 3705 3620 1633 3702 3617 1630 3700 3615 1628 3706 3621 1634 3702 3617 1630 3705 3620 1633 3706 3621 1634 3707 3622 1635 3702 3617 1630 3708 3623 1636 3702 3617 1630 3707 3622 1635 3702 3617 1630 3708 3623 1636 3701 3616 1629 3709 3624 1637 3701 3616 1629 3708 3623 1636 3710 3625 1638 3708 3623 1636 3707 3622 1635 3711 3626 1639 3708 3623 1636 3710 3625 1638 3708 3623 1636 3711 3626 1639 3709 3624 1637 3711 3626 1639 3712 3627 1640 3709 3624 1637 3709 3624 1637 3712 3627 1640 3713 3628 1641 3714 3629 1642 3712 3627 1640 3711 3626 1639 3715 3630 1643 3712 3627 1640 3714 3629 1642 3715 3630 1643 3716 3631 1644 3712 3627 1640 3717 3632 1645 3711 3626 1639 3710 3625 1638 3718 3633 1646 3711 3626 1639 3717 3632 1645 3718 3633 1646 3714 3629 1642 3711 3626 1639 3719 3634 1647 3712 3627 1640 3716 3631 1644 3719 3634 1647 3713 3628 1641 3712 3627 1640 3720 3635 1648 3719 3634 1647 3716 3631 1644 3721 3636 1649 3719 3634 1647 3720 3635 1648 3721 3636 1649 3722 3637 1650 3719 3634 1647 3713 3628 1641 3719 3634 1647 3722 3637 1650 3723 3638 1651 3721 3636 1649 3720 3635 1648 3724 3639 1652 3721 3636 1649 3723 3638 1651 3721 3636 1649 3725 3640 1653 3722 3637 1650 3725 3640 1653 3726 3641 1654 3722 3637 1650 3727 3642 1655 3725 3640 1653 3721 3636 1649 3724 3639 1652 3727 3642 1655 3721 3636 1649 3728 3643 1656 3725 3640 1653 3727 3642 1655 3728 3643 1656 3729 3644 1657 3725 3640 1653 3726 3641 1654 3725 3640 1653 3729 3644 1657 3730 3645 1658 3726 3641 1654 3729 3644 1657 3731 3646 1659 3726 3641 1654 3730 3645 1658 3732 3647 1660 3731 3646 1659 3730 3645 1658 3726 3641 1654 3731 3646 1659 3733 3648 1661 3733 3648 1661 3722 3637 1650 3726 3641 1654 3736 3651 1663 3735 3650 1664 3734 3649 1662 3734 3649 1662 3735 3650 1664 3737 3652 1665 3734 3649 1662 3737 3652 1665 3738 3653 1666 3739 3654 1667 3734 3649 1662 3738 3653 1666 3739 3654 1667 3740 3655 1668 3734 3649 1662 3741 3656 1669 3734 3649 1662 3740 3655 1668 3734 3649 1662 3741 3656 1669 3736 3651 1663 3742 3657 1670 3741 3656 1669 3740 3655 1668 3743 3658 1671 3741 3656 1669 3742 3657 1670 3736 3651 1663 3741 3656 1669 3743 3658 1671 3744 3659 1672 3736 3651 1663 3743 3658 1671 3745 3660 1673 3744 3659 1672 3743 3658 1671 3746 3661 1674 3743 3658 1671 3742 3657 1670 3747 3662 1675 3743 3658 1671 3746 3661 1674 3747 3662 1675 3748 3663 1676 3743 3658 1671 3748 3663 1676 3745 3660 1673 3743 3658 1671 3749 3664 1677 3745 3660 1673 3748 3663 1676 3749 3664 1677 3750 3665 1678 3745 3660 1673 3751 3666 1679 3745 3660 1673 3750 3665 1678 3751 3666 1679 3744 3659 1672 3745 3660 1673 3751 3666 1679 3752 3667 1680 3744 3659 1672 3753 3668 1681 3751 3666 1679 3750 3665 1678 3754 3669 1682 3751 3666 1679 3753 3668 1681 3754 3669 1682 3752 3667 1680 3751 3666 1679 3752 3667 1680 3754 3669 1682 3755 3670 1683 3756 3671 1684 3754 3669 1682 3753 3668 1681 3757 3672 1685 3754 3669 1682 3756 3671 1684 3757 3672 1685 3758 3673 1686 3754 3669 1682 3758 3673 1686 3755 3670 1683 3754 3669 1682 3759 3674 1687 3755 3670 1683 3758 3673 1686 3759 3674 1687 3760 3675 1688 3755 3670 1683 3761 3676 1689 3755 3670 1683 3760 3675 1688 3755 3670 1683 3761 3676 1689 3752 3667 1680 3762 3677 1690 3752 3667 1680 3761 3676 1689 3763 3678 1691 3761 3676 1689 3760 3675 1688 3764 3679 1692 3761 3676 1689 3763 3678 1691 3761 3676 1689 3764 3679 1692 3762 3677 1690 3764 3679 1692 3765 3680 1693 3762 3677 1690 3762 3677 1690 3765 3680 1693 3766 3681 1694 3767 3682 1695 3764 3679 1692 3763 3678 1691 3768 3683 1696 3764 3679 1692 3767 3682 1695 3768 3683 1696 3769 3684 1697 3764 3679 1692 3769 3684 1697 3765 3680 1693 3764 3679 1692 3770 3685 1698 3765 3680 1693 3769 3684 1697 3770 3685 1698 3771 3686 1699 3765 3680 1693 3772 3687 1700 3765 3680 1693 3771 3686 1699 3765 3680 1693 3772 3687 1700 3766 3681 1694 3773 3688 1701 3772 3687 1700 3771 3686 1699 3774 3689 1702 3772 3687 1700 3773 3688 1701 3774 3689 1702 3677 3592 1605 3772 3687 1700 3766 3681 1694 3772 3687 1700 3677 3592 1605 3775 3690 1703 3677 3592 1605 3774 3689 1702 3775 3690 1703 3774 3689 1702 3776 3691 1704 3777 3692 1705 3776 3691 1704 3774 3689 1702 3777 3692 1705 3774 3689 1702 3778 3693 1706 3778 3693 1706 3774 3689 1702 3773 3688 1701 3775 3690 1703 3676 3591 1604 3677 3592 1605 3676 3591 1604 3775 3690 1703 3779 3694 1707 3780 3695 1708 3779 3694 1707 3775 3690 1703 3780 3695 1708 3775 3690 1703 3776 3691 1704 3675 3590 1603 3676 3591 1604 3779 3694 1707 3783 3698 1711 3782 3697 1710 3781 3696 1709 3783 3698 1711 3781 3696 1709 3784 3699 1712 3782 3697 1710 3783 3698 1711 3785 3700 1713 3785 3700 1713 3783 3698 1711 3786 3701 1714 3786 3701 1714 3783 3698 1711 3784 3699 1712 3787 3702 1715 3786 3701 1714 3784 3699 1712 3788 3703 1716 3786 3701 1714 3787 3702 1715 3788 3703 1716 3785 3700 1713 3786 3701 1714 3789 3704 1717 3788 3703 1716 3787 3702 1715 3790 3705 1718 3787 3702 1715 3784 3699 1712 3787 3702 1715 3790 3705 1718 3791 3706 1719 3789 3704 1717 3787 3702 1715 3791 3706 1719 3790 3705 1718 3792 3707 1720 3791 3706 1719 3792 3707 1720 3790 3705 1718 3793 3708 1721 3791 3706 1719 3792 3707 1720 3794 3709 1722 3794 3709 1722 3792 3707 1720 3795 3710 1723 3795 3710 1723 3792 3707 1720 3793 3708 1721 3796 3711 1724 3795 3710 1723 3793 3708 1721 3797 3712 1725 3795 3710 1723 3796 3711 1724 3797 3712 1725 3794 3709 1722 3795 3710 1723 3798 3713 1726 3797 3712 1725 3796 3711 1724 3799 3714 1727 3796 3711 1724 3793 3708 1721 3796 3711 1724 3799 3714 1727 3800 3715 1728 3798 3713 1726 3796 3711 1724 3800 3715 1728 3799 3714 1727 3801 3716 1729 3800 3715 1728 3801 3716 1729 3799 3714 1727 3802 3717 1730 3800 3715 1728 3801 3716 1729 3803 3718 1731 3803 3718 1731 3801 3716 1729 3804 3719 1732 3804 3719 1732 3801 3716 1729 3802 3717 1730 3805 3720 1733 3804 3719 1732 3802 3717 1730 3806 3721 1734 3804 3719 1732 3805 3720 1733 3806 3721 1734 3803 3718 1731 3804 3719 1732 3807 3722 1735 3806 3721 1734 3805 3720 1733 3808 3723 1736 3805 3720 1733 3802 3717 1730 3805 3720 1733 3808 3723 1736 3809 3724 1737 3807 3722 1735 3805 3720 1733 3809 3724 1737 3809 3724 1737 3810 3725 1738 3807 3722 1735 3810 3725 1738 3809 3724 1737 3811 3726 1739 3800 3715 1728 3812 3727 1740 3798 3713 1726 3812 3727 1740 3800 3715 1728 3813 3728 1741 3800 3715 1728 3814 3729 1742 3813 3728 1741 3803 3718 1731 3814 3729 1742 3800 3715 1728 3817 3732 1736 3816 3731 1733 3815 3730 1737 3816 3731 1733 3817 3732 1736 3818 3733 1730 3815 3730 1737 3816 3731 1733 3819 3734 1735 3819 3734 1735 3816 3731 1733 3820 3735 1732 3820 3735 1732 3816 3731 1733 3818 3733 1730 3821 3736 1729 3820 3735 1732 3818 3733 1730 3822 3737 1734 3820 3735 1732 3821 3736 1729 3822 3737 1734 3819 3734 1735 3820 3735 1732 3823 3738 1731 3822 3737 1734 3821 3736 1729 3824 3739 1727 3821 3736 1729 3818 3733 1730 3821 3736 1729 3824 3739 1727 3825 3740 1728 3823 3738 1731 3821 3736 1729 3825 3740 1728 3824 3739 1727 3826 3741 1724 3825 3740 1728 3826 3741 1724 3824 3739 1727 3827 3742 1721 3825 3740 1728 3826 3741 1724 3828 3743 1726 3828 3743 1726 3826 3741 1724 3829 3744 1723 3829 3744 1723 3826 3741 1724 3827 3742 1721 3830 3745 1720 3829 3744 1723 3827 3742 1721 3831 3746 1725 3829 3744 1723 3830 3745 1720 3831 3746 1725 3828 3743 1726 3829 3744 1723 3832 3747 1722 3831 3746 1725 3830 3745 1720 3833 3748 1718 3830 3745 1720 3827 3742 1721 3830 3745 1720 3833 3748 1718 3834 3749 1719 3832 3747 1722 3830 3745 1720 3834 3749 1719 3833 3748 1718 3835 3750 1715 3834 3749 1719 3835 3750 1715 3833 3748 1718 3836 3751 1712 3834 3749 1719 3835 3750 1715 3837 3752 1717 3834 3749 1719 3838 3753 1743 3832 3747 1722 3838 3753 1743 3834 3749 1719 3839 3754 1744 3834 3749 1719 3840 3755 1745 3839 3754 1744 3837 3752 1717 3840 3755 1745 3834 3749 1719 3837 3752 1717 3835 3750 1715 3841 3756 1714 3841 3756 1714 3835 3750 1715 3836 3751 1712 3842 3757 1711 3841 3756 1714 3836 3751 1712 3843 3758 1716 3841 3756 1714 3842 3757 1711 3843 3758 1716 3837 3752 1717 3841 3756 1714 3844 3759 1713 3843 3758 1716 3842 3757 1711 3845 3760 1709 3842 3757 1711 3836 3751 1712 3842 3757 1711 3845 3760 1709 3846 3761 1710 3844 3759 1713 3842 3757 1711 3846 3761 1710 3846 3761 1710 3847 3762 1746 3844 3759 1713 3847 3762 1746 3846 3761 1710 3848 3763 1747 3850 3765 1746 3849 3764 1747 3782 3697 1710 3785 3700 1713 3850 3765 1746 3782 3697 1710 3852 3767 1745 3791 3706 1719 3851 3766 1744 3791 3706 1719 3853 3768 1743 3851 3766 1744 3791 3706 1719 3852 3767 1745 3789 3704 1717 3794 3709 1722 3853 3768 1743 3791 3706 1719 3815 3730 1737 3855 3770 1738 3854 3769 1739 3819 3734 1735 3855 3770 1738 3815 3730 1737 3857 3772 1742 3825 3740 1728 3856 3771 1741 3825 3740 1728 3858 3773 1740 3856 3771 1741 3825 3740 1728 3857 3772 1742 3823 3738 1731 3828 3743 1726 3858 3773 1740 3825 3740 1728 3861 3776 1710 3860 3775 1711 3859 3774 1709 3859 3774 1709 3860 3775 1711 3862 3777 1712 3863 3778 1713 3860 3775 1711 3861 3776 1710 3860 3775 1711 3863 3778 1713 3864 3779 1714 3860 3775 1711 3864 3779 1714 3862 3777 1712 3864 3779 1714 3865 3780 1715 3862 3777 1712 3864 3779 1714 3866 3781 1716 3865 3780 1715 3863 3778 1713 3866 3781 1716 3864 3779 1714 3866 3781 1716 3867 3782 1717 3865 3780 1715 3865 3780 1715 3868 3783 1718 3862 3777 1712 3868 3783 1718 3865 3780 1715 3869 3784 1719 3869 3784 1719 3865 3780 1715 3867 3782 1717 3870 3785 1720 3868 3783 1718 3869 3784 1719 3868 3783 1718 3870 3785 1720 3871 3786 1721 3872 3787 1722 3870 3785 1720 3869 3784 1719 3870 3785 1720 3872 3787 1722 3873 3788 1723 3870 3785 1720 3873 3788 1723 3871 3786 1721 3873 3788 1723 3874 3789 1724 3871 3786 1721 3873 3788 1723 3875 3790 1725 3874 3789 1724 3872 3787 1722 3875 3790 1725 3873 3788 1723 3875 3790 1725 3876 3791 1726 3874 3789 1724 3874 3789 1724 3877 3792 1727 3871 3786 1721 3877 3792 1727 3874 3789 1724 3878 3793 1728 3878 3793 1728 3874 3789 1724 3876 3791 1726 3879 3794 1729 3877 3792 1727 3878 3793 1728 3877 3792 1727 3879 3794 1729 3880 3795 1730 3881 3796 1731 3879 3794 1729 3878 3793 1728 3879 3794 1729 3881 3796 1731 3882 3797 1732 3879 3794 1729 3882 3797 1732 3880 3795 1730 3882 3797 1732 3883 3798 1733 3880 3795 1730 3882 3797 1732 3884 3799 1734 3883 3798 1733 3881 3796 1731 3884 3799 1734 3882 3797 1732 3884 3799 1734 3885 3800 1735 3883 3798 1733 3883 3798 1733 3886 3801 1736 3880 3795 1730 3886 3801 1736 3883 3798 1733 3887 3802 1737 3887 3802 1737 3883 3798 1733 3885 3800 1735 3885 3800 1735 3888 3803 1738 3887 3802 1737 3887 3802 1737 3888 3803 1738 3889 3804 1739 3876 3791 1726 3890 3805 1740 3878 3793 1728 3878 3793 1728 3890 3805 1740 3891 3806 1741 3892 3807 1742 3878 3793 1728 3891 3806 1741 3878 3793 1728 3892 3807 1742 3881 3796 1731 3895 3810 1733 3894 3809 1736 3893 3808 1737 3894 3809 1736 3895 3810 1733 3896 3811 1730 3897 3812 1735 3895 3810 1733 3893 3808 1737 3895 3810 1733 3897 3812 1735 3898 3813 1732 3895 3810 1733 3898 3813 1732 3896 3811 1730 3898 3813 1732 3899 3814 1729 3896 3811 1730 3898 3813 1732 3900 3815 1734 3899 3814 1729 3897 3812 1735 3900 3815 1734 3898 3813 1732 3900 3815 1734 3901 3816 1731 3899 3814 1729 3899 3814 1729 3902 3817 1727 3896 3811 1730 3902 3817 1727 3899 3814 1729 3903 3818 1728 3903 3818 1728 3899 3814 1729 3901 3816 1731 3904 3819 1724 3902 3817 1727 3903 3818 1728 3902 3817 1727 3904 3819 1724 3905 3820 1721 3906 3821 1726 3904 3819 1724 3903 3818 1728 3903 3818 1728 3907 3822 1740 3906 3821 1726 3904 3819 1724 3906 3821 1726 3908 3823 1723 3904 3819 1724 3908 3823 1723 3905 3820 1721 3908 3823 1723 3909 3824 1720 3905 3820 1721 3908 3823 1723 3910 3825 1725 3909 3824 1720 3906 3821 1726 3910 3825 1725 3908 3823 1723 3910 3825 1725 3911 3826 1722 3909 3824 1720 3909 3824 1720 3912 3827 1718 3905 3820 1721 3912 3827 1718 3909 3824 1720 3913 3828 1719 3913 3828 1719 3909 3824 1720 3911 3826 1722 3914 3829 1715 3912 3827 1718 3913 3828 1719 3912 3827 1718 3914 3829 1715 3915 3830 1712 3916 3831 1717 3914 3829 1715 3913 3828 1719 3911 3826 1722 3917 3832 1743 3913 3828 1719 3913 3828 1719 3917 3832 1743 3918 3833 1744 3919 3834 1745 3913 3828 1719 3918 3833 1744 3913 3828 1719 3919 3834 1745 3916 3831 1717 3914 3829 1715 3916 3831 1717 3920 3835 1714 3914 3829 1715 3920 3835 1714 3915 3830 1712 3920 3835 1714 3921 3836 1711 3915 3830 1712 3920 3835 1714 3922 3837 1716 3921 3836 1711 3916 3831 1717 3922 3837 1716 3920 3835 1714 3922 3837 1716 3923 3838 1713 3921 3836 1711 3921 3836 1711 3924 3839 1709 3915 3830 1712 3924 3839 1709 3921 3836 1711 3925 3840 1710 3925 3840 1710 3921 3836 1711 3923 3838 1713 3923 3838 1713 3926 3841 1746 3925 3840 1710 3925 3840 1710 3926 3841 1746 3927 3842 1747 3929 3844 1747 3928 3843 1746 3861 3776 1710 3861 3776 1710 3928 3843 1746 3863 3778 1713 3869 3784 1719 3931 3846 1745 3930 3845 1744 3932 3847 1743 3869 3784 1719 3930 3845 1744 3867 3782 1717 3931 3846 1745 3869 3784 1719 3869 3784 1719 3932 3847 1743 3872 3787 1722 3934 3849 1738 3893 3808 1737 3933 3848 1739 3893 3808 1737 3934 3849 1738 3897 3812 1735 3903 3818 1728 3936 3851 1742 3935 3850 1741 3901 3816 1731 3936 3851 1742 3903 3818 1728 3907 3822 1740 3903 3818 1728 3935 3850 1741 3939 3854 1750 3938 3853 1749 3937 3852 1748 3940 3855 1751 3939 3854 1750 3937 3852 1748 3940 3855 1751 3937 3852 1748 3941 3856 1752 3942 3857 1753 3940 3855 1751 3941 3856 1752 3942 3857 1753 3941 3856 1752 3943 3858 1754 3946 3861 1757 3945 3860 1756 3944 3859 1755 3946 3861 1757 3947 3862 1758 3945 3860 1756 3947 3862 1758 3948 3863 1759 3945 3860 1756 3946 3861 1757 3944 3859 1755 3949 3864 1760 3950 3865 1761 3946 3861 1757 3949 3864 1760 3953 3868 1758 3952 3867 1759 3951 3866 1756 3954 3869 1757 3953 3868 1758 3951 3866 1756 3954 3869 1757 3951 3866 1756 3955 3870 1755 3954 3869 1757 3955 3870 1755 3956 3871 1760 3957 3872 1761 3954 3869 1757 3956 3871 1760 3960 3875 1751 3959 3874 1748 3958 3873 1752 3960 3875 1751 3961 3876 1750 3959 3874 1748 3961 3876 1750 3962 3877 1749 3959 3874 1748 3960 3875 1751 3958 3873 1752 3963 3878 1754 3964 3879 1753 3960 3875 1751 3963 3878 1754 3967 3882 1764 3966 3881 1763 3965 3880 1762 3965 3880 1762 3968 3883 1765 3967 3882 1764 3969 3884 1766 3968 3883 1765 3965 3880 1762 3965 3880 1762 3970 3885 1767 3969 3884 1766 3966 3881 1763 3971 3886 1768 3965 3880 1762 3965 3880 1762 3971 3886 1768 3970 3885 1767 3974 3889 1762 3973 3888 1767 3972 3887 1766 3972 3887 1766 3975 3890 1765 3974 3889 1762 3974 3889 1762 3975 3890 1765 3976 3891 1764 3976 3891 1764 3977 3892 1763 3974 3889 1762 3974 3889 1762 3978 3893 1768 3973 3888 1767 3977 3892 1763 3978 3893 1768 3974 3889 1762 3981 3896 1771 3980 3895 1770 3979 3894 1769 3979 3894 1769 3982 3897 1772 3981 3896 1771 3981 3896 1771 3982 3897 1772 3983 3898 1773 3983 3898 1773 3984 3899 1774 3981 3896 1771 3981 3896 1771 3985 3900 1775 3980 3895 1770 3984 3899 1774 3985 3900 1775 3981 3896 1771 3988 3903 1771 3987 3902 1770 3986 3901 1769 3986 3901 1769 3989 3904 1772 3988 3903 1771 3988 3903 1771 3989 3904 1772 3990 3905 1773 3990 3905 1773 3991 3906 1774 3988 3903 1771 3988 3903 1771 3992 3907 1775 3987 3902 1770 3991 3906 1774 3992 3907 1775 3988 3903 1771 3995 3910 1750 3994 3909 1751 3993 3908 1748 3996 3911 1749 3995 3910 1750 3993 3908 1748 3993 3908 1748 3994 3909 1751 3997 3912 1752 3994 3909 1751 3998 3913 1753 3997 3912 1752 3997 3912 1752 3998 3913 1753 3999 3914 1754 4002 3917 1756 4001 3916 1757 4000 3915 1755 4003 3918 1758 4001 3916 1757 4002 3917 1756 4004 3919 1759 4003 3918 1758 4002 3917 1756 4000 3915 1755 4001 3916 1757 4005 3920 1760 4001 3916 1757 4006 3921 1761 4005 3920 1760 4009 3924 1758 4008 3923 1757 4007 3922 1756 4010 3925 1759 4009 3924 1758 4007 3922 1756 4007 3922 1756 4008 3923 1757 4011 3926 1755 4011 3926 1755 4008 3923 1757 4012 3927 1760 4008 3923 1757 4013 3928 1761 4012 3927 1760 4016 3931 1748 4015 3930 1751 4014 3929 1752 4017 3932 1750 4015 3930 1751 4016 3931 1748 4018 3933 1749 4017 3932 1750 4016 3931 1748 4014 3929 1752 4015 3930 1751 4019 3934 1754 4015 3930 1751 4020 3935 1753 4019 3934 1754 4023 3938 1762 4022 3937 1763 4021 3936 1764 4021 3936 1764 4024 3939 1765 4023 3938 1762 4023 3938 1762 4024 3939 1765 4025 3940 1766 4025 3940 1766 4026 3941 1767 4023 3938 1762 4027 3942 1768 4022 3937 1763 4023 3938 1762 4027 3942 1768 4023 3938 1762 4026 3941 1767 4030 3945 1762 4029 3944 1765 4028 3943 1766 4028 3943 1766 4031 3946 1767 4030 3945 1762 4032 3947 1764 4029 3944 1765 4030 3945 1762 4030 3945 1762 4033 3948 1763 4032 3947 1764 4034 3949 1768 4030 3945 1762 4031 3946 1767 4034 3949 1768 4033 3948 1763 4030 3945 1762 4037 3952 1771 4036 3951 1772 4035 3950 1769 4035 3950 1769 4038 3953 1770 4037 3952 1771 4039 3954 1773 4036 3951 1772 4037 3952 1771 4037 3952 1771 4040 3955 1774 4039 3954 1773 4041 3956 1775 4037 3952 1771 4038 3953 1770 4041 3956 1775 4040 3955 1774 4037 3952 1771 4044 3959 1771 4043 3958 1772 4042 3957 1769 4042 3957 1769 4045 3960 1770 4044 3959 1771 4046 3961 1773 4043 3958 1772 4044 3959 1771 4044 3959 1771 4047 3962 1774 4046 3961 1773 4048 3963 1775 4044 3959 1771 4045 3960 1770 4048 3963 1775 4047 3962 1774 4044 3959 1771 4051 3966 1778 4050 3965 1777 4049 3964 1776 4050 3965 1777 4052 3967 1779 4049 3964 1776 4049 3964 1776 4052 3967 1779 4053 3968 1780 4049 3964 1776 4053 3968 1780 4054 3969 1781 4054 3969 1781 4051 3966 1778 4049 3964 1776 4053 3968 1780 4055 3970 1782 4054 3969 1781 4054 3969 1781 4055 3970 1782 4056 3971 1783 4052 3967 1779 4057 3972 1784 4053 3968 1780 4053 3968 1780 4057 3972 1784 4055 3970 1782 4057 3972 1784 4058 3973 1785 4055 3970 1782 4055 3970 1782 4058 3973 1785 4059 3974 1786 4055 3970 1782 4059 3974 1786 4056 3971 1783 4062 3975 1786 4061 3976 1788 4060 3975 1787 4063 3977 1783 4062 3975 1786 4060 3975 1787 4066 3978 1788 4065 3978 1789 4064 3978 1787 4064 3981 1787 4068 3980 1789 4067 3979 1790 4068 3980 1789 4069 3982 1791 4067 3979 1790 4067 3979 1790 4069 3982 1791 4070 3983 1792 4071 3984 1793 4067 3979 1790 4070 3983 1792 4072 3985 1794 4067 3979 1790 4071 3984 1793 4072 3985 1794 4064 3981 1787 4067 3979 1790 4073 3986 1795 4072 3985 1794 4071 3984 1793 4074 3987 1796 4073 3986 1795 4071 3984 1793 4074 3987 1796 4071 3984 1793 4070 3983 1792 4074 3987 1796 4075 3988 1797 4073 3986 1795 4076 3989 1798 4074 3987 1796 4070 3983 1792 4074 3987 1796 4076 3989 1798 4075 3988 1797 4078 3990 1797 4077 3990 1799 4073 3990 1795 4081 3993 1802 4080 3992 1801 4079 3991 1800 4082 3994 1803 4079 3991 1800 4080 3992 1801 4079 3991 1800 4082 3994 1803 4083 3995 1804 4079 3991 1800 4083 3995 1804 4084 3996 1805 4084 3996 1805 4081 3993 1802 4079 3991 1800 4083 3995 1804 4085 3997 1806 4084 3996 1805 4086 3998 1807 4084 3996 1805 4085 3997 1806 4082 3994 1803 4087 3999 1808 4083 3995 1804 4083 3995 1804 4087 3999 1808 4085 3997 1806 4087 3999 1808 4088 4000 1809 4085 3997 1806 4085 3997 1806 4088 4000 1809 4089 4001 1810 4086 3998 1807 4085 3997 1806 4089 4001 1810 4092 4002 1778 4091 4002 1812 4090 4002 1811 4095 4003 1815 4094 4003 1814 4093 4003 1813 4098 4004 1813 4097 4004 1816 4096 4004 1812 4101 4005 1817 4100 4005 1814 4099 4005 1815 4104 4006 1818 4103 4006 1817 4102 4006 1815 4107 4007 1799 4106 4007 1801 4105 4007 1802 4110 4008 1812 4109 4008 1816 4108 4008 1811 4113 4009 1811 4112 4009 1777 4111 4009 1778 4116 4010 1812 4115 4010 1815 4114 4010 1813 4119 4011 1795 4118 4011 1799 4117 4011 1802 4122 4012 1810 4121 4012 1819 4120 4012 1807 4125 4015 1822 4124 4014 1821 4123 4013 1820 4126 4016 1823 4125 4015 1822 4123 4013 1820 4126 4016 1823 4123 4013 1820 4127 4017 1824 4127 4017 1824 4123 4013 1820 4128 4018 1825 4124 4014 1821 4128 4018 1825 4123 4013 1820 4129 4019 1826 4127 4017 1824 4128 4018 1825 4129 4019 1826 4128 4018 1825 4130 4020 1827 4131 4021 1828 4126 4016 1823 4127 4017 1824 4131 4021 1828 4127 4017 1824 4129 4019 1826 4132 4022 1829 4131 4021 1828 4129 4019 1826 4132 4022 1829 4129 4019 1826 4133 4023 1830 4133 4023 1830 4129 4019 1826 4130 4020 1827 4136 4024 1830 4135 4025 1827 4134 4024 1831 4137 4026 1832 4136 4024 1830 4134 4024 1831 4140 4027 1833 4139 4027 1832 4138 4027 1831 4143 4030 1836 4142 4029 1835 4141 4028 1834 4144 4031 1837 4143 4030 1836 4141 4028 1834 4145 4032 1838 4142 4029 1835 4143 4030 1836 4146 4033 1839 4144 4031 1837 4141 4028 1834 4146 4033 1839 4141 4028 1834 4147 4034 1840 4141 4028 1834 4142 4029 1835 4147 4034 1840 4148 4035 1841 4146 4033 1839 4147 4034 1840 4148 4035 1841 4149 4036 1833 4146 4033 1839 4149 4036 1833 4150 4037 1831 4146 4033 1839 4150 4037 1831 4144 4031 1837 4146 4033 1839 4142 4029 1835 4151 4038 1842 4147 4034 1840 4151 4038 1842 4142 4029 1835 4145 4032 1838 4154 4041 1845 4153 4040 1844 4152 4039 1843 4152 4039 1843 4155 4042 1846 4154 4041 1845 4155 4042 1846 4152 4039 1843 4156 4043 1847 4156 4043 1847 4152 4039 1843 4157 4044 1848 4153 4040 1844 4157 4044 1848 4152 4039 1843 4158 4045 1849 4156 4043 1847 4157 4044 1848 4157 4044 1848 4159 4046 1850 4158 4045 1849 4160 4047 1851 4155 4042 1846 4156 4043 1847 4160 4047 1851 4156 4043 1847 4158 4045 1849 4161 4048 1852 4160 4047 1851 4158 4045 1849 4161 4048 1852 4158 4045 1849 4162 4049 1853 4158 4045 1849 4159 4046 1850 4162 4049 1853 4165 4050 1855 4164 4050 1821 4163 4050 1854 4167 4051 1856 4165 4051 1855 4166 4051 1854 4169 4052 1822 4168 4052 1854 4164 4052 1821 4172 4053 1859 4171 4053 1858 4170 4053 1857 4175 4054 1856 4174 4054 1857 4173 4054 1855 4178 4055 1859 4177 4055 1860 4176 4055 1858 4181 4056 1860 4180 4056 1861 4179 4056 1858 4184 4057 1862 4183 4057 1838 4182 4057 1836 4186 4058 1862 4182 4058 1836 4185 4058 1844 4188 4059 1845 4187 4059 1862 4185 4059 1844 4191 4060 1858 4190 4060 1855 4189 4060 1857 4194 4061 1863 4193 4061 1853 4192 4061 1850 4197 4062 1866 4196 4062 1865 4195 4062 1864 4200 4065 1868 4199 4064 1865 4198 4063 1867 4200 4065 1868 4201 4066 1869 4199 4064 1865 4202 4067 1870 4201 4066 1869 4200 4065 1868 4202 4067 1870 4200 4065 1868 4203 4068 1871 4204 4069 1872 4201 4066 1869 4202 4067 1870 4204 4069 1872 4205 4070 1873 4201 4066 1869 4201 4066 1869 4205 4070 1873 4199 4064 1865 4205 4070 1873 4206 4071 1874 4199 4064 1865 4207 4072 1875 4206 4071 1874 4205 4070 1873 4208 4073 1876 4206 4071 1874 4207 4072 1875 4209 4074 1877 4208 4073 1876 4207 4072 1875 4207 4072 1875 4210 4075 1878 4209 4074 1877 4211 4076 1879 4210 4075 1878 4207 4072 1875 4205 4070 1873 4211 4076 1879 4207 4072 1875 4204 4069 1872 4211 4076 1879 4205 4070 1873 4204 4069 1872 4212 4077 1880 4211 4076 1879 4213 4078 1881 4212 4077 1880 4204 4069 1872 4202 4067 1870 4213 4078 1881 4204 4069 1872 4214 4079 1882 4213 4078 1881 4202 4067 1870 4203 4068 1871 4214 4079 1882 4202 4067 1870 4203 4068 1871 4215 4080 1883 4214 4079 1882 4210 4075 1878 4216 4081 1884 4209 4074 1877 4209 4074 1877 4216 4081 1884 4217 4082 1885 4217 4082 1885 4218 4083 1886 4209 4074 1877 4216 4081 1884 4219 4084 1887 4217 4082 1885 4217 4082 1885 4219 4084 1887 4220 4085 1888 4217 4082 1885 4220 4085 1888 4221 4086 1889 4221 4086 1889 4222 4087 1890 4217 4082 1885 4223 4088 1891 4217 4082 1885 4222 4087 1890 4217 4082 1885 4223 4088 1891 4218 4083 1886 4222 4087 1890 4224 4089 1892 4223 4088 1891 4218 4083 1886 4223 4088 1891 4225 4090 1893 4218 4083 1886 4225 4090 1893 4226 4091 1894 4222 4087 1890 4227 4092 1895 4224 4089 1892 4221 4086 1889 4227 4092 1895 4222 4087 1890 4228 4093 1896 4218 4083 1886 4226 4091 1894 4228 4093 1896 4226 4091 1894 4229 4094 1897 4228 4093 1896 4230 4095 1898 4218 4083 1886 4230 4095 1898 4209 4074 1877 4218 4083 1886 4229 4094 1897 4226 4091 1894 4231 4096 1899 4226 4091 1894 4232 4097 1900 4231 4096 1899 4226 4091 1894 4225 4090 1893 4232 4097 1900 4225 4090 1893 4233 4098 1901 4232 4097 1900 4225 4090 1893 4223 4088 1891 4233 4098 1901 4223 4088 1891 4234 4099 1902 4233 4098 1901 4223 4088 1891 4224 4089 1892 4234 4099 1902 4224 4089 1892 4235 4100 1903 4234 4099 1902 4224 4089 1892 4227 4092 1895 4235 4100 1903 4227 4092 1895 4236 4101 1904 4235 4100 1903 4236 4101 1904 4227 4092 1895 4221 4086 1889 4237 4102 1905 4236 4101 1904 4221 4086 1889 4221 4086 1889 4220 4085 1888 4237 4102 1905 4220 4085 1888 4238 4103 1906 4237 4102 1905 4220 4085 1888 4219 4084 1887 4238 4103 1906 4219 4084 1887 4239 4104 1907 4238 4103 1906 4239 4104 1907 4219 4084 1887 4216 4081 1884 4240 4105 1908 4239 4104 1907 4216 4081 1884 4240 4105 1908 4216 4081 1884 4210 4075 1878 4241 4106 1909 4240 4105 1908 4210 4075 1878 4241 4106 1909 4210 4075 1878 4211 4076 1879 4242 4107 1910 4241 4106 1909 4211 4076 1879 4242 4107 1910 4211 4076 1879 4212 4077 1880 4243 4108 1911 4242 4107 1910 4212 4077 1880 4243 4108 1911 4212 4077 1880 4213 4078 1881 4244 4109 1912 4243 4108 1911 4213 4078 1881 4244 4109 1912 4213 4078 1881 4214 4079 1882 4245 4110 1913 4244 4109 1912 4214 4079 1882 4245 4110 1913 4214 4079 1882 4215 4080 1883 4246 4111 1914 4245 4110 1913 4215 4080 1883 4246 4111 1914 4215 4080 1883 4247 4112 1915 4247 4112 1915 4215 4080 1883 4248 4113 1916 4247 4112 1915 4248 4113 1916 4249 4114 1917 4248 4113 1916 4250 4115 1918 4249 4114 1917 4249 4114 1917 4250 4115 1918 4251 4116 1919 4252 4117 1920 4249 4114 1917 4251 4116 1919 4253 4118 1921 4252 4117 1920 4251 4116 1919 4254 4119 1922 4253 4118 1921 4251 4116 1919 4255 4120 1923 4250 4115 1918 4248 4113 1916 4255 4120 1923 4248 4113 1916 4256 4121 1871 4256 4121 1871 4248 4113 1916 4215 4080 1883 4254 4119 1922 4251 4116 1919 4257 4122 1924 4255 4120 1923 4257 4122 1924 4250 4115 1918 4257 4122 1924 4251 4116 1919 4250 4115 1918 4258 4123 1925 4254 4119 1922 4257 4122 1924 4252 4117 1920 4253 4118 1921 4259 4124 1926 4252 4117 1920 4260 4125 1927 4249 4114 1917 4249 4114 1917 4261 4126 1928 4247 4112 1915 4261 4126 1928 4249 4114 1917 4260 4125 1927 4262 4127 1929 4252 4117 1920 4259 4124 1926 4252 4117 1920 4262 4127 1929 4260 4125 1927 4263 4128 1930 4262 4127 1929 4259 4124 1926 4262 4127 1929 4263 4128 1930 4260 4125 1927 4259 4124 1926 4264 4129 1931 4263 4128 1930 4263 4128 1930 4265 4130 1932 4260 4125 1927 4265 4130 1932 4261 4126 1928 4260 4125 1927 4266 4131 1933 4261 4126 1928 4265 4130 1932 4247 4112 1915 4261 4126 1928 4266 4131 1933 4267 4132 1934 4247 4112 1915 4266 4131 1933 4267 4132 1934 4246 4111 1914 4247 4112 1915 4268 4133 1935 4266 4131 1933 4265 4130 1932 4268 4133 1935 4265 4130 1932 4263 4128 1930 4269 4134 1936 4268 4133 1935 4263 4128 1930 4263 4128 1930 4264 4129 1931 4270 4135 1937 4269 4134 1936 4263 4128 1930 4270 4135 1937 4258 4123 1925 4257 4122 1924 4271 4136 1938 4272 4137 1939 4271 4136 1938 4257 4122 1924 4257 4122 1924 4255 4120 1923 4272 4137 1939 4198 4063 1867 4272 4137 1939 4255 4120 1923 4198 4063 1867 4255 4120 1923 4200 4065 1868 4200 4065 1868 4255 4120 1923 4256 4121 1871 4275 4139 1941 4274 4138 1876 4273 4138 1940 4274 4138 1876 4276 4140 1942 4273 4138 1940 4279 4141 1943 4278 4141 1874 4277 4141 1876 4282 4144 1946 4281 4143 1945 4280 4142 1944 4283 4145 1947 4282 4144 1946 4280 4142 1944 4283 4145 1947 4280 4142 1944 4284 4146 1948 4284 4146 1948 4280 4142 1944 4281 4143 1945 4285 4147 1949 4283 4145 1947 4284 4146 1948 4282 4144 1946 4286 4148 1950 4281 4143 1945 4286 4148 1950 4287 4149 1951 4281 4143 1945 4281 4143 1945 4287 4149 1951 4288 4150 1952 4281 4143 1945 4288 4150 1952 4289 4151 1953 4285 4147 1949 4284 4146 1948 4289 4151 1953 4289 4151 1953 4284 4146 1948 4281 4143 1945 4290 4152 1954 4289 4151 1953 4288 4150 1952 4291 4153 1955 4289 4151 1953 4290 4152 1954 4291 4153 1955 4285 4147 1949 4289 4151 1953 4292 4154 1956 4291 4153 1955 4290 4152 1954 4292 4154 1956 4290 4152 1954 4293 4155 1957 4293 4155 1957 4290 4152 1954 4288 4150 1952 4288 4150 1952 4294 4156 1958 4293 4155 1957 4293 4155 1957 4294 4156 1958 4295 4157 1959 4293 4155 1957 4295 4157 1959 4296 4158 1960 4297 4159 1961 4293 4155 1957 4296 4158 1960 4297 4159 1961 4292 4154 1956 4293 4155 1957 4296 4158 1960 4295 4157 1959 4298 4160 1962 4295 4157 1959 4299 4161 1963 4298 4160 1962 4295 4157 1959 4294 4156 1958 4299 4161 1963 4298 4160 1962 4299 4161 1963 4300 4162 1964 4299 4161 1963 4301 4163 1965 4300 4162 1964 4301 4163 1965 4299 4161 1963 4302 4164 1966 4303 4165 1967 4299 4161 1963 4294 4156 1958 4302 4164 1966 4299 4161 1963 4303 4165 1967 4300 4162 1964 4301 4163 1965 4304 4166 1968 4301 4163 1965 4305 4167 1969 4304 4166 1968 4305 4167 1969 4301 4163 1965 4302 4164 1966 4304 4166 1968 4305 4167 1969 4306 4168 1970 4305 4167 1969 4307 4169 1971 4306 4168 1970 4305 4167 1969 4308 4170 1972 4307 4169 1971 4302 4164 1966 4308 4170 1972 4305 4167 1969 4306 4168 1970 4307 4169 1971 4309 4171 1973 4307 4169 1971 4310 4172 1974 4309 4171 1973 4307 4169 1971 4308 4170 1972 4310 4172 1974 4309 4171 1973 4310 4172 1974 4311 4173 1975 4310 4172 1974 4312 4174 1976 4311 4173 1975 4310 4172 1974 4313 4175 1977 4312 4174 1976 4313 4175 1977 4310 4172 1974 4308 4170 1972 4311 4173 1975 4312 4174 1976 4314 4176 1978 4312 4174 1976 4315 4177 1979 4314 4176 1978 4312 4174 1976 4313 4175 1977 4315 4177 1979 4316 4178 1980 4315 4177 1979 4313 4175 1977 4319 4062 1865 4318 4062 1874 4317 4062 1864 4322 4179 1981 4321 4179 1939 4320 4179 1867 4325 1645 1982 4324 1645 1938 4323 1645 1939 4328 1645 1983 4327 1645 1938 4326 1645 1982 4331 4180 1984 4330 4180 1939 4329 4180 1981 4334 4181 1867 4333 4181 1986 4332 4181 1985 4336 4182 1986 4334 4182 1867 4335 4182 1865 4339 4183 1941 4338 4183 1943 4337 4183 1876 4209 4074 1877 4340 4184 1942 4208 4073 1876 4209 4074 1877 4230 4095 1898 4340 4184 1942 4341 4185 1987 4287 4149 1951 4286 4148 1950 4287 4149 1951 4341 4185 1987 4288 4150 1952 4344 4188 1990 4343 4187 1989 4342 4186 1988 4342 4186 1988 4343 4187 1989 4345 4189 1991 4343 4187 1989 4346 4190 1992 4345 4189 1991 4347 4191 1993 4343 4187 1989 4344 4188 1990 4343 4187 1989 4348 4192 1994 4346 4190 1992 4342 4186 1988 4345 4189 1991 4349 4193 1995 4350 4194 1996 4342 4186 1988 4349 4193 1995 4351 4195 1997 4342 4186 1988 4350 4194 1996 4351 4195 1997 4352 4196 1998 4342 4186 1988 4352 4196 1998 4344 4188 1990 4342 4186 1988 4353 4197 1999 4344 4188 1990 4352 4196 1998 4344 4188 1990 4353 4197 1999 4354 4198 2000 4344 4188 1990 4354 4198 2000 4355 4199 2001 4347 4191 1993 4344 4188 1990 4355 4199 2001 4356 4200 2002 4347 4191 1993 4355 4199 2001 4357 4201 2003 4356 4200 2002 4355 4199 2001 4358 4202 2004 4356 4200 2002 4357 4201 2003 4358 4202 2004 4359 4203 2005 4356 4200 2002 4360 4204 2006 4356 4200 2002 4359 4203 2005 4356 4200 2002 4360 4204 2006 4361 4205 2007 4356 4200 2002 4361 4205 2007 4362 4206 2008 4363 4207 2009 4356 4200 2002 4362 4206 2008 4364 4208 2010 4363 4207 2009 4362 4206 2008 4365 4209 2011 4364 4208 2010 4362 4206 2008 4366 4210 2012 4364 4208 2010 4365 4209 2011 4366 4210 2012 4367 4211 2013 4364 4208 2010 4368 4212 2014 4364 4208 2010 4367 4211 2013 4368 4212 2014 4369 4213 2015 4364 4208 2010 4364 4208 2010 4369 4213 2015 4370 4214 2016 4369 4213 2015 4371 4215 2017 4370 4214 2016 4371 4215 2017 4372 4216 2018 4370 4214 2016 4372 4216 2018 4373 4217 2019 4370 4214 2016 4372 4216 2018 4374 4218 2020 4373 4217 2019 4374 4218 2020 4375 4219 2021 4373 4217 2019 4376 4220 2022 4373 4217 2019 4375 4219 2021 4376 4220 2022 4377 4221 2023 4373 4217 2019 4373 4217 2019 4377 4221 2023 4378 4222 2024 4377 4221 2023 4379 4223 2025 4378 4222 2024 4382 4226 2028 4381 4225 2027 4380 4224 2026 4381 4225 2027 4383 4227 2029 4380 4224 2026 4383 4227 2029 4384 4228 2030 4380 4224 2026 4380 4224 2026 4384 4228 2030 4385 4229 2030 4384 4228 2030 4383 4227 2029 4386 4230 2031 4383 4227 2029 4381 4225 2027 4386 4230 2031 4386 4230 2031 4381 4225 2027 4387 4231 2032 4388 4232 2033 4384 4228 2030 4386 4230 2031 4389 4233 2034 4388 4232 2033 4386 4230 2031 4387 4231 2032 4389 4233 2034 4386 4230 2031 4387 4231 2032 4390 4234 2035 4389 4233 2034 4391 4235 2036 4390 4234 2035 4387 4231 2032 4392 4236 2037 4390 4234 2035 4391 4235 2036 4391 4235 2036 4393 4237 2038 4392 4236 2037 4393 4237 2038 4394 4238 2039 4392 4236 2037 4394 4238 2039 4393 4237 2038 4395 4239 2040 4396 4240 2041 4394 4238 2039 4395 4239 2040 4396 4240 2041 4395 4239 2040 4397 4241 2042 4398 4242 2043 4396 4240 2041 4397 4241 2042 4398 4242 2043 4397 4241 2042 4399 4243 2044 4400 4244 2045 4398 4242 2043 4399 4243 2044 4400 4244 2045 4399 4243 2044 4401 4245 2046 4402 4246 2047 4400 4244 2045 4401 4245 2046 4403 4247 2048 4402 4246 2047 4401 4245 2046 4403 4247 2048 4401 4245 2046 4404 4248 2049 4405 4249 2050 4403 4247 2048 4404 4248 2049 4405 4249 2050 4404 4248 2049 4406 4250 2051 4405 4249 2050 4406 4250 2051 4407 4251 2052 4407 4251 2052 4406 4250 2051 4408 4252 2053 4409 4253 2054 4408 4252 2053 4406 4250 2051 4410 4254 2055 4408 4252 2053 4409 4253 2054 4410 4254 2055 4409 4253 2054 4411 4255 2056 4414 4258 2059 4413 4257 2058 4412 4256 2057 4415 4259 2060 4412 4256 2057 4413 4257 2058 4412 4256 2057 4416 4260 2061 4414 4258 2059 4417 4261 2062 4414 4258 2059 4416 4260 2061 4417 4261 2062 4418 4262 2063 4414 4258 2059 4417 4261 2062 4416 4260 2061 4419 4263 2064 4418 4262 2063 4417 4261 2062 4420 4264 2065 4420 4264 2065 4417 4261 2062 4419 4263 2064 4420 4264 2065 4419 4263 2064 4421 4265 2066 4422 4266 2067 4420 4264 2065 4421 4265 2066 4421 4265 2066 4419 4263 2064 4423 4267 2068 4424 4268 2069 4421 4265 2066 4423 4267 2068 4424 4268 2069 4425 4269 2070 4421 4265 2066 4426 4270 2071 4425 4269 2070 4424 4268 2069 4426 4270 2071 4427 4271 2072 4425 4269 2070 4428 4272 2073 4427 4271 2072 4426 4270 2071 4429 4273 2074 4428 4272 2073 4426 4270 2071 4427 4271 2072 4430 4274 2075 4425 4269 2070 4425 4269 2070 4430 4274 2075 4431 4275 2076 4425 4269 2070 4431 4275 2076 4421 4265 2066 4422 4266 2067 4421 4265 2066 4431 4275 2076 4430 4274 2075 4432 4276 2077 4431 4275 2076 4433 4277 2078 4431 4275 2076 4432 4276 2077 4433 4277 2078 4422 4266 2067 4431 4275 2076 4434 4278 2079 4433 4277 2078 4432 4276 2077 4429 4273 2074 4426 4270 2071 4435 4279 2080 4435 4279 2080 4426 4270 2071 4424 4268 2069 4436 4280 2081 4429 4273 2074 4435 4279 2080 4434 4278 2079 4437 4281 2082 4433 4277 2078 4434 4278 2079 4438 4282 2083 4437 4281 2082 4424 4268 2069 4423 4267 2068 4439 4283 2084 4435 4279 2080 4424 4268 2069 4439 4283 2084 4435 4279 2080 4439 4283 2084 4440 4284 2085 4436 4280 2081 4435 4279 2080 4440 4284 2085 4423 4267 2068 4441 4285 2086 4439 4283 2084 4442 4286 2087 4441 4285 2086 4423 4267 2068 4441 4285 2086 4442 4286 2087 4443 4287 2088 4442 4286 2087 4444 4288 2089 4443 4287 2088 4444 4288 2089 4445 4289 2090 4443 4287 2088 4445 4289 2090 4444 4288 2089 4415 4259 2060 4446 4290 2091 4443 4287 2088 4445 4289 2090 4415 4259 2060 4444 4288 2089 4412 4256 2057 4412 4256 2057 4444 4288 2089 4442 4286 2087 4416 4260 2061 4412 4256 2057 4442 4286 2087 4416 4260 2061 4442 4286 2087 4419 4263 2064 4419 4263 2064 4442 4286 2087 4423 4267 2068 4447 4291 2092 4438 4282 2083 4434 4278 2079 4447 4291 2092 4434 4278 2079 4432 4276 2077 4448 4292 2093 4447 4291 2092 4432 4276 2077 4447 4291 2092 4448 4292 2093 4449 4293 2094 4447 4291 2092 4449 4293 2094 4450 4294 2095 4448 4292 2093 4451 4295 2096 4449 4293 2094 4449 4293 2094 4451 4295 2096 4452 4296 2097 4451 4295 2096 4453 4297 2098 4452 4296 2097 4452 4296 2097 4453 4297 2098 4454 4298 2099 4455 4299 2100 4452 4296 2097 4454 4298 2099 4455 4299 2100 4454 4298 2099 4456 4300 2101 4454 4298 2099 4453 4297 2098 4457 4301 2102 4458 4302 2103 4454 4298 2099 4457 4301 2102 4453 4297 2098 4451 4295 2096 4459 4303 2104 4457 4301 2102 4453 4297 2098 4459 4303 2104 4451 4295 2096 4448 4292 2093 4460 4304 2105 4459 4303 2104 4451 4295 2096 4460 4304 2105 4458 4302 2103 4457 4301 2102 4461 4305 2106 4462 4306 2107 4458 4302 2103 4461 4305 2106 4457 4301 2102 4459 4303 2104 4463 4307 2108 4461 4305 2106 4457 4301 2102 4463 4307 2108 4459 4303 2104 4460 4304 2105 4464 4308 2109 4463 4307 2108 4459 4303 2104 4464 4308 2109 4461 4305 2106 4463 4307 2108 4465 4309 2110 4466 4310 2111 4461 4305 2106 4465 4309 2110 4462 4306 2107 4461 4305 2106 4466 4310 2111 4463 4307 2108 4464 4308 2109 4467 4311 2112 4465 4309 2110 4463 4307 2108 4467 4311 2112 4454 4298 2099 4458 4302 2103 4468 4312 2113 4458 4302 2103 4462 4306 2107 4469 4313 2114 4464 4308 2109 4460 4304 2105 4427 4271 2072 4464 4308 2109 4427 4271 2072 4467 4311 2112 4460 4304 2105 4430 4274 2075 4427 4271 2072 4460 4304 2105 4448 4292 2093 4430 4274 2075 4448 4292 2093 4432 4276 2077 4430 4274 2075 4427 4271 2072 4428 4272 2073 4467 4311 2112 4470 4314 2115 4462 4306 2107 4466 4310 2111 4462 4306 2107 4470 4314 2115 4471 4315 2116 4470 4314 2115 4472 4316 2117 4471 4315 2116 4472 4316 2117 4473 4317 2118 4471 4315 2116 4473 4317 2118 4474 4318 2119 4471 4315 2116 4474 4318 2119 4475 4319 2120 4471 4315 2116 4475 4319 2120 4476 4320 2121 4471 4315 2116 4477 4321 2122 4469 4313 2114 4476 4320 2121 4475 4319 2120 4477 4321 2122 4476 4320 2121 4477 4321 2122 4478 4322 2123 4469 4313 2114 4478 4322 2123 4479 4323 2124 4469 4313 2114 4478 4322 2123 4480 4324 2125 4479 4323 2124 4480 4324 2125 4468 4312 2113 4479 4323 2124 4480 4324 2125 4481 4325 2126 4468 4312 2113 4481 4325 2126 4482 4326 2127 4468 4312 2113 4481 4325 2126 4483 4327 2128 4482 4326 2127 4483 4327 2128 4456 4300 2101 4482 4326 2127 4483 4327 2128 4484 4328 2129 4456 4300 2101 4484 4328 2129 4485 4329 2130 4456 4300 2101 4484 4328 2129 4486 4330 2131 4485 4329 2130 4486 4330 2131 4487 4331 2132 4485 4329 2130 4485 4329 2130 4487 4331 2132 4488 4332 2133 4455 4299 2100 4485 4329 2130 4488 4332 2133 4456 4300 2101 4485 4329 2130 4455 4299 2100 4489 4333 2134 4455 4299 2100 4488 4332 2133 4489 4333 2134 4490 4334 2135 4455 4299 2100 4455 4299 2100 4490 4334 2135 4452 4296 2097 4491 4335 2136 4452 4296 2097 4490 4334 2135 4491 4335 2136 4492 4336 2137 4452 4296 2097 4449 4293 2094 4452 4296 2097 4492 4336 2137 4493 4337 2138 4449 4293 2094 4492 4336 2137 4493 4337 2138 4450 4294 2095 4449 4293 2094 4438 4282 2083 4447 4291 2092 4450 4294 2095 4496 4340 2141 4495 4339 2140 4494 4338 2139 4497 4341 2142 4496 4340 2141 4494 4338 2139 4494 4338 2139 4495 4339 2140 4498 4342 2143 4495 4339 2140 4499 4343 2144 4498 4342 2143 4498 4342 2143 4499 4343 2144 4500 4344 2145 4499 4343 2144 4501 4345 2146 4500 4344 2145 4500 4344 2145 4501 4345 2146 4502 4346 2147 4501 4345 2146 4503 4347 2148 4502 4346 2147 4494 4338 2139 4498 4342 2143 4504 4348 2149 4505 4349 2150 4494 4338 2139 4504 4348 2149 4497 4341 2142 4494 4338 2139 4505 4349 2150 4505 4349 2150 4504 4348 2149 4506 4350 2151 4507 4351 2152 4505 4349 2150 4506 4350 2151 4508 4352 2153 4505 4349 2150 4507 4351 2152 4508 4352 2153 4497 4341 2142 4505 4349 2150 4509 4353 2154 4508 4352 2153 4507 4351 2152 4506 4350 2151 4504 4348 2149 4510 4354 2155 4504 4348 2149 4511 4355 2156 4510 4354 2155 4498 4342 2143 4500 4344 2145 4511 4355 2156 4504 4348 2149 4498 4342 2143 4511 4355 2156 4510 4354 2155 4511 4355 2156 4512 4356 2157 4511 4355 2156 4513 4357 2158 4512 4356 2157 4500 4344 2145 4502 4346 2147 4513 4357 2158 4511 4355 2156 4500 4344 2145 4513 4357 2158 4506 4350 2151 4514 4358 2159 4507 4351 2152 4514 4358 2159 4515 4359 2160 4507 4351 2152 4507 4351 2152 4515 4359 2160 4516 4360 2161 4509 4353 2154 4507 4351 2152 4516 4360 2161 4512 4356 2157 4517 4361 2162 4510 4354 2155 4517 4361 2162 4518 4362 2163 4510 4354 2155 4518 4362 2163 4514 4358 2159 4506 4350 2151 4510 4354 2155 4518 4362 2163 4506 4350 2151 4520 4364 2165 4519 4363 2164 4503 4347 2148 4521 4365 2166 4520 4364 2165 4501 4345 2146 4501 4345 2146 4520 4364 2165 4503 4347 2148 4522 4366 2167 4521 4365 2166 4501 4345 2146 4499 4343 2144 4522 4366 2167 4501 4345 2146 4523 4367 2168 4522 4366 2167 4499 4343 2144 4524 4368 2169 4523 4367 2168 4499 4343 2144 4495 4339 2140 4524 4368 2169 4499 4343 2144 4525 4369 2170 4524 4368 2169 4495 4339 2140 4526 4370 2171 4525 4369 2170 4495 4339 2140 4496 4340 2141 4526 4370 2171 4495 4339 2140 4527 4371 2172 4526 4370 2171 4496 4340 2141 4530 4374 2148 4529 4373 2146 4528 4372 2145 4531 4375 2147 4530 4374 2148 4528 4372 2145 4528 4372 2145 4529 4373 2146 4532 4376 2143 4529 4373 2146 4533 4377 2144 4532 4376 2143 4532 4376 2143 4533 4377 2144 4534 4378 2139 4533 4377 2144 4535 4379 2140 4534 4378 2139 4534 4378 2139 4535 4379 2140 4536 4380 2142 4535 4379 2140 4537 4381 2141 4536 4380 2142 4534 4378 2139 4536 4380 2142 4538 4382 2153 4539 4383 2150 4534 4378 2139 4538 4382 2153 4532 4376 2143 4534 4378 2139 4539 4383 2150 4539 4383 2150 4538 4382 2153 4540 4384 2154 4541 4385 2152 4539 4383 2150 4540 4384 2154 4542 4386 2149 4539 4383 2150 4541 4385 2152 4542 4386 2149 4532 4376 2143 4539 4383 2150 4528 4372 2145 4532 4376 2143 4542 4386 2149 4543 4387 2151 4542 4386 2149 4541 4385 2152 4544 4388 2156 4542 4386 2149 4543 4387 2151 4545 4389 2155 4544 4388 2156 4543 4387 2151 4546 4390 2158 4544 4388 2156 4545 4389 2155 4546 4390 2158 4531 4375 2147 4544 4388 2156 4547 4391 2157 4546 4390 2158 4545 4389 2155 4544 4388 2156 4528 4372 2145 4542 4386 2149 4531 4375 2147 4528 4372 2145 4544 4388 2156 4540 4384 2154 4548 4392 2161 4541 4385 2152 4548 4392 2161 4549 4393 2160 4541 4385 2152 4541 4385 2152 4549 4393 2160 4550 4394 2159 4543 4387 2151 4541 4385 2152 4550 4394 2159 4543 4387 2151 4550 4394 2159 4545 4389 2155 4547 4391 2157 4545 4389 2155 4551 4395 2162 4545 4389 2155 4552 4396 2163 4551 4395 2162 4550 4394 2159 4552 4396 2163 4545 4389 2155 4555 4399 2175 4554 4398 2174 4553 4397 2173 4556 4400 2176 4555 4399 2175 4553 4397 2173 4555 4399 2175 4557 4401 2177 4554 4398 2174 4557 4401 2177 4558 4402 2178 4554 4398 2174 4557 4401 2177 4559 4403 2179 4558 4402 2178 4559 4403 2179 4560 4404 2180 4558 4402 2178 4559 4403 2179 4561 4405 2181 4560 4404 2180 4561 4405 2181 4562 4406 2182 4560 4404 2180 4561 4405 2181 4563 4407 2183 4562 4406 2182 4563 4407 2183 4564 4408 2184 4562 4406 2182 4565 4409 2185 4556 4400 2176 4553 4397 2173 4566 4410 2186 4565 4409 2185 4553 4397 2173 4565 4409 2185 4566 4410 2186 4567 4411 2187 4566 4410 2186 4568 4412 2188 4567 4411 2187 4567 4411 2187 4568 4412 2188 4569 4413 2189 4568 4412 2188 4570 4414 2190 4569 4413 2189 4569 4413 2189 4570 4414 2190 4571 4415 2191 4572 4416 2192 4569 4413 2189 4571 4415 2191 4572 4416 2192 4571 4415 2191 4573 4417 2193 4573 4417 2193 4571 4415 2191 4574 4418 2194 4573 4417 2193 4575 4419 2195 4572 4416 2192 4576 4420 2196 4575 4419 2195 4573 4417 2193 4577 4421 2197 4576 4420 2196 4573 4417 2193 4577 4421 2197 4573 4417 2193 4574 4418 2194 4578 4422 2198 4577 4421 2197 4574 4418 2194 4568 4412 2188 4566 4410 2186 4579 4423 2199 4566 4410 2186 4580 4424 2200 4579 4423 2199 4566 4410 2186 4553 4397 2173 4580 4424 2200 4553 4397 2173 4581 4425 2201 4580 4424 2200 4581 4425 2201 4553 4397 2173 4554 4398 2174 4579 4423 2199 4582 4426 2202 4568 4412 2188 4571 4415 2191 4570 4414 2190 4583 4427 2203 4570 4414 2190 4584 4428 2204 4583 4427 2203 4570 4414 2190 4585 4429 2205 4584 4428 2204 4568 4412 2188 4582 4426 2202 4585 4429 2205 4570 4414 2190 4568 4412 2188 4585 4429 2205 4574 4418 2194 4586 4430 2206 4578 4422 2198 4587 4431 2207 4586 4430 2206 4574 4418 2194 4571 4415 2191 4587 4431 2207 4574 4418 2194 4583 4427 2203 4588 4432 2208 4571 4415 2191 4571 4415 2191 4588 4432 2208 4587 4431 2207 4586 4430 2206 4589 4433 2209 4578 4422 2198 4590 4434 2210 4420 4264 2065 4422 4266 2067 4420 4264 2065 4590 4434 2210 4418 4262 2063 4591 4435 2211 4590 4434 2210 4422 4266 2067 4422 4266 2067 4433 4277 2078 4591 4435 2211 4433 4277 2078 4592 4436 2212 4591 4435 2211 4433 4277 2078 4437 4281 2082 4592 4436 2212 4414 4258 2059 4593 4437 2213 4413 4257 2058 4535 4379 2140 4594 4438 2171 4537 4381 2141 4594 4438 2171 4595 4439 2172 4537 4381 2141 4596 4440 2170 4594 4438 2171 4535 4379 2140 4597 4441 2169 4596 4440 2170 4535 4379 2140 4533 4377 2144 4597 4441 2169 4535 4379 2140 4598 4442 2168 4597 4441 2169 4533 4377 2144 4599 4443 2167 4598 4442 2168 4533 4377 2144 4529 4373 2146 4599 4443 2167 4533 4377 2144 4600 4444 2166 4599 4443 2167 4529 4373 2146 4601 4445 2165 4600 4444 2166 4529 4373 2146 4530 4374 2148 4601 4445 2165 4529 4373 2146 4602 4446 2164 4601 4445 2165 4530 4374 2148 4605 4449 2216 4604 4448 2215 4603 4447 2214 4605 4449 2216 4606 4450 2217 4604 4448 2215 4605 4449 2216 4607 4451 2218 4606 4450 2217 4605 4449 2216 4603 4447 2214 4608 4452 2219 4605 4449 2216 4608 4452 2219 4609 4453 2220 4605 4449 2216 4609 4453 2220 4610 4454 2221 4605 4449 2216 4610 4454 2221 4611 4455 2222 4605 4449 2216 4611 4455 2222 4612 4456 2223 4615 4459 2216 4614 4458 2217 4613 4457 2218 4615 4459 2216 4616 4460 2215 4614 4458 2217 4615 4459 2216 4617 4461 2214 4616 4460 2215 4615 4459 2216 4618 4462 2219 4617 4461 2214 4615 4459 2216 4619 4463 2220 4618 4462 2219 4615 4459 2216 4620 4464 2221 4619 4463 2220 4615 4459 2216 4621 4465 2222 4620 4464 2221 4615 4459 2216 4622 4466 2223 4621 4465 2222 4625 4469 2226 4624 4468 2225 4623 4467 2224 4625 4469 2226 4623 4467 2224 4626 4470 2227 4627 4471 2228 4625 4469 2226 4626 4470 2227 4627 4471 2228 4626 4470 2227 4628 4472 2229 4627 4471 2228 4628 4472 2229 4629 4473 2230 4627 4471 2228 4629 4473 2230 4630 4474 2231 4627 4471 2228 4630 4474 2231 4631 4475 2232 4627 4471 2228 4631 4475 2232 4632 4476 2233 4627 4471 2228 4632 4476 2233 4633 4477 2234 4634 4478 2235 4627 4471 2228 4633 4477 2234 4634 4478 2235 4633 4477 2234 4635 4479 2236 4634 4478 2235 4635 4479 2236 4636 4480 2237 4634 4478 2235 4636 4480 2237 4637 4481 2238 4634 4478 2235 4637 4481 2238 4638 4482 2239 4634 4478 2235 4638 4482 2239 4639 4483 2240 4640 4484 2241 4634 4478 2235 4639 4483 2240 4640 4484 2241 4639 4483 2240 4641 4485 2242 4640 4484 2241 4641 4485 2242 4642 4486 2243 4640 4484 2241 4642 4486 2243 4643 4487 2244 4640 4484 2241 4643 4487 2244 4644 4488 2245 4640 4484 2241 4644 4488 2245 4645 4489 2246 4640 4484 2241 4645 4489 2246 4646 4490 2247 4647 4491 2248 4640 4484 2241 4646 4490 2247 4648 4492 2249 4640 4484 2241 4647 4491 2248 4648 4492 2249 4634 4478 2235 4640 4484 2241 4648 4492 2249 4627 4471 2228 4634 4478 2235 4648 4492 2249 4625 4469 2226 4627 4471 2228 4648 4492 2249 4649 4493 2250 4625 4469 2226 4625 4469 2226 4649 4493 2250 4650 4494 2251 4625 4469 2226 4650 4494 2251 4651 4495 2252 4625 4469 2226 4651 4495 2252 4652 4496 2253 4625 4469 2226 4652 4496 2253 4653 4497 2254 4625 4469 2226 4653 4497 2254 4624 4468 2225 4649 4493 2250 4654 4498 2255 4650 4494 2251 4657 4499 1984 4656 4499 1982 4655 4499 1939 4660 4500 1985 4659 4500 1981 4658 4500 1867 4663 4501 1866 4662 4501 1986 4661 4501 1865 4666 4502 1874 4665 4502 2256 4664 4502 1864 4669 4503 2256 4668 4503 1874 4667 4503 1943 4672 4504 1942 4671 4504 1898 4670 4504 1940 4675 4505 1865 4674 4505 1866 4673 4505 1864 4678 4508 1865 4677 4507 1868 4676 4506 1867 4679 4509 1869 4677 4507 1868 4678 4508 1865 4679 4509 1869 4680 4510 1870 4677 4507 1868 4679 4509 1869 4681 4511 1872 4680 4510 1870 4682 4512 1881 4680 4510 1870 4681 4511 1872 4683 4513 1873 4681 4511 1872 4679 4509 1869 4683 4513 1873 4679 4509 1869 4678 4508 1865 4684 4514 1879 4681 4511 1872 4683 4513 1873 4684 4514 1879 4683 4513 1873 4685 4515 1875 4686 4516 1874 4685 4515 1875 4683 4513 1873 4686 4516 1874 4683 4513 1873 4678 4508 1865 4686 4516 1874 4687 4517 1876 4685 4515 1875 4687 4517 1876 4688 4518 1877 4685 4515 1875 4689 4519 1878 4685 4515 1875 4688 4518 1877 4689 4519 1878 4684 4514 1879 4685 4515 1875 4690 4520 1884 4689 4519 1878 4688 4518 1877 4690 4520 1884 4688 4518 1877 4691 4521 1885 4692 4522 1886 4691 4521 1885 4688 4518 1877 4693 4523 1887 4690 4520 1884 4691 4521 1885 4693 4523 1887 4691 4521 1885 4694 4524 1888 4694 4524 1888 4691 4521 1885 4695 4525 1889 4696 4526 1890 4695 4525 1889 4691 4521 1885 4691 4521 1885 4697 4527 1891 4696 4526 1890 4697 4527 1891 4691 4521 1885 4692 4522 1886 4698 4528 1892 4696 4526 1890 4697 4527 1891 4697 4527 1891 4692 4522 1886 4699 4529 1893 4699 4529 1893 4692 4522 1886 4700 4530 1894 4701 4531 1895 4696 4526 1890 4698 4528 1892 4701 4531 1895 4695 4525 1889 4696 4526 1890 4688 4518 1877 4702 4532 1898 4692 4522 1886 4702 4532 1898 4703 4533 1896 4692 4522 1886 4692 4522 1886 4703 4533 1896 4700 4530 1894 4700 4530 1894 4703 4533 1896 4704 4534 1897 4700 4530 1894 4704 4534 1897 4705 4535 1899 4706 4536 1900 4700 4530 1894 4705 4535 1899 4699 4529 1893 4700 4530 1894 4706 4536 1900 4707 4537 1901 4699 4529 1893 4706 4536 1900 4697 4527 1891 4699 4529 1893 4707 4537 1901 4708 4538 1902 4697 4527 1891 4707 4537 1901 4698 4528 1892 4697 4527 1891 4708 4538 1902 4709 4539 1903 4698 4528 1892 4708 4538 1902 4701 4531 1895 4698 4528 1892 4709 4539 1903 4710 4540 1904 4701 4531 1895 4709 4539 1903 4701 4531 1895 4710 4540 1904 4695 4525 1889 4710 4540 1904 4711 4541 1905 4695 4525 1889 4694 4524 1888 4695 4525 1889 4711 4541 1905 4712 4542 1906 4694 4524 1888 4711 4541 1905 4693 4523 1887 4694 4524 1888 4712 4542 1906 4713 4543 1907 4693 4523 1887 4712 4542 1906 4693 4523 1887 4713 4543 1907 4690 4520 1884 4713 4543 1907 4714 4544 1908 4690 4520 1884 4690 4520 1884 4714 4544 1908 4689 4519 1878 4714 4544 1908 4715 4545 1909 4689 4519 1878 4689 4519 1878 4715 4545 1909 4684 4514 1879 4715 4545 1909 4716 4546 1910 4684 4514 1879 4684 4514 1879 4716 4546 1910 4717 4547 1880 4716 4546 1910 4718 4548 1911 4717 4547 1880 4717 4547 1880 4718 4548 1911 4682 4512 1881 4718 4548 1911 4719 4549 1912 4682 4512 1881 4682 4512 1881 4719 4549 1912 4720 4550 1882 4719 4549 1912 4721 4551 1913 4720 4550 1882 4720 4550 1882 4721 4551 1913 4722 4552 1883 4721 4551 1913 4723 4553 1914 4722 4552 1883 4722 4552 1883 4723 4553 1914 4724 4554 1915 4722 4552 1883 4724 4554 1915 4725 4555 1916 4722 4552 1883 4725 4555 1916 4726 4556 1871 4725 4555 1916 4727 4557 1923 4726 4556 1871 4727 4557 1923 4677 4507 1868 4726 4556 1871 4728 4558 1918 4727 4557 1923 4725 4555 1916 4728 4558 1918 4725 4555 1916 4729 4559 1917 4725 4555 1916 4724 4554 1915 4729 4559 1917 4728 4558 1918 4729 4559 1917 4730 4560 1919 4729 4559 1917 4731 4561 1920 4730 4560 1919 4731 4561 1920 4732 4562 1921 4730 4560 1919 4732 4562 1921 4733 4563 1922 4730 4560 1919 4730 4560 1919 4733 4563 1922 4734 4564 1924 4734 4564 1924 4727 4557 1923 4728 4558 1918 4730 4560 1919 4734 4564 1924 4728 4558 1918 4733 4563 1922 4735 4565 1925 4734 4564 1924 4732 4562 1921 4731 4561 1920 4736 4566 1926 4737 4567 1927 4731 4561 1920 4729 4559 1917 4738 4568 1928 4729 4559 1917 4724 4554 1915 4729 4559 1917 4738 4568 1928 4737 4567 1927 4731 4561 1920 4739 4569 1929 4736 4566 1926 4739 4569 1929 4731 4561 1920 4737 4567 1927 4739 4569 1929 4740 4570 1930 4736 4566 1926 4740 4570 1930 4739 4569 1929 4737 4567 1927 4741 4571 1931 4736 4566 1926 4740 4570 1930 4742 4572 1932 4740 4570 1930 4737 4567 1927 4738 4568 1928 4742 4572 1932 4737 4567 1927 4738 4568 1928 4743 4573 1933 4742 4572 1932 4738 4568 1928 4724 4554 1915 4743 4573 1933 4724 4554 1915 4744 4574 1934 4743 4573 1933 4723 4553 1914 4744 4574 1934 4724 4554 1915 4743 4573 1933 4745 4575 1935 4742 4572 1932 4742 4572 1932 4745 4575 1935 4740 4570 1930 4745 4575 1935 4746 4576 1936 4740 4570 1930 4740 4570 1930 4746 4576 1936 4747 4577 1937 4741 4571 1931 4740 4570 1930 4747 4577 1937 4734 4564 1924 4735 4565 1925 4748 4578 1938 4748 4578 1938 4749 4579 1939 4734 4564 1924 4727 4557 1923 4734 4564 1924 4749 4579 1939 4749 4579 1939 4676 4506 1867 4727 4557 1923 4727 4557 1923 4676 4506 1867 4677 4507 1868 4677 4507 1868 4680 4510 1870 4750 4580 1871 4720 4550 1882 4750 4580 1871 4680 4510 1870 4682 4512 1881 4720 4550 1882 4680 4510 1870 4722 4552 1883 4750 4580 1871 4720 4550 1882 4717 4547 1880 4682 4512 1881 4681 4511 1872 4684 4514 1879 4717 4547 1880 4681 4511 1872 4753 4581 1876 4752 4582 1941 4751 4581 1940 4754 4583 1942 4753 4581 1876 4751 4581 1940 4757 4584 1874 4756 4584 1943 4755 4584 1876 4760 4587 1946 4759 4586 1947 4758 4585 1944 4761 4588 1945 4760 4587 1946 4758 4585 1944 4758 4585 1944 4759 4586 1947 4762 4589 1948 4758 4585 1944 4762 4589 1948 4761 4588 1945 4759 4586 1947 4763 4590 1949 4762 4589 1948 4764 4591 1950 4760 4587 1946 4761 4588 1945 4765 4592 1951 4764 4591 1950 4761 4588 1945 4765 4592 1951 4761 4588 1945 4766 4593 1952 4766 4593 1952 4761 4588 1945 4767 4594 1953 4762 4589 1948 4763 4590 1949 4767 4594 1953 4762 4589 1948 4767 4594 1953 4761 4588 1945 4767 4594 1953 4768 4595 1954 4766 4593 1952 4767 4594 1953 4769 4596 1955 4768 4595 1954 4763 4590 1949 4769 4596 1955 4767 4594 1953 4769 4596 1955 4770 4597 1956 4768 4595 1954 4768 4595 1954 4770 4597 1956 4771 4598 1957 4768 4595 1954 4771 4598 1957 4766 4593 1952 4772 4599 1958 4766 4593 1952 4771 4598 1957 4772 4599 1958 4771 4598 1957 4773 4600 1959 4773 4600 1959 4771 4598 1957 4774 4601 1960 4771 4598 1957 4775 4602 1961 4774 4601 1960 4770 4597 1956 4775 4602 1961 4771 4598 1957 4773 4600 1959 4774 4601 1960 4776 4603 1962 4777 4604 1963 4773 4600 1959 4776 4603 1962 4772 4599 1958 4773 4600 1959 4777 4604 1963 4777 4604 1963 4776 4603 1962 4778 4605 1964 4779 4606 1965 4777 4604 1963 4778 4605 1964 4777 4604 1963 4779 4606 1965 4780 4607 1966 4777 4604 1963 4781 4608 1967 4772 4599 1958 4777 4604 1963 4780 4607 1966 4781 4608 1967 4779 4606 1965 4778 4605 1964 4782 4609 1968 4783 4610 1969 4779 4606 1965 4782 4609 1968 4779 4606 1965 4783 4610 1969 4780 4607 1966 4783 4610 1969 4782 4609 1968 4784 4611 1970 4785 4612 1971 4783 4610 1969 4784 4611 1970 4786 4613 1972 4783 4610 1969 4785 4612 1971 4786 4613 1972 4780 4607 1966 4783 4610 1969 4785 4612 1971 4784 4611 1970 4787 4614 1973 4788 4615 1974 4785 4612 1971 4787 4614 1973 4786 4613 1972 4785 4612 1971 4788 4615 1974 4788 4615 1974 4787 4614 1973 4789 4616 1975 4790 4617 1976 4788 4615 1974 4789 4616 1975 4791 4618 1977 4788 4615 1974 4790 4617 1976 4788 4615 1974 4791 4618 1977 4786 4613 1972 4790 4617 1976 4789 4616 1975 4792 4619 1978 4793 4620 1979 4790 4617 1976 4792 4619 1978 4791 4618 1977 4790 4617 1976 4793 4620 1979 4793 4620 1979 4794 4621 1980 4791 4618 1977 4797 4622 1874 4796 4622 1865 4795 4622 1864 4800 4623 1939 4799 4623 1981 4798 4623 1867 4803 1645 1938 4802 1645 1982 4801 1645 1939 4806 1645 1938 4805 1645 1983 4804 1645 1982 4809 4624 1939 4808 4624 1984 4807 4624 1981 4812 4625 1986 4811 4625 1867 4810 4625 1985 4811 4626 1867 4814 4626 1986 4813 4626 1865 4817 4627 1943 4816 4627 1941 4815 4627 1876 4818 4628 1942 4688 4518 1877 4687 4517 1876 4702 4532 1898 4688 4518 1877 4818 4628 1942 4765 4592 1951 4819 4629 1987 4764 4591 1950 4819 4629 1987 4765 4592 1951 4766 4593 1952 4822 4632 1989 4821 4631 1990 4820 4630 1988 4822 4632 1989 4820 4630 1988 4823 4633 1991 4822 4632 1989 4824 4634 1993 4821 4631 1990 4825 4635 1992 4822 4632 1989 4823 4633 1991 4826 4636 1994 4822 4632 1989 4825 4635 1992 4823 4633 1991 4820 4630 1988 4827 4637 1995 4820 4630 1988 4828 4638 1996 4827 4637 1995 4820 4630 1988 4829 4639 1997 4828 4638 1996 4830 4640 1998 4829 4639 1997 4820 4630 1988 4821 4631 1990 4830 4640 1998 4820 4630 1988 4821 4631 1990 4831 4641 1999 4830 4640 1998 4831 4641 1999 4821 4631 1990 4832 4642 2000 4821 4631 1990 4824 4634 1993 4833 4643 2001 4832 4642 2000 4821 4631 1990 4833 4643 2001 4824 4634 1993 4834 4644 2002 4833 4643 2001 4834 4644 2002 4835 4645 2003 4833 4643 2001 4834 4644 2002 4836 4646 2004 4835 4645 2003 4837 4647 2005 4836 4646 2004 4834 4644 2002 4834 4644 2002 4838 4648 2006 4837 4647 2005 4838 4648 2006 4834 4644 2002 4839 4649 2007 4839 4649 2007 4834 4644 2002 4840 4650 2008 4834 4644 2002 4841 4651 2009 4840 4650 2008 4841 4651 2009 4842 4652 2010 4840 4650 2008 4842 4652 2010 4843 4653 2011 4840 4650 2008 4842 4652 2010 4844 4654 2012 4843 4653 2011 4845 4655 2013 4844 4654 2012 4842 4652 2010 4842 4652 2010 4846 4656 2014 4845 4655 2013 4847 4657 2015 4846 4656 2014 4842 4652 2010 4847 4657 2015 4842 4652 2010 4848 4658 2016 4849 4659 2017 4847 4657 2015 4848 4658 2016 4850 4660 2018 4849 4659 2017 4848 4658 2016 4851 4661 2019 4850 4660 2018 4848 4658 2016 4852 4662 2020 4850 4660 2018 4851 4661 2019 4853 4663 2021 4852 4662 2020 4851 4661 2019 4851 4661 2019 4854 4664 2022 4853 4663 2021 4855 4665 2023 4854 4664 2022 4851 4661 2019 4855 4665 2023 4851 4661 2019 4856 4666 2024 4857 4667 2025 4855 4665 2023 4856 4666 2024 4860 4670 2027 4859 4669 2028 4858 4668 2026 4861 4671 2029 4860 4670 2027 4858 4668 2026 4862 4672 2030 4861 4671 2029 4858 4668 2026 4862 4672 2030 4858 4668 2026 4863 4673 2030 4861 4671 2029 4862 4672 2030 4864 4674 2031 4860 4670 2027 4861 4671 2029 4864 4674 2031 4860 4670 2027 4864 4674 2031 4865 4675 2032 4862 4672 2030 4866 4676 2033 4864 4674 2031 4867 4677 2034 4865 4675 2032 4864 4674 2031 4866 4676 2033 4867 4677 2034 4864 4674 2031 4868 4678 2035 4865 4675 2032 4867 4677 2034 4868 4678 2035 4869 4679 2036 4865 4675 2032 4868 4678 2035 4870 4680 2037 4869 4679 2036 4871 4681 2038 4869 4679 2036 4870 4680 2037 4872 4682 2039 4871 4681 2038 4870 4680 2037 4871 4681 2038 4872 4682 2039 4873 4683 2040 4872 4682 2039 4874 4684 2041 4873 4683 2040 4873 4683 2040 4874 4684 2041 4875 4685 2042 4874 4684 2041 4876 4686 2043 4875 4685 2042 4875 4685 2042 4876 4686 2043 4877 4687 2044 4876 4686 2043 4878 4688 2045 4877 4687 2044 4877 4687 2044 4878 4688 2045 4879 4689 2046 4878 4688 2045 4880 4690 2047 4879 4689 2046 4879 4689 2046 4880 4690 2047 4881 4691 2048 4879 4689 2046 4881 4691 2048 4882 4692 2049 4882 4692 2049 4881 4691 2048 4883 4693 2050 4882 4692 2049 4883 4693 2050 4884 4694 2051 4884 4694 2051 4883 4693 2050 4885 4695 2052 4884 4694 2051 4885 4695 2052 4886 4696 2053 4886 4696 2053 4887 4697 2054 4884 4694 2051 4886 4696 2053 4888 4698 2055 4887 4697 2054 4887 4697 2054 4888 4698 2055 4889 4699 2056 4892 4702 2151 4891 4701 2155 4890 4700 2163 4893 4703 2159 4892 4702 2151 4890 4700 2163 4893 4703 2159 4894 4704 2160 4892 4702 2151 4894 4704 2160 4895 4705 2152 4892 4702 2151 4896 4706 2154 4895 4705 2152 4894 4704 2160 4897 4707 2161 4896 4706 2154 4894 4704 2160 4890 4700 2163 4891 4701 2155 4898 4708 2157 4899 4709 2162 4890 4700 2163 4898 4708 2157 4900 4710 2150 4895 4705 2152 4896 4706 2154 4901 4711 2153 4900 4710 2150 4896 4706 2154 4902 4712 2149 4892 4702 2151 4895 4705 2152 4900 4710 2150 4902 4712 2149 4895 4705 2152 4903 4713 2156 4891 4701 2155 4892 4702 2151 4902 4712 2149 4903 4713 2156 4892 4702 2151 4904 4714 2158 4898 4708 2157 4891 4701 2155 4903 4713 2156 4904 4714 2158 4891 4701 2155 4905 4715 2139 4900 4710 2150 4901 4711 2153 4906 4716 2142 4905 4715 2139 4901 4711 2153 4907 4717 2140 4905 4715 2139 4906 4716 2142 4907 4717 2140 4908 4718 2144 4905 4715 2139 4908 4718 2144 4909 4719 2143 4905 4715 2139 4909 4719 2143 4902 4712 2149 4900 4710 2150 4905 4715 2139 4909 4719 2143 4900 4710 2150 4908 4718 2144 4910 4720 2146 4909 4719 2143 4910 4720 2146 4911 4721 2145 4909 4719 2143 4911 4721 2145 4903 4713 2156 4902 4712 2149 4909 4719 2143 4911 4721 2145 4902 4712 2149 4910 4720 2146 4912 4722 2148 4911 4721 2145 4912 4722 2148 4913 4723 2147 4911 4721 2145 4913 4723 2147 4904 4714 2158 4903 4713 2156 4911 4721 2145 4913 4723 2147 4903 4713 2156 4914 4724 2141 4907 4717 2140 4906 4716 2142 4915 4725 2171 4907 4717 2140 4914 4724 2141 4916 4726 2169 4908 4718 2144 4907 4717 2140 4917 4727 2167 4910 4720 2146 4908 4718 2144 4918 4728 2165 4912 4722 2148 4910 4720 2146 4919 4729 2172 4915 4725 2171 4914 4724 2141 4915 4725 2171 4920 4730 2170 4907 4717 2140 4920 4730 2170 4916 4726 2169 4907 4717 2140 4916 4726 2169 4921 4731 2168 4908 4718 2144 4921 4731 2168 4917 4727 2167 4908 4718 2144 4917 4727 2167 4922 4732 2166 4910 4720 2146 4922 4732 2166 4918 4728 2165 4910 4720 2146 4918 4728 2165 4923 4733 2164 4912 4722 2148 4926 4736 2160 4925 4735 2152 4924 4734 2154 4927 4737 2161 4926 4736 2160 4924 4734 2154 4928 4738 2151 4925 4735 2152 4926 4736 2160 4929 4739 2159 4928 4738 2151 4926 4736 2160 4930 4740 2155 4928 4738 2151 4929 4739 2159 4931 4741 2163 4930 4740 2155 4929 4739 2159 4932 4742 2157 4930 4740 2155 4931 4741 2163 4933 4743 2162 4932 4742 2157 4931 4741 2163 4934 4744 2150 4925 4735 2152 4928 4738 2151 4935 4745 2149 4934 4744 2150 4928 4738 2151 4935 4745 2149 4928 4738 2151 4930 4740 2155 4936 4746 2153 4924 4734 2154 4925 4735 2152 4934 4744 2150 4936 4746 2153 4925 4735 2152 4937 4747 2156 4930 4740 2155 4932 4742 2157 4937 4747 2156 4935 4745 2149 4930 4740 2155 4938 4748 2158 4937 4747 2156 4932 4742 2157 4939 4749 2139 4934 4744 2150 4935 4745 2149 4940 4750 2143 4939 4749 2139 4935 4745 2149 4940 4750 2143 4935 4745 2149 4937 4747 2156 4941 4751 2140 4939 4749 2139 4940 4750 2143 4941 4751 2140 4942 4752 2141 4939 4749 2139 4942 4752 2141 4943 4753 2142 4939 4749 2139 4943 4753 2142 4936 4746 2153 4934 4744 2150 4939 4749 2139 4943 4753 2142 4934 4744 2150 4944 4754 2144 4941 4751 2140 4940 4750 2143 4944 4754 2144 4940 4750 2143 4945 4755 2145 4945 4755 2145 4937 4747 2156 4938 4748 2158 4945 4755 2145 4940 4750 2143 4937 4747 2156 4946 4756 2146 4944 4754 2144 4945 4755 2145 4946 4756 2146 4945 4755 2145 4947 4757 2147 4947 4757 2147 4945 4755 2145 4938 4748 2158 4948 4758 2148 4946 4756 2146 4947 4757 2147 4949 4759 2169 4941 4751 2140 4944 4754 2144 4950 4760 2171 4942 4752 2141 4941 4751 2140 4951 4761 2167 4944 4754 2144 4946 4756 2146 4952 4762 2165 4946 4756 2146 4948 4758 2148 4953 4763 2164 4952 4762 2165 4948 4758 2148 4952 4762 2165 4954 4764 2166 4946 4756 2146 4954 4764 2166 4951 4761 2167 4946 4756 2146 4951 4761 2167 4955 4765 2168 4944 4754 2144 4955 4765 2168 4949 4759 2169 4944 4754 2144 4949 4759 2169 4956 4766 2170 4941 4751 2140 4956 4766 2170 4950 4760 2171 4941 4751 2140 4950 4760 2171 4957 4767 2172 4942 4752 2141 4960 4770 2058 4959 4769 2059 4958 4768 2057 4958 4768 2057 4961 4771 2060 4960 4770 2058 4962 4772 2061 4958 4768 2057 4959 4769 2059 4959 4769 2059 4963 4773 2062 4962 4772 2061 4964 4774 2063 4963 4773 2062 4959 4769 2059 4962 4772 2061 4963 4773 2062 4965 4775 2064 4963 4773 2062 4964 4774 2063 4966 4776 2065 4963 4773 2062 4966 4776 2065 4965 4775 2064 4965 4775 2064 4966 4776 2065 4967 4777 2066 4966 4776 2065 4968 4778 2067 4967 4777 2066 4965 4775 2064 4967 4777 2066 4969 4779 2068 4967 4777 2066 4970 4780 2069 4969 4779 2068 4971 4781 2070 4970 4780 2069 4967 4777 2066 4971 4781 2070 4972 4782 2071 4970 4780 2069 4973 4783 2072 4972 4782 2071 4971 4781 2070 4973 4783 2072 4974 4784 2073 4972 4782 2071 4974 4784 2073 4975 4785 2074 4972 4782 2071 4976 4786 2075 4973 4783 2072 4971 4781 2070 4976 4786 2075 4971 4781 2070 4977 4787 2076 4977 4787 2076 4971 4781 2070 4967 4777 2066 4967 4777 2066 4968 4778 2067 4977 4787 2076 4978 4788 2077 4976 4786 2075 4977 4787 2076 4974 4784 2073 4973 4783 2072 4979 4789 2109 4980 4790 2112 4974 4784 2073 4979 4789 2109 4981 4791 2105 4979 4789 2109 4973 4783 2072 4976 4786 2075 4981 4791 2105 4973 4783 2072 4982 4792 2093 4981 4791 2105 4976 4786 2075 4978 4788 2077 4982 4792 2093 4976 4786 2075 4983 4793 2092 4982 4792 2093 4978 4788 2077 4984 4794 2079 4983 4793 2092 4978 4788 2077 4985 4795 2078 4984 4794 2079 4978 4788 2077 4977 4787 2076 4985 4795 2078 4978 4788 2077 4986 4796 2110 4980 4790 2112 4979 4789 2109 4987 4797 2108 4986 4796 2110 4979 4789 2109 4987 4797 2108 4979 4789 2109 4981 4791 2105 4988 4798 2104 4987 4797 2108 4981 4791 2105 4988 4798 2104 4981 4791 2105 4982 4792 2093 4989 4799 2096 4988 4798 2104 4982 4792 2093 4982 4792 2093 4983 4793 2092 4989 4799 2096 4983 4793 2092 4990 4800 2094 4989 4799 2096 4991 4801 2082 4984 4794 2079 4985 4795 2078 4992 4802 2083 4984 4794 2079 4991 4801 2082 4992 4802 2083 4983 4793 2092 4984 4794 2079 4968 4778 2067 4985 4795 2078 4977 4787 2076 4993 4803 2111 4986 4796 2110 4987 4797 2108 4994 4804 2106 4993 4803 2111 4987 4797 2108 4994 4804 2106 4987 4797 2108 4988 4798 2104 4995 4805 2102 4994 4804 2106 4988 4798 2104 4995 4805 2102 4988 4798 2104 4989 4799 2096 4996 4806 2098 4995 4805 2102 4989 4799 2096 4989 4799 2096 4990 4800 2094 4996 4806 2098 4990 4800 2094 4997 4807 2097 4996 4806 2098 4996 4806 2098 4997 4807 2097 4998 4808 2100 4999 4809 2099 4996 4806 2098 4998 4808 2100 4999 4809 2099 4998 4808 2100 5000 4810 2101 5001 4811 2103 4995 4805 2102 4996 4806 2098 4999 4809 2099 5001 4811 2103 4996 4806 2098 5001 4811 2103 4999 4809 2099 5002 4812 2113 5003 4813 2107 4994 4804 2106 4995 4805 2102 5001 4811 2103 5003 4813 2107 4995 4805 2102 5003 4813 2107 5001 4811 2103 5004 4814 2114 5005 4815 2115 4993 4803 2111 4994 4804 2106 5003 4813 2107 5005 4815 2115 4994 4804 2106 5006 4816 2135 4998 4808 2100 4997 4807 2097 4997 4807 2097 5007 4817 2136 5006 4816 2135 5008 4818 2137 5007 4817 2136 4997 4807 2097 5006 4816 2135 5009 4819 2134 4998 4808 2100 4998 4808 2100 5009 4819 2134 5010 4820 2133 5011 4821 2130 4998 4808 2100 5010 4820 2133 4998 4808 2100 5011 4821 2130 5000 4810 2101 5012 4822 2132 5011 4821 2130 5010 4820 2133 4997 4807 2097 4990 4800 2094 5008 4818 2137 4990 4800 2094 5013 4823 2138 5008 4818 2137 5014 4824 2095 5013 4823 2138 4990 4800 2094 4990 4800 2094 4983 4793 2092 5014 4824 2095 4983 4793 2092 4992 4802 2083 5014 4824 2095 5012 4822 2132 5015 4825 2131 5011 4821 2130 5015 4825 2131 5016 4826 2129 5011 4821 2130 5011 4821 2130 5016 4826 2129 5000 4810 2101 5016 4826 2129 5017 4827 2128 5000 4810 2101 5000 4810 2101 5017 4827 2128 5018 4828 2127 5017 4827 2128 5019 4829 2126 5018 4828 2127 5018 4828 2127 5019 4829 2126 5002 4812 2113 5019 4829 2126 5020 4830 2125 5002 4812 2113 5002 4812 2113 5020 4830 2125 5021 4831 2124 5020 4830 2125 5022 4832 2123 5021 4831 2124 5021 4831 2124 5022 4832 2123 5004 4814 2114 5022 4832 2123 5023 4833 2122 5004 4814 2114 5004 4814 2114 5023 4833 2122 5024 4834 2121 5023 4833 2122 5025 4835 2120 5024 4834 2121 5024 4834 2121 5025 4835 2120 5026 4836 2116 5025 4835 2120 5027 4837 2119 5026 4836 2116 5027 4837 2119 5028 4838 2118 5026 4836 2116 5028 4838 2118 5029 4839 2117 5026 4836 2116 5000 4810 2101 5018 4828 2127 4999 4809 2099 4999 4809 2099 5018 4828 2127 5002 4812 2113 5002 4812 2113 5021 4831 2124 5001 4811 2103 5001 4811 2103 5021 4831 2124 5004 4814 2114 5004 4814 2114 5024 4834 2121 5003 4813 2107 5003 4813 2107 5024 4834 2121 5026 4836 2116 5005 4815 2115 5003 4813 2107 5026 4836 2116 5026 4836 2116 5029 4839 2117 5005 4815 2115 5031 4841 2089 5030 4840 2090 4961 4771 2060 5030 4840 2090 5031 4841 2089 5032 4842 2088 5032 4842 2088 5033 4843 2091 5030 4840 2090 5031 4841 2089 5034 4844 2087 5032 4842 2088 5034 4844 2087 5035 4845 2086 5032 4842 2088 5035 4845 2086 5034 4844 2087 4969 4779 2068 5035 4845 2086 4969 4779 2068 5036 4846 2084 4969 4779 2068 4970 4780 2069 5036 4846 2084 4970 4780 2069 5037 4847 2080 5036 4846 2084 4972 4782 2071 5037 4847 2080 4970 4780 2069 4972 4782 2071 4975 4785 2074 5037 4847 2080 4975 4785 2074 5038 4848 2081 5037 4847 2080 5037 4847 2080 5038 4848 2081 5039 4849 2085 5036 4846 2084 5037 4847 2080 5039 4849 2085 5031 4841 2089 4961 4771 2060 4958 4768 2057 5031 4841 2089 4958 4768 2057 5034 4844 2087 4958 4768 2057 4962 4772 2061 5034 4844 2087 5034 4844 2087 4962 4772 2061 4965 4775 2064 5034 4844 2087 4965 4775 2064 4969 4779 2068 5042 4852 2175 5041 4851 2176 5040 4850 2173 5043 4853 2174 5042 4852 2175 5040 4850 2173 5041 4851 2176 5044 4854 2185 5040 4850 2173 5044 4854 2185 5045 4855 2186 5040 4850 2173 5045 4855 2186 5044 4854 2185 5046 4856 2188 5044 4854 2185 5047 4857 2187 5046 4856 2188 5048 4858 2177 5042 4852 2175 5043 4853 2174 5049 4859 2178 5048 4858 2177 5043 4853 2174 5050 4860 2179 5048 4858 2177 5049 4859 2178 5051 4861 2180 5050 4860 2179 5049 4859 2178 5052 4862 2181 5050 4860 2179 5051 4861 2180 5053 4863 2182 5052 4862 2181 5051 4861 2180 5054 4864 2183 5052 4862 2181 5053 4863 2182 5055 4865 2184 5054 4864 2183 5053 4863 2182 5046 4856 2188 5047 4857 2187 5056 4866 2190 5047 4857 2187 5057 4867 2189 5056 4866 2190 5056 4866 2190 5057 4867 2189 5058 4868 2192 5059 4869 2191 5056 4866 2190 5058 4868 2192 5059 4869 2191 5058 4868 2192 5060 4870 2193 5060 4870 2193 5061 4871 2194 5059 4869 2191 5058 4868 2192 5062 4872 2195 5060 4870 2193 5062 4872 2195 5063 4873 2196 5060 4870 2193 5063 4873 2196 5064 4874 2197 5060 4870 2193 5060 4870 2193 5064 4874 2197 5061 4871 2194 5064 4874 2197 5065 4875 2198 5061 4871 2194 5056 4866 2190 5059 4869 2191 5066 4876 2203 5067 4877 2204 5056 4866 2190 5066 4876 2203 5068 4878 2205 5056 4866 2190 5067 4877 2204 5046 4856 2188 5056 4866 2190 5068 4878 2205 5069 4879 2202 5046 4856 2188 5068 4878 2205 5069 4879 2202 5070 4880 2199 5046 4856 2188 5045 4855 2186 5046 4856 2188 5070 4880 2199 5071 4881 2200 5045 4855 2186 5070 4880 2199 5040 4850 2173 5045 4855 2186 5071 4881 2200 5072 4882 2201 5040 4850 2173 5071 4881 2200 5040 4850 2173 5072 4882 2201 5043 4853 2174 5073 4883 2206 5061 4871 2194 5065 4875 2198 5074 4884 2209 5073 4883 2206 5065 4875 2198 5075 4885 2208 5066 4876 2203 5059 4869 2191 5075 4885 2208 5059 4869 2191 5076 4886 2207 5076 4886 2207 5059 4869 2191 5061 4871 2194 5073 4883 2206 5076 4886 2207 5061 4871 2194 4966 4776 2065 5077 4887 2210 4968 4778 2067 5077 4887 2210 4966 4776 2065 4964 4774 2063 5077 4887 2210 5078 4888 2211 4968 4778 2067 4985 4795 2078 4968 4778 2067 5078 4888 2211 5079 4889 2212 4985 4795 2078 5078 4888 2211 4991 4801 2082 4985 4795 2078 5079 4889 2212 5080 4890 2213 4959 4769 2059 4960 4770 2058 5083 4893 2215 5082 4892 2216 5081 4891 2214 5084 4894 2217 5082 4892 2216 5083 4893 2215 5085 4895 2218 5082 4892 2216 5084 4894 2217 5081 4891 2214 5082 4892 2216 5086 4896 2219 5086 4896 2219 5082 4892 2216 5087 4897 2220 5087 4897 2220 5082 4892 2216 5088 4898 2221 5088 4898 2221 5082 4892 2216 5089 4899 2222 5089 4899 2222 5082 4892 2216 5090 4900 2223 5093 4903 2217 5092 4902 2216 5091 4901 2218 5094 4904 2215 5092 4902 2216 5093 4903 2217 5095 4905 2214 5092 4902 2216 5094 4904 2215 5096 4906 2219 5092 4902 2216 5095 4905 2214 5097 4907 2220 5092 4902 2216 5096 4906 2219 5098 4908 2221 5092 4902 2216 5097 4907 2220 5099 4909 2222 5092 4902 2216 5098 4908 2221 5100 4910 2223 5092 4902 2216 5099 4909 2222 5103 4913 2225 5102 4912 2226 5101 4911 2224 5101 4911 2224 5102 4912 2226 5104 4914 2227 5102 4912 2226 5105 4915 2228 5104 4914 2227 5104 4914 2227 5105 4915 2228 5106 4916 2229 5106 4916 2229 5105 4915 2228 5107 4917 2230 5107 4917 2230 5105 4915 2228 5108 4918 2231 5108 4918 2231 5105 4915 2228 5109 4919 2232 5109 4919 2232 5105 4915 2228 5110 4920 2233 5110 4920 2233 5105 4915 2228 5111 4921 2234 5105 4915 2228 5112 4922 2235 5111 4921 2234 5111 4921 2234 5112 4922 2235 5113 4923 2236 5113 4923 2236 5112 4922 2235 5114 4924 2237 5114 4924 2237 5112 4922 2235 5115 4925 2238 5115 4925 2238 5112 4922 2235 5116 4926 2239 5116 4926 2239 5112 4922 2235 5117 4927 2240 5112 4922 2235 5118 4928 2241 5117 4927 2240 5117 4927 2240 5118 4928 2241 5119 4929 2242 5119 4929 2242 5118 4928 2241 5120 4930 2243 5120 4930 2243 5118 4928 2241 5121 4931 2244 5121 4931 2244 5118 4928 2241 5122 4932 2245 5122 4932 2245 5118 4928 2241 5123 4933 2246 5123 4933 2246 5118 4928 2241 5124 4934 2247 5118 4928 2241 5125 4935 2248 5124 4934 2247 5118 4928 2241 5126 4936 2249 5125 4935 2248 5112 4922 2235 5126 4936 2249 5118 4928 2241 5105 4915 2228 5126 4936 2249 5112 4922 2235 5102 4912 2226 5126 4936 2249 5105 4915 2228 5127 4937 2250 5126 4936 2249 5102 4912 2226 5127 4937 2250 5102 4912 2226 5128 4938 2251 5128 4938 2251 5102 4912 2226 5129 4939 2252 5129 4939 2252 5102 4912 2226 5130 4940 2253 5130 4940 2253 5102 4912 2226 5131 4941 2254 5131 4941 2254 5102 4912 2226 5103 4913 2225 5132 4942 2255 5127 4937 2250 5128 4938 2251 5135 4943 1982 5134 4943 1984 5133 4943 1939 5138 4944 1981 5137 4944 1985 5136 4944 1867 5141 4945 1986 5140 4945 1866 5139 4945 1865 5144 4946 2256 5143 4946 1874 5142 4946 1864 5147 4947 1874 5146 4947 2256 5145 4947 1943 5150 4948 1898 5149 4948 1942 5148 4948 1940 4471 4315 2116 4476 4320 2121 4462 4306 2107 4476 4320 2121 4469 4313 2114 4462 4306 2107 4469 4313 2114 4479 4323 2124 4458 4302 2103 4479 4323 2124 4468 4312 2113 4458 4302 2103 4468 4312 2113 4482 4326 2127 4454 4298 2099 4482 4326 2127 4456 4300 2101 4454 4298 2099 5153 4951 1821 5152 4950 1822 5151 4949 1820 5152 4950 1822 5154 4952 1823 5151 4949 1820 5151 4949 1820 5154 4952 1823 5155 4953 1824 5151 4949 1820 5155 4953 1824 5156 4954 1825 5156 4954 1825 5153 4951 1821 5151 4949 1820 5155 4953 1824 5157 4955 1826 5156 4954 1825 5156 4954 1825 5157 4955 1826 5158 4956 1827 5154 4952 1823 5159 4957 1828 5155 4953 1824 5155 4953 1824 5159 4957 1828 5157 4955 1826 5159 4957 1828 5160 4958 1829 5157 4955 1826 5157 4955 1826 5160 4958 1829 5161 4959 1830 5157 4955 1826 5161 4959 1830 5158 4956 1827 5164 4960 1830 5163 4961 1832 5162 4960 1831 5165 4962 1827 5164 4960 1830 5162 4960 1831 5168 4963 1832 5167 4963 1833 5166 4963 1831 5171 4966 1836 5170 4965 1837 5169 4964 1834 5172 4967 1835 5171 4966 1836 5169 4964 1834 5172 4967 1835 5173 4968 1838 5171 4966 1836 5170 4965 1837 5174 4969 1839 5169 4964 1834 5169 4964 1834 5174 4969 1839 5175 4970 1840 5172 4967 1835 5169 4964 1834 5175 4970 1840 5174 4969 1839 5176 4971 1841 5175 4970 1840 5177 4972 1833 5176 4971 1841 5174 4969 1839 5178 4973 1831 5177 4972 1833 5174 4969 1839 5170 4965 1837 5178 4973 1831 5174 4969 1839 5179 4974 1842 5172 4967 1835 5175 4970 1840 5172 4967 1835 5179 4974 1842 5173 4968 1838 5182 4977 1844 5181 4976 1845 5180 4975 1843 5183 4978 1846 5180 4975 1843 5181 4976 1845 5180 4975 1843 5183 4978 1846 5184 4979 1847 5180 4975 1843 5184 4979 1847 5185 4980 1848 5185 4980 1848 5182 4977 1844 5180 4975 1843 5184 4979 1847 5186 4981 1849 5185 4980 1848 5187 4982 1850 5185 4980 1848 5186 4981 1849 5183 4978 1846 5188 4983 1851 5184 4979 1847 5184 4979 1847 5188 4983 1851 5186 4981 1849 5188 4983 1851 5189 4984 1852 5186 4981 1849 5186 4981 1849 5189 4984 1852 5190 4985 1853 5187 4982 1850 5186 4981 1849 5190 4985 1853 5193 4986 1821 5192 4986 1855 5191 4986 1854 5192 4987 1855 5195 4987 1856 5194 4987 1854 5197 4988 1854 5196 4988 1822 5193 4988 1821 5200 4989 1858 5199 4989 1859 5198 4989 1857 5203 4990 1857 5202 4990 1856 5201 4990 1855 5206 4991 1860 5205 4991 1859 5204 4991 1858 5209 4992 1861 5208 4992 1860 5207 4992 1858 5212 4993 1838 5211 4993 1862 5210 4993 1836 5210 4994 1836 5214 4994 1862 5213 4994 1844 5217 4995 1862 5216 4995 1845 5215 4995 1844 5220 4996 1855 5219 4996 1858 5218 4996 1857 5223 4997 1853 5222 4997 1863 5221 4997 1850 5226 5000 1777 5225 4999 1778 5224 4998 1776 5227 5001 1779 5226 5000 1777 5224 4998 1776 5227 5001 1779 5224 4998 1776 5228 5002 1780 5228 5002 1780 5224 4998 1776 5229 5003 1781 5225 4999 1778 5229 5003 1781 5224 4998 1776 5230 5004 1782 5228 5002 1780 5229 5003 1781 5230 5004 1782 5229 5003 1781 5231 5005 1783 5232 5006 1784 5227 5001 1779 5228 5002 1780 5232 5006 1784 5228 5002 1780 5230 5004 1782 5233 5007 1785 5232 5006 1784 5230 5004 1782 5233 5007 1785 5230 5004 1782 5234 5008 1786 5234 5008 1786 5230 5004 1782 5231 5005 1783 5237 5009 1786 5236 5010 1783 5235 5009 1787 5238 5011 1788 5237 5009 1786 5235 5009 1787 5241 5012 1789 5240 5012 1788 5239 5012 1787 5243 5015 1789 5239 5014 1787 5242 5013 1790 5244 5016 1791 5243 5015 1789 5242 5013 1790 5244 5016 1791 5242 5013 1790 5245 5017 1792 5242 5013 1790 5246 5018 1793 5245 5017 1792 5242 5013 1790 5247 5019 1794 5246 5018 1793 5239 5014 1787 5247 5019 1794 5242 5013 1790 5247 5019 1794 5248 5020 1795 5246 5018 1793 5248 5020 1795 5249 5021 1796 5246 5018 1793 5246 5018 1793 5249 5021 1796 5245 5017 1792 5250 5022 1797 5249 5021 1796 5248 5020 1795 5249 5021 1796 5251 5023 1798 5245 5017 1792 5251 5023 1798 5249 5021 1796 5250 5022 1797 5253 5024 1799 5252 5024 1797 5248 5024 1795 5256 5027 1801 5255 5026 1802 5254 5025 1800 5254 5025 1800 5257 5028 1803 5256 5027 1801 5257 5028 1803 5254 5025 1800 5258 5029 1804 5258 5029 1804 5254 5025 1800 5259 5030 1805 5255 5026 1802 5259 5030 1805 5254 5025 1800 5260 5031 1806 5258 5029 1804 5259 5030 1805 5259 5030 1805 5261 5032 1807 5260 5031 1806 5262 5033 1808 5257 5028 1803 5258 5029 1804 5262 5033 1808 5258 5029 1804 5260 5031 1806 5263 5034 1809 5262 5033 1808 5260 5031 1806 5263 5034 1809 5260 5031 1806 5264 5035 1810 5260 5031 1806 5261 5032 1807 5264 5035 1810 5267 5036 1812 5266 5036 1778 5265 5036 1811 5270 5037 1814 5269 5037 1815 5268 5037 1813 5273 5038 1816 5272 5038 1813 5271 5038 1812 5276 5039 1814 5275 5039 1817 5274 5039 1815 5279 5040 1817 5278 5040 1818 5277 5040 1815 5282 5041 1801 5281 5041 1799 5280 5041 1802 5285 5042 1816 5284 5042 1812 5283 5042 1811 5288 5043 1777 5287 5043 1811 5286 5043 1778 5291 5044 1815 5290 5044 1812 5289 5044 1813 5294 5045 1799 5293 5045 1795 5292 5045 1802 5297 5046 1819 5296 5046 1810 5295 5046 1807 5300 5049 1146 5299 5048 1143 5298 5047 1142 5301 5050 1147 5300 5049 1146 5298 5047 1142 5301 5050 1147 5298 5047 1142 5302 5051 1141 5303 5052 1148 5301 5050 1147 5302 5051 1141 5303 5052 1148 5302 5051 1141 5304 5053 1139 5303 5052 1148 5304 5053 1139 5305 5054 1140 5303 5052 1148 5305 5054 1140 5306 5055 1145 5307 5056 1149 5303 5052 1148 5306 5055 1145 5307 5056 1149 5306 5055 1145 5308 5057 1144 5309 5058 1150 5307 5056 1149 5308 5057 1144 5304 5053 1139 5310 5059 1133 5305 5054 1140 5310 5059 1133 5311 5060 1134 5305 5054 1140 5305 5054 1140 5311 5060 1134 5306 5055 1145 5312 5061 1131 5310 5059 1133 5304 5053 1139 5302 5051 1141 5312 5061 1131 5304 5053 1139 5313 5062 1127 5312 5061 1131 5302 5051 1141 5298 5047 1142 5313 5062 1127 5302 5051 1141 5314 5063 1130 5313 5062 1127 5298 5047 1142 5299 5048 1143 5314 5063 1130 5298 5047 1142 5308 5057 1144 5306 5055 1145 5315 5064 1137 5306 5055 1145 5316 5065 1135 5315 5064 1137 5311 5060 1134 5316 5065 1135 5306 5055 1145 5314 5063 1130 5317 5066 1129 5313 5062 1127 5317 5066 1129 5318 5067 1128 5313 5062 1127 5313 5062 1127 5318 5067 1128 5312 5061 1131 5318 5067 1128 5319 5068 1132 5312 5061 1131 5312 5061 1131 5319 5068 1132 5310 5059 1133 5310 5059 1133 5319 5068 1132 5311 5060 1134 5311 5060 1134 5319 5068 1132 5316 5065 1135 5319 5068 1132 5320 5069 1136 5316 5065 1135 5316 5065 1135 5320 5069 1136 5315 5064 1137 5320 5069 1136 5321 5070 1138 5315 5064 1137 5324 5073 1152 5323 5072 1153 5322 5071 1151 5322 5071 1151 5323 5072 1153 5325 5074 1154 5326 5075 1155 5322 5071 1151 5325 5074 1154 5327 5076 1156 5326 5075 1155 5325 5074 1154 5327 5076 1156 5325 5074 1154 5328 5077 1157 5329 5078 1158 5327 5076 1156 5328 5077 1157 5330 5079 1159 5327 5076 1156 5329 5078 1158 5323 5072 1153 5331 5080 1160 5325 5074 1154 5330 5079 1159 5332 5081 1161 5327 5076 1156 5322 5071 1151 5326 5075 1155 5333 5082 1162 5333 5082 1162 5334 5083 1163 5322 5071 1151 5322 5071 1151 5334 5083 1163 5324 5073 1152 5332 5081 1161 5335 5084 1164 5327 5076 1156 5326 5075 1155 5327 5076 1156 5335 5084 1164 5335 5084 1164 5336 5085 1167 5326 5075 1155 5326 5075 1155 5336 5085 1167 5333 5082 1162 5337 5086 1165 5323 5072 1153 5324 5073 1152 5324 5073 1152 5334 5083 1163 5337 5086 1165 5334 5083 1163 5338 5087 1166 5337 5086 1165 5338 5087 1166 5334 5083 1163 5333 5082 1162 5339 5088 2257 5338 5087 1166 5333 5082 1162 5333 5082 1162 5336 5085 1167 5339 5088 2257 5342 5091 1169 5341 5090 1170 5340 5089 1168 5340 5089 1168 5341 5090 1170 5343 5092 1171 5344 5093 1172 5340 5089 1168 5343 5092 1171 5345 5094 1173 5344 5093 1172 5343 5092 1171 5341 5090 1170 5346 5095 1174 5343 5092 1171 5345 5094 1173 5343 5092 1171 5347 5096 1175 5348 5097 1176 5345 5094 1173 5347 5096 1175 5349 5098 1177 5345 5094 1173 5348 5097 1176 5340 5089 1168 5350 5099 1178 5342 5091 1169 5351 5100 1179 5350 5099 1178 5340 5089 1168 5340 5089 1168 5344 5093 1172 5351 5100 1179 5352 5101 1180 5351 5100 1179 5344 5093 1172 5345 5094 1173 5352 5101 1180 5344 5093 1172 5352 5101 1180 5345 5094 1173 5353 5102 2258 5354 5103 1181 5353 5102 2258 5345 5094 1173 5349 5098 1177 5354 5103 1181 5345 5094 1173 5357 5106 1153 5356 5105 1152 5355 5104 1151 5357 5106 1153 5355 5104 1151 5358 5107 1154 5355 5104 1151 5359 5108 1155 5358 5107 1154 5359 5108 1155 5360 5109 1156 5358 5107 1154 5358 5107 1154 5360 5109 1156 5361 5110 1157 5360 5109 1156 5362 5111 1158 5361 5110 1157 5360 5109 1156 5363 5112 1159 5362 5111 1158 5364 5113 1160 5357 5106 1153 5358 5107 1154 5365 5114 1161 5363 5112 1159 5360 5109 1156 5359 5108 1155 5355 5104 1151 5366 5115 1162 5367 5116 1163 5366 5115 1162 5355 5104 1151 5367 5116 1163 5355 5104 1151 5356 5105 1152 5368 5117 1164 5365 5114 1161 5360 5109 1156 5360 5109 1156 5359 5108 1155 5368 5117 1164 5369 5118 1167 5368 5117 1164 5359 5108 1155 5369 5118 1167 5359 5108 1155 5366 5115 1162 5357 5106 1153 5370 5119 1165 5356 5105 1152 5367 5116 1163 5356 5105 1152 5370 5119 1165 5371 5120 1166 5367 5116 1163 5370 5119 1165 5367 5116 1163 5371 5120 1166 5366 5115 1162 5371 5120 1166 5372 5121 2257 5366 5115 1162 5369 5118 1167 5366 5115 1162 5372 5121 2257 5375 5124 1170 5374 5123 1169 5373 5122 1168 5375 5124 1170 5373 5122 1168 5376 5125 1171 5373 5122 1168 5377 5126 1172 5376 5125 1171 5377 5126 1172 5378 5127 1173 5376 5125 1171 5379 5128 1174 5375 5124 1170 5376 5125 1171 5376 5125 1171 5378 5127 1173 5380 5129 1175 5378 5127 1173 5381 5130 1176 5380 5129 1175 5378 5127 1173 5382 5131 1177 5381 5130 1176 5383 5132 1178 5373 5122 1168 5374 5123 1169 5383 5132 1178 5384 5133 1179 5373 5122 1168 5377 5126 1172 5373 5122 1168 5384 5133 1179 5384 5133 1179 5385 5134 1180 5377 5126 1172 5385 5134 1180 5378 5127 1173 5377 5126 1172 5378 5127 1173 5385 5134 1180 5386 5135 2258 5386 5135 2258 5387 5136 1181 5378 5127 1173 5387 5136 1181 5382 5131 1177 5378 5127 1173 5390 5139 1129 5389 5138 1128 5388 5137 1127 5391 5140 1130 5390 5139 1129 5388 5137 1127 5388 5137 1127 5389 5138 1128 5392 5141 1131 5389 5138 1128 5393 5142 1132 5392 5141 1131 5392 5141 1131 5393 5142 1132 5394 5143 1133 5394 5143 1133 5393 5142 1132 5395 5144 1134 5395 5144 1134 5393 5142 1132 5396 5145 1135 5393 5142 1132 5397 5146 1136 5396 5145 1135 5396 5145 1135 5397 5146 1136 5398 5147 1137 5397 5146 1136 5399 5148 1138 5398 5147 1137 5400 5149 1139 5394 5143 1133 5395 5144 1134 5401 5150 1140 5400 5149 1139 5395 5144 1134 5401 5150 1140 5395 5144 1134 5396 5145 1135 5402 5151 1141 5392 5141 1131 5394 5143 1133 5400 5149 1139 5402 5151 1141 5394 5143 1133 5403 5152 1142 5388 5137 1127 5392 5141 1131 5402 5151 1141 5403 5152 1142 5392 5141 1131 5404 5153 1143 5391 5140 1130 5388 5137 1127 5403 5152 1142 5404 5153 1143 5388 5137 1127 5396 5145 1135 5398 5147 1137 5405 5154 1144 5406 5155 1145 5396 5145 1135 5405 5154 1144 5406 5155 1145 5401 5150 1140 5396 5145 1135 5407 5156 1146 5404 5153 1143 5403 5152 1142 5408 5157 1147 5407 5156 1146 5403 5152 1142 5408 5157 1147 5403 5152 1142 5402 5151 1141 5409 5158 1148 5408 5157 1147 5402 5151 1141 5409 5158 1148 5402 5151 1141 5400 5149 1139 5409 5158 1148 5400 5149 1139 5401 5150 1140 5409 5158 1148 5401 5150 1140 5406 5155 1145 5410 5159 1149 5409 5158 1148 5406 5155 1145 5410 5159 1149 5406 5155 1145 5405 5154 1144 5411 5160 1150 5410 5159 1149 5405 5154 1144 5414 5163 1153 5413 5162 1152 5412 5161 1151 5414 5163 1153 5412 5161 1151 5415 5164 1154 5412 5161 1151 5416 5165 1155 5415 5164 1154 5416 5165 1155 5417 5166 1156 5415 5164 1154 5415 5164 1154 5417 5166 1156 5418 5167 1157 5417 5166 1156 5419 5168 1158 5418 5167 1157 5417 5166 1156 5420 5169 1159 5419 5168 1158 5421 5170 1160 5414 5163 1153 5415 5164 1154 5422 5171 1161 5420 5169 1159 5417 5166 1156 5416 5165 1155 5412 5161 1151 5423 5172 1162 5424 5173 1163 5423 5172 1162 5412 5161 1151 5424 5173 1163 5412 5161 1151 5413 5162 1152 5425 5174 1164 5422 5171 1161 5417 5166 1156 5417 5166 1156 5416 5165 1155 5425 5174 1164 5426 5175 1167 5425 5174 1164 5416 5165 1155 5426 5175 1167 5416 5165 1155 5423 5172 1162 5414 5163 1153 5427 5176 1165 5413 5162 1152 5424 5173 1163 5413 5162 1152 5427 5176 1165 5428 5177 1166 5424 5173 1163 5427 5176 1165 5424 5173 1163 5428 5177 1166 5423 5172 1162 5428 5177 1166 5429 5178 2257 5423 5172 1162 5426 5175 1167 5423 5172 1162 5429 5178 2257 5432 5181 1170 5431 5180 1169 5430 5179 1168 5432 5181 1170 5430 5179 1168 5433 5182 1171 5430 5179 1168 5434 5183 1172 5433 5182 1171 5434 5183 1172 5435 5184 1173 5433 5182 1171 5436 5185 1174 5432 5181 1170 5433 5182 1171 5433 5182 1171 5435 5184 1173 5437 5186 1175 5435 5184 1173 5438 5187 1176 5437 5186 1175 5435 5184 1173 5439 5188 1177 5438 5187 1176 5440 5189 1178 5430 5179 1168 5431 5180 1169 5440 5189 1178 5441 5190 1179 5430 5179 1168 5434 5183 1172 5430 5179 1168 5441 5190 1179 5441 5190 1179 5442 5191 1180 5434 5183 1172 5442 5191 1180 5435 5184 1173 5434 5183 1172 5435 5184 1173 5442 5191 1180 5443 5192 2258 5443 5192 2258 5444 5193 1181 5435 5184 1173 5444 5193 1181 5439 5188 1177 5435 5184 1173 5447 5196 1152 5446 5195 1153 5445 5194 1151 5445 5194 1151 5446 5195 1153 5448 5197 1154 5449 5198 1155 5445 5194 1151 5448 5197 1154 5450 5199 1156 5449 5198 1155 5448 5197 1154 5450 5199 1156 5448 5197 1154 5451 5200 1157 5452 5201 1158 5450 5199 1156 5451 5200 1157 5453 5202 1159 5450 5199 1156 5452 5201 1158 5446 5195 1153 5454 5203 1160 5448 5197 1154 5453 5202 1159 5455 5204 1161 5450 5199 1156 5445 5194 1151 5449 5198 1155 5456 5205 1162 5456 5205 1162 5457 5206 1163 5445 5194 1151 5445 5194 1151 5457 5206 1163 5447 5196 1152 5455 5204 1161 5458 5207 1164 5450 5199 1156 5449 5198 1155 5450 5199 1156 5458 5207 1164 5458 5207 1164 5459 5208 1167 5449 5198 1155 5449 5198 1155 5459 5208 1167 5456 5205 1162 5460 5209 1165 5446 5195 1153 5447 5196 1152 5447 5196 1152 5457 5206 1163 5460 5209 1165 5457 5206 1163 5461 5210 1166 5460 5209 1165 5461 5210 1166 5457 5206 1163 5456 5205 1162 5462 5121 2257 5461 5210 1166 5456 5205 1162 5456 5205 1162 5459 5208 1167 5462 5121 2257 5465 5213 1169 5464 5212 1170 5463 5211 1168 5463 5211 1168 5464 5212 1170 5466 5214 1171 5467 5215 1172 5463 5211 1168 5466 5214 1171 5468 5216 1173 5467 5215 1172 5466 5214 1171 5464 5212 1170 5469 5217 1174 5466 5214 1171 5468 5216 1173 5466 5214 1171 5470 5218 1175 5471 5219 1176 5468 5216 1173 5470 5218 1175 5472 5220 1177 5468 5216 1173 5471 5219 1176 5463 5211 1168 5473 5221 1178 5465 5213 1169 5474 5222 1179 5473 5221 1178 5463 5211 1168 5463 5211 1168 5467 5215 1172 5474 5222 1179 5475 5223 1180 5474 5222 1179 5467 5215 1172 5468 5216 1173 5475 5223 1180 5467 5215 1172 5475 5223 1180 5468 5216 1173 5476 5224 2258 5477 5225 1181 5476 5224 2258 5468 5216 1173 5472 5220 1177 5477 5225 1181 5468 5216 1173 5480 5227 1103 5479 5226 1102 5478 5226 1101 5479 5226 1102 5481 5228 1100 5478 5226 1101</p>
                </triangles>
            </mesh>
        </geometry>
        <geometry id="ID169">
            <mesh>
                <source id="ID170">
                    <float_array id="ID171" count="738">0.333003 0.32403 0.210219 0.293902 0.363131 0.210219 0.293902 0.363131 -0.210115 0.333003 0.32403 -0.210115 0.351157 0.322634 -0.222683 0.351157 0.322634 0.222787 0.341382 0.332409 0.222787 0.341382 0.332409 -0.222683 0.341382 0.332409 0.222787 0.333003 0.32403 0.210219 0.333003 0.32403 -0.210115 0.341382 0.332409 -0.222683 0.254802 0.245828 -0.210115 0.173807 0.164834 -0.210115 0.173807 0.164834 -0.222683 0.257594 0.248621 -0.222683 0.333003 0.32403 -0.210115 0.341382 0.332409 -0.222683 0.091416 0.0824429 -0.222683 0.091416 0.0824429 -0.210115 0.0481259 0.0391527 -0.210115 0.0481259 0.0391527 -0.222683 0.0390489 0.0300758 -0.210115 0.0390489 0.0300758 -0.222683 0.0208949 0.0209988 -0.210115 0.0208949 0.0209988 -0.222683 -5.19156e-005 0.0175076 -0.210115 -5.19156e-005 0.0175076 -0.222683 -0.0203006 0.0209988 -0.222683 -0.0203006 0.0209988 -0.210115 -0.0391527 0.0300758 -0.222683 -0.0391527 0.0300758 -0.210115 -0.0482297 0.0391527 -0.222683 -0.0482297 0.0391527 -0.210115 -0.0915199 0.0824429 -0.222683 -0.0915199 0.0824429 -0.210115 -0.173911 0.164834 -0.222683 -0.173911 0.164834 -0.210115 -0.257698 0.248621 -0.222683 -0.254905 0.245828 -0.210115 -0.341486 0.332409 -0.222683 -0.333107 0.32403 -0.210115 0.257594 0.248621 -0.222683 0.173807 0.164834 -0.222683 0.183582 0.155059 -0.222683 0.268068 0.238846 -0.222683 0.341382 0.332409 -0.222683 0.351157 0.322634 -0.222683 0.101191 0.0726677 -0.222683 0.091416 0.0824429 -0.222683 0.0481259 0.0391527 -0.222683 0.0579011 0.0293775 -0.222683 0.0390489 0.0300758 -0.222683 0.0488241 0.0203006 -0.222683 0.0208949 0.0209988 -0.222683 0.0257825 0.0091289 -0.222683 -5.19156e-005 0.0175076 -0.222683 -5.19156e-005 0.00493953 -0.222683 -0.0251881 0.0091289 -0.222683 -0.0203006 0.0209988 -0.222683 -0.0489279 0.0203006 -0.222683 -0.0391527 0.0300758 -0.222683 -0.0580049 0.0293775 -0.222683 -0.0482297 0.0391527 -0.222683 -0.101295 0.0726677 -0.222683 -0.0915199 0.0824429 -0.222683 -0.183686 0.155059 -0.222683 -0.173911 0.164834 -0.222683 -0.257698 0.248621 -0.222683 -0.267474 0.238846 -0.222683 -0.341486 0.332409 -0.222683 -0.351261 0.322634 -0.222683 0.183582 0.155059 -0.222683 0.183582 0.155059 0.222787 0.268068 0.238846 0.222787 0.268068 0.238846 -0.222683 0.351157 0.322634 -0.222683 0.351157 0.322634 0.222787 0.101191 0.0726677 0.222787 0.101191 0.0726677 -0.222683 0.0579011 0.0293775 -0.222683 0.0579011 0.0293775 0.222787 0.0488241 0.0203006 -0.222683 0.0488241 0.0203006 0.222787 0.0257825 0.0091289 -0.222683 0.0257825 0.0091289 0.222787 -5.19156e-005 0.00493953 -0.222683 -5.19156e-005 0.00493953 0.222787 -0.0251881 0.0091289 0.222787 -0.0251881 0.0091289 -0.222683 -0.0489279 0.0203006 0.222787 -0.0489279 0.0203006 -0.222683 -0.0580049 0.0293775 0.222787 -0.0580049 0.0293775 -0.222683 -0.101295 0.0726677 0.222787 -0.101295 0.0726677 -0.222683 -0.183686 0.155059 0.222787 -0.183686 0.155059 -0.222683 -0.267474 0.238846 -0.222683 -0.267474 0.238846 0.222787 -0.351261 0.322634 0.222787 -0.351261 0.322634 -0.222683 0.183582 0.155059 0.222787 0.173807 0.164834 0.222787 0.257594 0.248621 0.222787 0.268068 0.238846 0.222787 0.351157 0.322634 0.222787 0.341382 0.332409 0.222787 0.091416 0.0824429 0.222787 0.101191 0.0726677 0.222787 0.0579011 0.0293775 0.222787 0.0481259 0.0391527 0.222787 0.0488241 0.0203006 0.222787 0.0390489 0.0300758 0.222787 0.0257825 0.0091289 0.222787 0.0208949 0.0209988 0.222787 -5.19156e-005 0.00493953 0.222787 -5.19156e-005 0.0175076 0.222787 -0.0203006 0.0209988 0.222787 -0.0251881 0.0091289 0.222787 -0.0391527 0.0300758 0.222787 -0.0489279 0.0203006 0.222787 -0.0482297 0.0391527 0.222787 -0.0580049 0.0293775 0.222787 -0.0915199 0.0824429 0.222787 -0.101295 0.0726677 0.222787 -0.173911 0.164834 0.222787 -0.183686 0.155059 0.222787 -0.267474 0.238846 0.222787 -0.257698 0.248621 0.222787 -0.341486 0.332409 0.222787 -0.351261 0.322634 0.222787 0.173807 0.164834 0.222787 0.173807 0.164834 0.210219 0.254802 0.245828 0.210219 0.257594 0.248621 0.222787 0.341382 0.332409 0.222787 0.333003 0.32403 0.210219 0.091416 0.0824429 0.210219 0.091416 0.0824429 0.222787 0.0481259 0.0391527 0.222787 0.0481259 0.0391527 0.210219 0.0390489 0.0300758 0.222787 0.0390489 0.0300758 0.210219 0.0208949 0.0209988 0.222787 0.0208949 0.0209988 0.210219 -5.19156e-005 0.0175076 0.222787 -5.19156e-005 0.0175076 0.210219 -0.0203006 0.0209988 0.210219 -0.0203006 0.0209988 0.222787 -0.0391527 0.0300758 0.210219 -0.0391527 0.0300758 0.222787 -0.0482297 0.0391527 0.210219 -0.0482297 0.0391527 0.222787 -0.0915199 0.0824429 0.210219 -0.0915199 0.0824429 0.222787 -0.173911 0.164834 0.210219 -0.173911 0.164834 0.222787 -0.257698 0.248621 0.222787 -0.254905 0.245828 0.210219 -0.333107 0.32403 0.210219 -0.341486 0.332409 0.222787 0.173807 0.164834 0.210219 0.134706 0.203935 0.210219 0.215701 0.284929 0.210219 0.254802 0.245828 0.210219 0.333003 0.32403 0.210219 0.293902 0.363131 0.210219 0.0523152 0.121544 0.210219 0.091416 0.0824429 0.210219 0.0481259 0.0391527 0.210219 -5.19156e-005 0.0691766 0.210219 0.0390489 0.0300758 0.210219 0.0208949 0.0209988 0.210219 -5.19156e-005 0.0175076 0.210219 0.134706 0.203935 0.210219 0.134706 0.203935 -0.210115 0.215701 0.284929 -0.210115 0.215701 0.284929 0.210219 0.293902 0.363131 0.210219 0.293902 0.363131 -0.210115 0.0523152 0.121544 -0.210115 0.0523152 0.121544 0.210219 -5.19156e-005 0.0691766 -0.210115 -5.19156e-005 0.0691766 0.210219 0.134706 0.203935 -0.210115 0.173807 0.164834 -0.210115 0.254802 0.245828 -0.210115 0.215701 0.284929 -0.210115 0.293902 0.363131 -0.210115 0.333003 0.32403 -0.210115 0.0523152 0.121544 -0.210115 0.091416 0.0824429 -0.210115 -5.19156e-005 0.0691766 -0.210115 0.0481259 0.0391527 -0.210115 0.0390489 0.0300758 -0.210115 0.0208949 0.0209988 -0.210115 -5.19156e-005 0.0175076 -0.210115 -0.333107 0.32403 0.210219 -0.333107 0.32403 -0.210115 -0.293308 0.363131 -0.210115 -0.293308 0.363131 0.210219 -0.351261 0.322634 -0.222683 -0.341486 0.332409 -0.222683 -0.341486 0.332409 0.222787 -0.351261 0.322634 0.222787 -0.341486 0.332409 0.222787 -0.341486 0.332409 -0.222683 -0.333107 0.32403 -0.210115 -0.333107 0.32403 0.210219 -5.19156e-005 0.0691766 -0.210115 -0.0482297 0.0391527 -0.210115 -0.0391527 0.0300758 -0.210115 -0.0915199 0.0824429 -0.210115 -0.0517209 0.121544 -0.210115 -0.0203006 0.0209988 -0.210115 -5.19156e-005 0.0175076 -0.210115 -0.173911 0.164834 -0.210115 -0.13481 0.203935 -0.210115 -0.254905 0.245828 -0.210115 -0.215805 0.284929 -0.210115 -0.293308 0.363131 -0.210115 -0.333107 0.32403 -0.210115 -0.0391527 0.0300758 0.210219 -0.0482297 0.0391527 0.210219 -5.19156e-005 0.0691766 0.210219 -0.0203006 0.0209988 0.210219 -0.0517209 0.121544 0.210219 -0.0915199 0.0824429 0.210219 -5.19156e-005 0.0175076 0.210219 -0.13481 0.203935 0.210219 -0.173911 0.164834 0.210219 -0.254905 0.245828 0.210219 -0.215805 0.284929 0.210219 -0.293308 0.363131 0.210219 -0.333107 0.32403 0.210219 -0.215805 0.284929 0.210219 -0.293308 0.363131 0.210219 -0.293308 0.363131 -0.210115 -0.215805 0.284929 -0.210115 -0.13481 0.203935 -0.210115 -0.13481 0.203935 0.210219 -0.0517209 0.121544 0.210219 -0.0517209 0.121544 -0.210115 -5.19156e-005 0.0691766 -0.210115 -5.19156e-005 0.0691766 0.210219</float_array>
                    <technique_common>
                        <accessor count="246" source="#ID171" stride="3">
                            <param name="X" type="float"/>
                            <param name="Y" type="float"/>
                            <param name="Z" type="float"/>
                        </accessor>
                    </technique_common>
                </source>
                <source id="ID172">
                    <float_array id="ID173" count="231">0.707107 0.707107 -0 0.707106 0.707108 -0 -0.707107 0.707107 -0 -0.707107 0.707107 -0 -0.707107 0.707107 -0 -0.707107 0.707107 5.2114e-008 -0.707107 0.707107 7.81711e-008 -0.707107 0.707107 1.56342e-007 -0.627675 0.778476 -0 -0.540039 0.84164 -0 -0.356463 0.93431 -0 -0.26125 0.965271 -0 0.00279317 0.999996 -0 0.00279317 0.999996 -0 0.260105 0.96558 -0 0.348835 0.937184 -0 0.531587 0.847003 -0 0.623843 0.78155 -0 0.707107 0.707106 -0 0.707107 0.707107 -0 0.707107 0.707107 -0 0.707107 0.707107 -0 0.707107 0.707107 -0 0.707107 0.707107 -0 0.707107 0.707107 3.90855e-008 0.707107 0.707107 1.50758e-007 0.707106 0.707107 2.26138e-007 0.707107 0.707107 3.35019e-007 0 0 -1 0.705638 -0.708572 -0 0.707119 -0.707094 -0 0.707119 -0.707094 -0 0.710059 -0.704142 -0 0.707107 -0.707107 -0 0.707107 -0.707107 -0 0.707107 -0.707107 -0 0.624544 -0.78099 -0 0.533137 -0.846029 -0 0.347461 -0.937695 -0 0.254523 -0.967067 -0 -0.0021929 -0.999998 -0 -0.253654 -0.967295 -0 -0.341522 -0.939874 -0 -0.526529 -0.850157 -0 -0.621555 -0.78337 -0 -0.707106 -0.707108 -0 -0.707107 -0.707107 -0 -0.707107 -0.707107 -0 -0.707107 -0.707107 -0 -0.707107 -0.707107 -0 -0.707107 -0.707107 -0 -0.707107 -0.707107 -0 0 0 1 -0.707107 0.707107 -4.18774e-008 -0.707107 0.707107 -0 -0.707107 0.707107 -8.37547e-008 -0.707107 0.707107 -1.67509e-007 0.707107 0.707107 -0 0.707107 0.707107 -1.09579e-007 0.707107 0.707107 -6.2816e-008 0.707106 0.707107 -2.19158e-007 0.707106 0.707107 -3.12684e-007 -0.707107 0.707107 -0 -0.707107 0.707107 -0 -0.707107 0.707107 -0 -0.707107 0.707107 -0 -0.707107 0.707107 -0 -0.707107 0.707107 -0 -0.700821 0.713337 -0 0.707107 0.707107 0 0.70869 0.70552 -0 0.710271 0.703929 -0 0.710271 0.703929 -0 0.705613 0.708597 -0 0.707987 0.706225 -0 0.707987 0.706225 0 0.711837 0.702345 -0</float_array>
                    <technique_common>
                        <accessor count="77" source="#ID173" stride="3">
                            <param name="X" type="float"/>
                            <param name="Y" type="float"/>
                            <param name="Z" type="float"/>
                        </accessor>
                    </technique_common>
                </source>
                <source id="ID174">
                    <float_array id="ID175" count="250">0.51311 0.808788 0.51311 0.825997 0.572558 0.825997 0.572558 0.808788 0.800966 0.746211 0.800966 0.883881 0.805659 0.883881 0.805659 0.746211 0.808788 0.880752 0.808788 0.750904 0.779064 0.738389 0.760291 0.738389 0.761855 0.743082 0.782193 0.743082 0.797837 0.738389 0.800966 0.743082 0.741517 0.743082 0.741517 0.738389 0.733695 0.738389 0.733695 0.743082 0.730566 0.738389 0.730566 0.743082 0.725873 0.738389 0.725873 0.743082 0.719615 0.738389 0.719615 0.743082 0.713358 0.743082 0.713358 0.738389 0.7071 0.743082 0.7071 0.738389 0.703971 0.743082 0.703971 0.738389 0.699278 0.743082 0.699278 0.738389 0.663296 0.743082 0.66486 0.738389 0.627313 0.743082 0.630442 0.738389 0.592896 0.743082 0.596025 0.738389 0.761855 0.746211 0.782193 0.746211 0.741517 0.746211 0.733695 0.746211 0.730566 0.746211 0.725873 0.746211 0.719615 0.746211 0.713358 0.746211 0.7071 0.746211 0.703971 0.746211 0.699278 0.746211 0.663296 0.746211 0.627313 0.746211 0.592896 0.746211 0.761855 0.883881 0.782193 0.883881 0.741517 0.883881 0.733695 0.883881 0.730566 0.883881 0.725873 0.883881 0.719615 0.883881 0.713358 0.883881 0.7071 0.883881 0.703971 0.883881 0.699278 0.883881 0.663296 0.883881 0.627313 0.883881 0.592896 0.883881 0.761855 0.888574 0.782193 0.888574 0.800966 0.888574 0.741517 0.888574 0.733695 0.888574 0.730566 0.888574 0.725873 0.888574 0.719615 0.888574 0.713358 0.888574 0.7071 0.888574 0.703971 0.888574 0.699278 0.888574 0.663296 0.888574 0.627313 0.888574 0.592896 0.888574 0.760291 0.891703 0.779064 0.891703 0.797837 0.891703 0.741517 0.891703 0.733695 0.891703 0.730566 0.891703 0.725873 0.891703 0.719615 0.891703 0.713358 0.891703 0.7071 0.891703 0.703971 0.891703 0.699278 0.891703 0.66486 0.891703 0.630442 0.891703 0.596025 0.891703 0.572558 0.761855 0.555349 0.761855 0.555349 0.746211 0.572558 0.746211 0.572558 0.730566 0.555349 0.730566 0.555349 0.777499 0.572558 0.777499 0.572558 0.783757 0.555349 0.78845 0.572558 0.78845 0.570994 0.793144 0.5663 0.799402 0.492772 0.865108 0.572558 0.865108 0.572558 0.849464 0.492772 0.849464 0.492772 0.835384 0.572558 0.835384 0.572558 0.880752 0.492772 0.880752 0.572558 0.891703 0.492772 0.891703 0.588203 0.746211 0.588203 0.883881 0.585074 0.750904 0.585074 0.880752</float_array>
                    <technique_common>
                        <accessor count="125" source="#ID175" stride="2">
                            <param name="S" type="float"/>
                            <param name="T" type="float"/>
                        </accessor>
                    </technique_common>
                </source>
                <vertices id="ID176">
                    <input semantic="POSITION" source="#ID170"/>
                </vertices>
                <triangles count="212" material="Material1">
                    <input offset="0" semantic="VERTEX" source="#ID176"/>
                    <input offset="1" semantic="NORMAL" source="#ID172"/>
                    <input offset="2" semantic="TEXCOORD" source="#ID174" set="0"/>
                    <p>2 0 2 1 0 1 0 0 0 3 0 3 2 0 2 0 0 0 6 1 6 5 1 5 4 1 4 7 1 7 6 1 6 4 1 4 10 2 9 9 2 8 8 2 6 11 3 7 10 2 9 8 2 6 14 3 12 13 3 11 12 4 10 15 5 13 14 3 12 12 4 10 15 5 13 12 4 10 16 6 14 17 7 15 15 5 13 16 6 14 14 3 12 18 2 16 13 3 11 18 2 16 19 2 17 13 3 11 19 2 17 18 2 16 20 2 18 18 2 16 21 2 19 20 2 18 20 2 18 21 2 19 22 8 20 21 2 19 23 9 21 22 8 20 24 10 22 22 8 20 23 9 21 25 11 23 24 10 22 23 9 21 26 12 24 24 10 22 25 11 23 27 13 25 26 12 24 25 11 23 26 12 24 27 13 25 28 14 26 29 15 27 26 12 24 28 14 26 29 15 27 28 14 26 30 16 28 31 17 29 29 15 27 30 16 28 30 16 28 32 18 30 31 17 29 32 18 30 33 19 31 31 17 29 32 18 30 34 20 32 33 19 31 34 20 32 35 21 33 33 19 31 34 20 32 36 22 34 35 21 33 36 22 34 37 23 35 35 21 33 37 23 35 36 22 34 38 24 36 39 25 37 37 23 35 38 24 36 38 24 36 40 26 38 39 25 37 40 26 38 41 27 39 39 25 37 44 28 40 43 28 12 42 28 13 45 28 41 44 28 40 42 28 13 45 28 41 42 28 13 46 28 15 47 28 4 45 28 41 46 28 15 44 28 40 48 28 42 43 28 12 48 28 42 49 28 16 43 28 12 49 28 16 48 28 42 50 28 19 48 28 42 51 28 43 50 28 19 50 28 19 51 28 43 52 28 21 51 28 43 53 28 44 52 28 21 54 28 23 52 28 21 53 28 44 55 28 45 54 28 23 53 28 44 56 28 25 54 28 23 55 28 45 57 28 46 56 28 25 55 28 45 56 28 25 57 28 46 58 28 47 59 28 26 56 28 25 58 28 47 59 28 26 58 28 47 60 28 48 61 28 28 59 28 26 60 28 48 60 28 48 62 28 49 61 28 28 62 28 49 63 28 30 61 28 28 62 28 49 64 28 50 63 28 30 64 28 50 65 28 32 63 28 30 65 28 32 64 28 50 66 28 51 67 28 34 65 28 32 66 28 51 68 28 36 67 28 34 66 28 51 69 28 52 68 28 36 66 28 51 68 28 36 69 28 52 70 28 38 69 28 52 71 28 53 70 28 38 74 30 55 73 29 54 72 29 40 75 31 41 74 30 55 72 29 40 74 30 55 75 31 41 76 32 4 77 32 5 74 30 55 76 32 4 73 29 54 78 33 56 72 29 40 78 33 56 79 33 42 72 29 40 79 33 42 78 33 56 80 34 43 78 33 56 81 35 57 80 34 43 80 34 43 81 35 57 82 36 44 81 35 57 83 37 58 82 36 44 84 38 45 82 36 44 83 37 58 85 39 59 84 38 45 83 37 58 86 40 46 84 38 45 85 39 59 87 40 60 86 40 46 85 39 59 86 40 46 87 40 60 88 41 61 89 42 47 86 40 46 88 41 61 89 42 47 88 41 61 90 43 62 91 44 48 89 42 47 90 43 62 90 43 62 92 45 63 91 44 48 92 45 63 93 46 49 91 44 48 92 45 63 94 47 64 93 46 49 94 47 64 95 48 50 93 46 49 94 47 64 96 49 65 95 48 50 96 49 65 97 49 51 95 48 50 98 50 52 97 49 51 96 49 65 99 50 66 98 50 52 96 49 65 99 50 66 100 51 67 98 50 52 100 51 67 101 51 53 98 50 52 104 52 69 103 52 68 102 52 54 105 52 55 104 52 69 102 52 54 104 52 69 105 52 55 106 52 5 107 52 70 104 52 69 106 52 5 103 52 68 108 52 71 102 52 54 108 52 71 109 52 56 102 52 54 109 52 56 108 52 71 110 52 57 108 52 71 111 52 72 110 52 57 110 52 57 111 52 72 112 52 58 111 52 72 113 52 73 112 52 58 114 52 59 112 52 58 113 52 73 115 52 74 114 52 59 113 52 73 116 52 60 114 52 59 115 52 74 117 52 75 116 52 60 115 52 74 116 52 60 117 52 75 118 52 76 119 52 61 116 52 60 118 52 76 119 52 61 118 52 76 120 52 77 121 52 62 119 52 61 120 52 77 120 52 77 122 52 78 121 52 62 122 52 78 123 52 63 121 52 62 122 52 78 124 52 79 123 52 63 124 52 79 125 52 64 123 52 63 124 52 79 126 52 80 125 52 64 126 52 80 127 52 65 125 52 64 128 52 66 127 52 65 126 52 80 129 52 81 128 52 66 126 52 80 129 52 81 130 52 82 128 52 66 130 52 82 131 52 67 128 52 66 134 53 84 133 2 83 132 2 68 135 54 69 134 53 84 132 2 68 134 53 84 135 54 69 136 55 70 137 56 85 134 53 84 136 55 70 133 2 83 138 2 86 132 2 68 138 2 86 139 2 71 132 2 68 139 2 71 138 2 86 140 2 72 138 2 86 141 2 87 140 2 72 140 2 72 141 2 87 142 8 73 141 2 87 143 9 88 142 8 73 144 10 74 142 8 73 143 9 88 145 11 89 144 10 74 143 9 88 146 12 75 144 10 74 145 11 89 147 13 90 146 12 75 145 11 89 146 12 75 147 13 90 148 14 91 149 15 76 146 12 75 148 14 91 149 15 76 148 14 91 150 16 92 151 17 77 149 15 76 150 16 92 150 16 92 152 18 93 151 17 77 152 18 93 153 19 78 151 17 77 152 18 93 154 20 94 153 19 78 154 20 94 155 21 79 153 19 78 154 20 94 156 22 95 155 21 79 156 22 95 157 57 80 155 21 79 158 58 81 157 57 80 156 22 95 159 59 96 158 58 81 156 22 95 159 59 96 160 60 97 158 58 81 160 60 97 161 61 82 158 58 81 164 52 100 163 52 99 162 52 98 165 52 101 164 52 100 162 52 98 164 52 100 165 52 101 166 52 102 167 52 103 164 52 100 166 52 102 163 52 99 168 52 104 162 52 98 168 52 104 169 52 105 162 52 98 169 52 105 168 52 104 170 52 106 168 52 104 171 52 107 170 52 106 170 52 106 171 52 107 172 52 108 173 52 109 172 52 108 171 52 107 174 52 110 173 52 109 171 52 107 177 4 113 176 62 112 175 62 111 178 2 114 177 4 113 175 62 111 177 4 113 178 2 114 179 63 115 180 63 116 177 4 113 179 63 115 176 62 112 181 64 117 175 62 111 181 64 117 182 65 118 175 62 111 181 64 117 183 66 119 182 65 118 183 66 119 184 67 120 182 65 118 187 28 101 186 28 98 185 28 99 188 28 100 187 28 101 185 28 99 188 28 100 189 28 103 187 28 101 189 28 103 190 28 102 187 28 101 185 28 99 186 28 98 191 28 104 186 28 98 192 28 105 191 28 104 193 28 107 191 28 104 192 28 105 194 28 106 193 28 107 192 28 105 194 28 106 195 28 108 193 28 107 196 28 109 193 28 107 195 28 108 197 28 110 193 28 107 196 28 109 200 68 2 199 68 3 198 68 0 201 68 1 200 68 2 198 68 0 204 2 122 203 2 121 202 2 53 205 2 67 204 2 122 202 2 53 208 0 123 207 69 121 206 0 122 209 0 124 208 0 123 206 0 122 212 28 108 211 28 106 210 28 107 210 28 107 211 28 106 213 28 105 214 28 104 210 28 107 213 28 105 210 28 107 215 28 109 212 28 108 210 28 107 216 28 110 215 28 109 214 28 104 213 28 105 217 28 98 218 28 99 214 28 104 217 28 98 218 28 99 217 28 98 219 28 101 220 28 100 218 28 99 219 28 101 220 28 100 219 28 101 221 28 103 219 28 101 222 28 102 221 28 103 225 52 107 224 52 106 223 52 108 223 52 108 226 52 109 225 52 107 225 52 107 227 52 104 224 52 106 227 52 104 228 52 105 224 52 106 226 52 109 229 52 110 225 52 107 227 52 104 230 52 99 228 52 105 230 52 99 231 52 98 228 52 105 232 52 101 231 52 98 230 52 99 233 52 100 232 52 101 230 52 99 233 52 100 234 52 103 232 52 101 234 52 103 235 52 102 232 52 101 238 72 116 237 71 115 236 70 114 239 70 113 238 72 116 236 70 114 239 70 113 236 70 114 240 73 112 236 70 114 241 73 111 240 73 112 240 73 112 241 73 111 242 74 118 243 75 117 240 73 112 242 74 118 244 76 119 243 75 117 242 74 118 245 76 120 244 76 119 242 74 118</p>
                </triangles>
            </mesh>
        </geometry>
    </library_geometries>
    <library_controllers>
        <controller id="ID153">
            <skin source="#ID154">
                <bind_shape_matrix>1 0 0 0 0 1 0 0 0 0 1 0 0 0 0 1</bind_shape_matrix>
                <source id="ID162">
                    <Name_array id="ID163" count="60">joint1 joint2 joint3 joint4 joint6 joint7 joint9 joint10 joint12 joint13 joint14 joint15 joint17 joint18 joint20 joint21 joint22 joint23 joint25 joint26 joint27 joint28 joint30 joint32 joint33 joint34 joint36 joint37 joint38 joint39 joint40 joint42 joint43 joint45 joint46 joint48 joint49 joint51 joint53 joint54 joint55 joint57 joint58 joint60 joint62 joint63 joint65 joint66 joint68 joint70 joint72 joint73 joint74 joint76 joint77 joint78 joint79 joint81 joint82 joint84</Name_array>
                    <technique_common>
                        <accessor count="60" source="#ID163">
                            <param name="JOINT" type="Name"/>
                        </accessor>
                    </technique_common>
                </source>
                <source id="ID164">
                    <float_array id="ID165" count="32">0 1 0.161288 0.354833 0.0645151 0.548394 0.258061 0.322576 0.419348 0.225803 0.12903 0.193545 0.0967727 0.516136 0.612909 0.677424 0.709682 0.774197 0.483864 0.290318 0.387091 0.935485 0.0322576 0.451606 0.580652 0.741939 0.838712 0.645167 0.806455 0.87097 0.967742 0.903227</float_array>
                    <technique_common>
                        <accessor count="32" source="#ID165">
                            <param name="WEIGHT" type="float"/>
                        </accessor>
                    </technique_common>
                </source>
                <source id="ID166">
                    <float_array id="ID167" count="960">1 8.81565e-008 2.20694e-014 7.9056e-016 -8.81565e-008 1 2.50343e-007 -0.84 -2.07316e-022 -2.50343e-007 1 -1.02869e-016 0 0 0 1 1 8.81565e-008 2.20694e-014 1.0729e-015 -8.81565e-008 1 2.50343e-007 -1.14 7.71417e-022 -2.50343e-007 1 1.25169e-014 0 0 0 1 1 8.81565e-008 2.15048e-014 -3.17395e-015 -8.81565e-008 1 2.50343e-007 -1.00108 5.64616e-016 -2.50343e-007 1 0.144144 0 0 0 1 1 8.81565e-008 2.15048e-014 1.26188e-014 -8.81565e-008 1 2.50343e-007 -0.674923 5.64617e-016 -2.50343e-007 1 0.375712 0 0 0 1 1 8.81565e-008 2.15048e-014 -5.39193e-015 -8.81565e-008 1 2.50343e-007 -1.00437 5.64618e-016 -2.50343e-007 1 -0.169295 0 0 0 1 1 8.81565e-008 2.15048e-014 -6.63922e-015 -8.81565e-008 1 2.50343e-007 -0.640995 5.64618e-016 -2.50343e-007 1 -0.336507 0 0 0 1 1 8.81565e-008 2.29576e-014 -0.18 -8.81565e-008 1 2.50343e-007 -1.02 -8.8818e-016 -2.50343e-007 1 -8.37666e-015 0 0 0 1 1 8.81565e-008 2.29576e-014 -0.360802 -8.81565e-008 1 2.50343e-007 -0.663194 -8.88178e-016 -2.50343e-007 1 6.28533e-011 0 0 0 1 1 1.24657e-007 1.05554e-015 -0.192 -1.24657e-007 1 -7.70386e-007 -0.9 -9.70893e-014 7.70386e-007 1 -9.18657e-007 0 0 0 1 1 7.52351e-008 1.56313e-014 -0.192 -7.52351e-008 1 1.28656e-006 -0.504 8.11634e-014 -1.28656e-006 1 -0.0239998 0 0 0 1 1 2.58136e-008 1.00468e-014 -0.192 -2.58136e-008 1 2.5677e-007 -0.0720001 -3.41865e-015 -2.5677e-007 1 0.0240001 0 0 0 1 1 2.58136e-008 8.5921e-015 -0.192 -2.58136e-008 1 2.5677e-007 -5.71437e-008 -1.96396e-015 -2.5677e-007 1 -0.0419999 0 0 0 1 1 1.03058e-007 1.50996e-007 0.18 1.03058e-007 -1 -9.93476e-008 1.02 1.50996e-007 9.93476e-008 -1 1.81195e-007 0 0 0 1 1 1.03058e-007 8.74228e-008 0.360802 1.03058e-007 -1 -9.93477e-008 0.663194 8.74228e-008 9.93476e-008 -1 1.85495e-007 0 0 0 1 1 1.24657e-007 3.20952e-014 0.192 -1.24657e-007 1 2.50343e-007 -0.9 -8.88179e-016 -2.50343e-007 1 7.87797e-015 0 0 0 1 1 7.30376e-008 1.78724e-014 0.192 -7.30376e-008 1 2.50343e-007 -0.504 4.12074e-016 -2.50343e-007 1 -0.0240005 0 0 0 1 1 2.3616e-008 4.02001e-015 0.192 -2.3616e-008 1 2.50343e-007 -0.0719999 1.8921e-015 -2.50343e-007 1 0.024 0 0 0 1 1 2.3616e-008 2.56531e-015 0.192 -2.3616e-008 1 2.50343e-007 1.08355e-007 3.3468e-015 -2.50343e-007 1 -0.042 0 0 0 1 1 8.81565e-008 2.20694e-014 6.07157e-015 -8.81565e-008 1 2.50343e-007 -1.296 -3.37841e-021 -2.50343e-007 1 -4.5508e-014 0 0 0 1 1 8.81565e-008 2.20694e-014 6.03209e-015 -8.81565e-008 1 2.50344e-007 -1.476 1.38661e-020 -2.50344e-007 1 1.42694e-013 0 0 0 1 1 8.81565e-008 1.8248e-014 -2.00272e-007 -8.81565e-008 1 2.50344e-007 -1.56065 3.82138e-015 -2.50344e-007 1 -0.186085 0 0 0 1 1 1.43912e-007 3.70802e-014 -0.0398097 -1.43912e-007 1 3.37766e-007 -1.51119 1.15283e-014 -3.37766e-007 1 -0.186085 0 0 0 1 1 1.75579e-007 1.50996e-007 0.0398091 1.75579e-007 -1 -4.01339e-007 1.51119 1.50996e-007 4.01339e-007 -1 0.186085 0 0 0 1 1 8.81565e-008 2.29576e-014 -0.036 -8.81565e-008 1 2.50343e-007 -1.56 -8.88176e-016 -2.50343e-007 1 -6.01939e-014 0 0 0 1 1 -1.16416e-006 1.62423e-006 -0.179998 1.16416e-006 1 2.50343e-007 -1.57487 -1.62423e-006 -2.50342e-007 1 2.92358e-007 0 0 0 1 1 -1.16416e-006 1.62423e-006 -0.179998 1.16416e-006 1 2.50341e-007 -1.57487 -1.62423e-006 -2.50339e-007 1 2.92354e-007 0 0 0 1 1 1.97155e-007 -2.75672e-007 -0.4884 -1.97155e-007 1 2.50341e-007 -1.57487 2.75672e-007 -2.50341e-007 1 0.0239999 0 0 0 1 1 7.98235e-008 -2.75672e-007 -0.75 -7.98234e-008 1 2.5404e-007 -1.57487 2.75672e-007 -2.5404e-007 1 -1.99456e-007 0 0 0 1 1 7.98235e-008 -2.75672e-007 -4.73759e-008 -7.98234e-008 1 2.50344e-007 -0.0541818 2.75672e-007 -2.50344e-007 1 -3.8739e-010 0 0 0 1 0.707107 0.707107 -1.79112e-008 -0.0491339 -0.707107 0.707107 3.71947e-007 -0.0491338 2.75672e-007 -2.50341e-007 1 -3.87592e-010 0 0 0 1 0.707107 0.707107 -1.79112e-008 -0.239417 -0.707107 0.707107 3.71947e-007 -0.0491338 2.75672e-007 -2.50341e-007 1 -3.87591e-010 0 0 0 1 0.707107 -0.707107 -2.20959e-007 0.0491338 -0.707107 -0.707107 1.68905e-007 0.0491339 -2.75675e-007 3.68074e-008 -1 1.52251e-008 0 0 0 1 0.707107 -0.707107 -4.23633e-007 0.239417 -0.707107 -0.707107 1.68905e-007 0.0491335 -4.18987e-007 1.8012e-007 -1 -4.56785e-009 0 0 0 1 1 2.11427e-007 -2.75672e-007 -0.856978 -2.11427e-007 1 2.5404e-007 -1.57487 2.75672e-007 -2.5404e-007 1 -0.0451587 0 0 0 1 1 1.44787e-007 -2.75672e-007 -0.912516 -1.44787e-007 1 2.70612e-007 -1.57487 2.75672e-007 -2.70612e-007 1 -0.0537664 0 0 0 1 1 2.30318e-007 -2.75672e-007 -0.864 -2.30318e-007 1 2.5404e-007 -1.57487 2.75672e-007 -2.5404e-007 1 0.0211973 0 0 0 1 1 1.55812e-007 -2.75672e-007 -0.912516 -1.55812e-007 1 2.5404e-007 -1.57487 2.75672e-007 -2.5404e-007 1 0.0294807 0 0 0 1 1 6.49223e-008 -2.75672e-007 -0.798 -6.49223e-008 1 2.5404e-007 -1.57487 2.75672e-007 -2.5404e-007 1 -0.0720002 0 0 0 1 1 8.81565e-008 2.20694e-014 1.64162e-014 -8.81565e-008 1 2.50343e-007 -1.644 2.12129e-021 -2.50343e-007 1 -6.92385e-014 0 0 0 1 1 8.81565e-008 2.20694e-014 1.64148e-014 -8.81565e-008 1 2.50343e-007 -1.704 5.84047e-021 -2.50343e-007 1 2.64608e-015 0 0 0 1 1 8.81565e-008 2.29576e-014 1.60094e-014 -8.81565e-008 1 2.50343e-007 -1.95166 -8.88173e-016 -2.50343e-007 1 0.371006 0 0 0 1 -4.23273e-007 -0.978824 -0.204702 1.98921 -3.70463e-007 -0.204702 0.978824 0.747012 -1 4.90145e-007 -2.75973e-007 -1.30385e-006 0 0 0 1 -4.32355e-007 -0.97196 -0.235145 1.60228 -3.82126e-007 -0.235145 0.97196 0.797397 -1 5.10087e-007 -2.69745e-007 -1.3203e-006 0 0 0 1 1 8.81565e-008 2.29576e-014 1.78508e-014 -8.81565e-008 1 2.50343e-007 -2.24411 -8.88173e-016 -2.50343e-007 1 -0.34772 0 0 0 1 -0.121225 -0.975754 0.182235 2.00051 0.992371 -0.12329 -3.77338e-008 -0.12209 0.0224677 0.180845 0.983255 -0.370772 0 0 0 1 -0.115133 -0.832653 0.541695 1.43228 0.990773 -0.13551 0.0022841 -0.100788 0.0715034 0.53696 0.840572 -0.988165 0 0 0 1 -0.121225 0.975754 -0.182235 -2.00051 0.992371 0.12329 4.29745e-007 0.122089 0.0224681 -0.180844 -0.983255 0.370771 0 0 0 1 -0.115133 0.832654 -0.541694 -1.43228 0.990773 0.135511 -0.00228374 0.100786 0.0715038 -0.536959 -0.840572 0.988165 0 0 0 1 -1.3231e-007 -0.68233 -0.731044 1.34881 -4.23974e-007 -0.731044 0.68233 1.78848 -1 4.00223e-007 -1.92565e-007 0.527034 0 0 0 1 -8.99009e-008 0.68233 0.731044 -1.34881 -1.71971e-007 0.731044 -0.68233 -1.78848 -1 -1.8706e-007 5.16191e-008 -0.527034 0 0 0 1 1 8.81565e-008 2.29576e-014 0.036 -8.81565e-008 1 2.50343e-007 -1.56 -8.88176e-016 -2.50343e-007 1 -6.02579e-014 0 0 0 1 1 8.81565e-008 2.21207e-014 0.18 -8.81565e-008 1 2.50343e-007 -1.57487 -5.1346e-017 -2.50343e-007 1 3.61418e-014 0 0 0 1 1 8.81565e-008 2.21207e-014 0.18 -8.81565e-008 1 2.50343e-007 -1.57487 -5.1346e-017 -2.50343e-007 1 3.4743e-014 0 0 0 1 1 8.81565e-008 2.12406e-014 0.4884 -8.81565e-008 1 2.50343e-007 -1.57487 8.2884e-016 -2.50343e-007 1 0.024 0 0 0 1 1 3.68124e-007 9.66576e-014 0.75 -3.68124e-007 1 2.50343e-007 -1.57487 -4.50023e-015 -2.50343e-007 1 1.86268e-009 0 0 0 1 1 1.03235e-007 3.03444e-014 0.85698 -1.03235e-007 1 2.50343e-007 -1.57487 -4.50023e-015 -2.50343e-007 1 -0.045156 0 0 0 1 1 1.69875e-007 4.69393e-014 0.912516 -1.69875e-007 1 2.66915e-007 -1.57487 -1.59709e-015 -2.66915e-007 1 -0.0537662 0 0 0 1 1 6.56633e-008 2.09386e-014 0.864 -6.56633e-008 1 2.50343e-007 -1.57487 -4.50023e-015 -2.50343e-007 1 0.0211978 0 0 0 1 1 1.40169e-007 3.89273e-014 0.912516 -1.40169e-007 1 2.69266e-007 -1.57487 -1.18452e-015 -2.69266e-007 1 0.029481 0 0 0 1 1 1.57917e-007 4.40337e-014 0.798 -1.57917e-007 1 2.50343e-007 -1.57487 -4.50023e-015 -2.50343e-007 1 -0.072 0 0 0 1</float_array>
                    <technique_common>
                        <accessor count="60" source="#ID167" stride="16">
                            <param name="TRANSFORM" type="float4x4"/>
                        </accessor>
                    </technique_common>
                </source>
                <joints>
                    <input semantic="JOINT" source="#ID162"/>
                    <input semantic="INV_BIND_MATRIX" source="#ID166"/>
                </joints>
                <vertex_weights count="5482">
                    <input offset="0" semantic="JOINT" source="#ID162"/>
                    <input offset="1" semantic="WEIGHT" source="#ID164"/>
                    <vcount>1 1 1 1 1 1 1 1 1 1 1 1 1 1 1 1 1 1 1 1 1 1 1 1 1 1 1 1 1 1 1 1 1 1 1 1 1 1 1 1 1 1 1 1 1 1 1 1 1 1 1 1 1 1 1 1 1 1 1 1 1 1 1 1 1 1 1 1 1 1 1 1 1 1 1 1 1 1 1 1 1 1 1 1 1 1 1 1 1 1 1 1 1 1 1 1 1 1 1 1 1 1 1 1 1 1 1 1 1 1 2 2 2 2 2 1 1 2 2 1 2 2 2 2 2 2 1 1 1 1 1 1 1 1 1 2 1 1 1 1 1 2 2 2 2 1 1 1 2 1 1 1 2 2 2 1 2 2 1 2 2 2 2 2 1 2 2 2 2 2 1 2 2 2 2 2 2 2 2 2 2 2 2 2 2 2 2 1 2 2 1 2 1 2 2 1 1 2 1 1 2 2 2 1 1 2 1 2 1 2 2 2 1 2 2 2 1 2 2 1 2 2 2 2 2 2 2 2 2 2 2 2 2 2 2 2 2 2 2 2 2 2 2 1 1 2 2 1 2 2 2 1 1 2 1 1 2 2 2 1 2 2 2 2 2 2 2 2 2 2 2 2 2 2 2 2 2 2 1 1 1 1 1 1 1 1 1 1 1 1 1 1 1 1 1 1 1 1 1 1 1 1 1 1 1 1 1 1 1 1 1 1 1 1 1 1 1 1 1 1 1 1 1 1 1 1 1 1 1 1 1 3 3 2 2 2 2 1 1 3 2 2 1 1 2 3 2 2 2 1 1 2 3 2 1 3 2 2 1 2 1 1 3 1 1 1 1 2 1 1 1 1 1 1 1 1 1 1 1 1 1 1 1 1 1 1 1 1 1 1 1 1 1 1 1 1 1 1 1 1 1 1 1 1 1 1 1 1 1 1 1 1 1 1 1 1 1 1 1 1 1 1 1 1 1 1 1 1 3 2 2 3 2 2 1 1 2 2 2 1 1 3 2 3 3 2 3 2 2 2 2 1 1 1 3 1 1 1 1 1 1 1 1 2 1 2 1 1 1 1 2 1 1 1 1 1 1 1 1 1 1 1 1 1 1 1 1 2 2 2 1 3 3 2 1 2 1 3 1 2 2 2 2 3 3 2 2 2 2 3 2 2 2 3 3 3 2 2 3 2 3 2 3 3 2 3 2 2 3 2 2 3 2 2 2 1 2 1 1 2 1 1 2 1 1 1 1 1 1 1 1 1 1 1 1 1 1 1 1 1 1 1 1 1 2 3 1 1 1 2 2 2 1 3 3 2 1 2 2 2 2 3 3 2 2 2 2 3 2 2 2 3 3 2 2 2 2 3 3 3 3 3 2 3 2 2 3 2 2 3 2 2 1 2 1 2 1 2 1 2 1 1 1 1 1 1 1 1 1 1 1 1 1 1 1 1 1 1 1 2 2 2 2 2 2 2 2 2 2 3 3 3 3 3 3 1 1 1 1 1 1 1 1 2 2 2 1 3 3 2 3 3 3 2 3 3 2 3 3 3 3 2 3 2 2 2 2 1 1 3 2 2 2 1 1 1 1 1 1 3 3 3 2 2 1 1 1 1 1 1 1 1 1 1 1 2 2 1 1 1 1 1 1 2 2 2 3 3 3 3 3 3 1 3 3 3 3 3 3 1 1 1 1 3 3 1 3 3 1 1 1 1 1 1 1 1 1 1 1 1 1 1 1 1 1 1 1 1 1 1 1 1 1 1 1 1 1 1 1 1 1 1 1 1 1 1 1 1 1 1 1 1 1 1 1 1 1 3 1 1 1 1 1 1 1 2 2 1 3 3 2 3 3 3 2 3 2 3 3 2 1 1 1 1 1 2 2 2 2 2 3 3 3 3 2 1 1 1 1 1 1 1 1 1 1 3 3 2 2 2 3 3 3 3 2 3 2 2 2 2 1 1 1 1 1 1 1 1 1 1 1 1 1 1 1 1 1 1 3 3 3 3 1 3 3 3 3 3 3 1 1 1 1 3 3 1 1 3 3 1 1 1 1 1 1 1 1 1 1 1 1 1 1 1 1 1 1 1 1 1 1 1 1 1 1 1 1 1 1 1 1 1 1 1 1 1 1 1 1 1 1 1 1 1 3 1 1 1 1 1 1 1 1 1 1 1 1 1 1 1 1 1 1 1 1 1 1 1 1 1 1 1 1 1 1 1 1 1 1 1 1 1 1 1 1 1 1 1 1 1 1 1 1 1 1 1 1 1 1 1 1 1 1 1 1 1 1 1 1 1 1 1 1 1 1 1 1 1 1 1 1 1 1 1 1 2 1 1 3 3 1 1 1 1 1 1 1 1 3 1 1 1 1 1 1 1 1 1 1 1 1 1 1 1 1 1 1 1 1 1 1 1 1 1 1 1 1 1 1 1 1 1 1 1 1 1 1 1 1 1 1 1 1 1 1 1 1 1 1 1 1 1 1 1 1 1 1 1 1 1 1 1 1 1 1 1 1 1 1 1 1 1 1 1 1 1 1 1 1 1 1 1 1 1 1 1 1 1 1 1 1 1 1 1 1 1 1 1 1 1 1 1 1 1 1 1 1 1 1 1 1 1 1 1 1 1 1 1 1 1 1 1 1 1 1 1 1 1 1 1 1 1 1 1 1 1 1 1 1 1 1 1 1 1 1 1 1 1 1 1 1 1 1 1 1 1 1 1 1 1 1 1 1 1 1 1 1 1 1 1 1 1 1 1 1 1 1 1 1 1 1 1 1 1 1 1 1 1 1 1 1 1 1 1 1 1 1 1 1 1 1 1 1 1 1 1 1 1 1 1 1 1 1 1 1 1 1 1 1 1 1 1 1 1 1 1 1 1 1 1 1 1 1 1 1 1 1 1 1 1 1 1 1 1 1 1 1 1 1 1 1 1 1 1 1 1 1 1 1 1 1 1 1 1 1 1 1 1 1 1 1 1 1 1 1 1 1 1 1 1 1 1 1 1 1 1 1 1 1 1 1 1 1 1 1 1 1 1 1 1 1 1 1 1 1 1 1 1 1 1 1 1 1 1 1 1 1 1 1 1 1 1 1 1 1 1 1 1 1 1 1 1 1 1 1 1 1 1 1 1 1 1 1 1 1 1 1 1 1 1 1 1 1 1 1 1 1 1 1 1 1 1 1 1 1 1 1 1 2 1 2 2 2 2 2 2 2 2 2 2 2 1 1 2 2 2 2 2 2 2 2 2 2 2 2 1 2 1 2 2 2 2 2 2 2 2 2 2 2 1 1 2 2 2 2 2 2 2 2 2 2 2 2 1 1 1 1 1 1 1 1 1 1 1 1 1 1 1 1 1 1 1 1 1 1 1 1 1 1 1 1 2 2 2 2 2 2 2 2 2 2 2 2 1 2 1 2 2 2 2 2 2 2 2 2 2 2 1 1 2 2 2 2 2 2 2 2 2 2 2 2 1 2 1 2 2 2 2 2 2 2 2 2 2 2 1 1 1 1 1 1 1 1 1 1 1 1 1 1 1 1 1 1 1 1 1 1 1 1 1 1 1 1 1 1 1 1 1 1 1 1 1 1 1 1 1 1 1 1 1 1 1 1 1 1 1 1 1 1 1 1 1 1 1 1 1 1 1 1 1 1 1 1 1 1 1 1 1 1 1 1 1 1 1 1 1 1 1 1 1 1 1 1 1 1 1 1 2 2 2 3 2 2 2 2 2 1 1 2 2 2 2 2 2 2 2 1 1 2 1 2 3 3 2 3 3 3 2 3 3 3 2 3 3 3 2 3 3 3 3 3 3 3 3 3 3 3 3 3 3 3 3 3 3 3 3 3 1 2 1 2 1 1 1 1 2 1 2 2 2 2 2 2 2 2 2 1 1 1 2 2 1 2 2 2 2 2 3 3 3 2 3 3 3 2 2 3 3 3 2 3 3 3 3 3 3 3 3 3 3 3 3 3 3 3 3 3 3 3 3 3 3 3 2 2 2 1 1 1 2 1 2 2 1 2 2 2 1 1 2 1 2 1 2 1 3 3 3 3 3 3 3 3 3 3 3 3 3 3 3 3 3 3 3 3 3 3 3 3 3 3 3 3 3 3 3 3 3 3 3 3 3 3 3 3 1 1 1 1 1 1 2 2 2 3 2 2 2 2 2 1 1 2 2 2 2 2 2 2 2 1 1 2 1 2 3 3 2 3 3 2 3 3 3 3 2 3 3 3 2 3 3 3 3 3 3 3 3 3 3 3 3 3 3 3 3 3 3 3 3 3 1 1 2 2 1 1 1 1 2 1 2 2 2 2 2 2 2 2 2 2 1 1 1 2 2 1 2 2 2 2 2 2 2 1 1 2 1 1 2 2 1 2 2 2 1 1 2 1 2 1 2 1 2 2 3 3 2 3 3 3 3 3 3 2 3 3 3 3 3 3 3 3 3 3 3 3 3 3 3 3 3 3 3 3 3 3 3 3 3 3 3 3 3 3 3 3 3 3 3 3 3 3 3 3 3 3 3 3 3 3 3 3 3 3 3 3 3 3 3 3 3 3 3 3 3 3 3 3 1 1 3 3 3 1 3 1 3 1 3 3 3 3 3 1 1 1 1 1 3 1 1 1 3 3 1 3 1 3 1 3 1 3 3 3 3 3 1 1 1 1 1 3 1 1 3 2 2 3 3 3 3 3 3 2 2 3 2 2 1 1 1 1 3 2 3 2 2 3 3 3 3 3 3 2 2 3 3 3 3 3 2 2 3 2 2 1 1 1 1 2 3 3 3 3 3 2 3 2 3 2 2 3 3 2 3 3 2 3 2 3 3 2 3 3 2 3 2 3 2 3 2 3 2 2 2 1 1 1 1 1 3 3 2 2 3 2 2 3 3 2 3 3 2 3 2 3 3 3 2 2 2 2 2 1 1 1 1 1 3 2 3 2 1 1 1 1 1 1 1 1 1 1 1 1 1 1 1 1 1 1 1 1 1 1 1 1 1 1 1 1 1 1 1 1 1 1 1 1 1 1 1 1 1 1 1 1 1 1 1 1 1 1 1 1 1 1 1 1 1 1 1 1 1 1 1 1 1 1 1 1 1 1 1 1 1 1 1 1 1 1 1 1 1 1 1 1 1 1 1 1 1 1 1 1 1 1 1 1 1 1 1 1 1 1 1 1 1 1 1 1 1 1 1 1 1 1 1 1 1 1 1 1 1 1 1 1 1 1 1 1 1 1 1 1 1 1 1 1 1 1 1 1 1 1 1 1 1 1 1 1 1 1 1 1 1 1 1 1 1 1 1 1 1 1 1 1 1 1 1 1 1 1 1 1 1 1 1 1 1 1 1 1 1 1 1 1 1 1 1 1 1 1 1 1 1 1 1 1 1 1 1 1 1 1 1 1 1 1 1 1 1 1 1 1 1 1 1 1 1 1 1 1 1 1 1 1 1 1 1 1 1 1 1 1 1 1 1 1 1 1 1 1 1 1 1 1 1 1 1 1 1 1 1 1 1 1 1 1 1 1 2 2 2 2 2 2 2 2 2 2 2 2 2 2 2 2 2 2 2 2 2 2 2 2 2 2 2 2 2 2 2 2 2 2 2 2 2 2 2 2 2 2 2 2 2 2 2 2 2 2 2 2 2 2 2 2 2 2 2 2 2 2 2 2 2 2 2 2 2 2 2 2 2 2 2 2 2 2 2 2 2 2 2 2 2 2 1 2 2 2 2 1 2 2 1 2 2 1 2 2 1 1 2 2 2 1 1 1 2 2 2 2 1 2 2 1 2 2 1 2 1 1 2 2 2 2 1 1 1 2 2 1 2 2 2 2 2 2 2 2 2 2 2 2 1 1 2 2 1 2 2 2 2 2 1 2 2 2 2 2 2 1 2 2 2 2 2 2 2 1 1 1 1 1 1 2 1 1 1 1 1 1 2 1 1 1 1 1 1 1 1 1 1 1 1 1 1 1 1 1 1 1 1 1 1 1 1 1 1 1 1 1 1 1 1 1 1 1 1 1 1 1 1 2 1 1 1 1 2 1 1 1 1 2 2 2 2 2 2 2 2 2 2 2 2 2 2 1 1 1 1 2 1 2 2 2 2 2 2 1 2 2 2 2 2 2 1 2 2 2 2 2 2 2 1 1 2 2 2 2 2 2 2 2 2 2 2 2 2 2 2 2 2 2 2 2 2 2 2 2 2 2 2 2 2 2 2 2 2 2 2 2 2 2 2 2 2 2 2 2 2 2 2 2 2 2 2 2 2 2 2 2 2 2 2 2 2 2 2 2 2 2 2 2 2 2 2 2 2 2 2 2 2 2 2 2 2 2 2 2 2 2 1 1 2 2 1 2 1 2 1 2 2 1 2 1 1 2 1 2 2 2 2 2 2 2 2 2 2 2 2 2 2 2 2 2 2 2 1 1 1 1 1 1 1 1 1 1 1 1 1 1 1 1 1 1 1 1 1 1 1 1 1 1 1 1 1 1 1 1 1 1 1 1 1 1 1 1 1 1 1 1 1 1 1 1 1 1 1 1 1 1 1 1 1 1 1 1 1 1 1 1 1 1 2 2 1 1 2 1 1 2 1 2 2 2 1 1 2 1 2 1 1 1 1 1 1 1 1 1 1 1 1 1 1 1 1 1 1 1 1 1 1 1 1 1 1 1 1 1 1 1 1 1 1 1 1 1 1 1 1 1 1 1 1 1 1 1 1 2 2 2 2 2 2 2 2 2 2 2 2 2 2 2 2 2 2 2 2 2 2 2 2 1 2 2 1 1 2 1 2 1 2 2 1 2 1 1 2 1 2 2 2 2 2 2 2 2 2 2 2 2 2 2 2 2 2 2 2 1 1 1 1 1 1 1 1 1 1 1 1 1 1 1 1 1 1 1 1 1 1 1 1 1 1 1 1 1 1 1 1 1 1 1 1 1 1 1 1 1 1 1 1 1 1 1 1 1 1 1 1 1 1 1 1 1 1 1 1 1 1 1 1 1 1 2 2 1 1 2 1 1 2 1 2 2 2 1 1 2 1 2 1 1 1 1 1 1 1 1 1 1 1 1 1 1 1 1 1 1 1 1 1 1 1 1 1 1 1 1 1 1 1 1 1 1 1 1 1 1 1 1 1 1 1 1 1 1 1 1 1 1 1 1 1 1 1 1 1 1 1 1 1 1 1 1 1 1 1 1 1 1 1 1 1 2 2 2 2 2 1 2 2 2 2 2 2 2 2 2 2 2 2 2 2 2 2 2 2 3 3 3 3 3 3 2 3 3 3 3 3 2 2 3 2 2 2 2 2 2 1 2 1 1 2 2 2 2 2 2 2 2 2 2 2 3 3 2 3 3 3 3 3 3 3 2 2 3 2 2 2 2 2 2 2 2 2 2 2 2 2 2 2 1 1 1 1 1 1 1 1 1 1 1 1 1 1 1 1 1 1 1 1 1 1 1 1 1 1 1 1 2 2 2 2 2 1 2 2 2 2 2 2 2 2 2 2 2 2 2 2 2 2 2 3 3 3 3 2 3 3 2 3 3 3 3 2 2 3 2 2 2 2 2 2 2 2 1 1 1 2 2 2 2 2 2 2 2 2 2 2 3 3 2 3 3 3 3 3 3 3 2 2 3 2 2 2 2 2 2 2 2 2 2 2 2 2 2 2 1 1 1 2 2 2 2 2 2 2 2 2 2 2 2 2 2 2 2 2 2 2 2 3 2 3 3 3 3 3 3 3 3 3 3 2 3 2 2 2 2 2 2 2 2 3 2 2 2 3 3 3 3 3 3 3 3 3 3 3 3 3 3 3 3 3 3 3 3 3 3 3 3 3 3 3 3 3 2 2 2 2 2 2 2 2 2 2 2 2 2 2 2 2 2 2 2 2 2 2 2 3 2 3 3 3 3 3 3 3 3 3 3 2 3 2 2 2 2 2 2 2 2 3 2 2 2 3 3 3 3 3 3 3 3 3 3 3 3 3 3 3 3 3 3 3 3 3 3 3 3 3 3 3 3 3 2 2 2 1 1 1 1 1 1 1 1 1 1 1 1 1 1 1 1 1 1 1 1 1 1 1 1 1 2 2 2 2 2 1 2 2 2 2 2 2 2 2 2 2 2 2 2 2 2 3 3 3 3 3 3 2 2 3 2 3 3 3 3 3 2 3 2 2 2 2 2 2 2 2 1 1 1 2 2 2 2 2 2 2 2 2 2 2 2 3 3 3 3 3 3 3 3 3 3 2 2 2 2 2 2 2 2 2 2 2 2 2 2 1 2 2 2 1 1 1 1 1 1 1 1 1 1 1 1 1 1 1 1 1 1 1 1 1 1 1 1 1 1 1 2 2 2 2 2 1 2 2 2 2 2 2 2 2 2 2 2 2 2 2 2 3 3 3 3 3 3 2 2 3 2 3 3 3 3 3 2 3 2 2 2 2 2 2 2 1 2 1 1 2 2 2 2 2 2 2 2 2 2 2 2 3 3 3 3 3 3 3 3 3 3 2 2 2 2 2 2 2 2 2 2 2 2 2 2 1 2 2 2 1 1 2 2 2 2 2 2 2 2 2 2 2 2 2 2 2 3 2 3 3 3 3 3 3 3 2 3 2 2 2 2 2 3 3 3 2 2 2 3 2 3 3 3 3 3 3 3 3 3 3 3 3 3 3 3 3 3 3 3 3 3 3 3 3 3 2 2 3 2 2 2 2 2 2 2 2 3 3 3 2 2 2 2 2 2 2 2 2 2 2 2 2 2 2 3 2 3 3 3 3 3 3 3 2 3 2 2 2 2 2 3 3 3 2 2 2 3 2 3 3 3 3 3 3 3 3 3 3 3 3 3 3 3 3 3 3 3 3 3 3 3 3 3 3 2 2 3 2 2 2 2 2 2 2 2 3 3 2 2 2 2 2 2 2 3 3 3 2 2 2 2 3 2 2 3 3 3 2 3 3 3 2 3 2 2 3 2 2 3 2 3 1 2 1 1 2 2 2 1 2 2 2 3 2 1 1 2 1 3 3 2 3 1 2 2 2 2 2 2 2 3 3 3 2 2 2 2 3 3 2 2 3 3 2 3 3 3 2 3 2 2 2 2 3 3 2 3 1 2 2 1 1 2 2 1 2 3 2 2 2 1 1 2 3 3 1 2 3 1 2 2 2 2 2 2 3 3 2 3 3 3 3 3 3 3 3 3 3 3 3 2 2 2 2 2 2 2 2 2 2 2 2 2 2 2 2 2 2 2 2 2 3 2 2 2 2 3 3 2 2 2 1 2 1 2 2 2 2 2 3 3 2 2 2 2 2 3 2 2 2 2 2 2 2 2 2 2 2 2 3 3 2 3 3 3 3 3 3 3 3 3 2 2 2 2 2 3 2 3 3 3 2 2 2 2 2 2 2 2 2 2 2 2 2 2 3 2 3 2 2 2 2 2 3 2 3 2 1 2 2 2 1 2 2 2 2 2 2 2 2 3 2 2 2 2 2 2 2 2 2 3 1 2 2 2 2 2 2 2 2 1 1 1 1 1 2 2 2 2 2 2 3 3 2 2 1 1 3 1 1 2 1 1 2 2 2 3 3 2 2 2 1 1 1 1 1 2 2 2 3 2 2 3 2 2 3 2 2 1 1 3 2 2 2 1 2 3 2 2 2 1 1 2 2 2 2 2 2 2 2 2 1 1 2 2 2 1 1 1 2 2 2 2 2 1 2 2 2 2 2 2 2 1 1 2 2 2 2 1 2 2 1 1 1 1 1 1 2 2 2 2 2 2 2 1 1 1 1 1 2 2 2 2 2 2 2 2 2 2 2 2 1 1 1 1 1 1 1 1 1 1 1 1 1 1 1 1 1 1 1 1 1 1 1 1 1 1 1 1 1 1 1 1 1 1 1 1 1 1 1 1 3 2 2 2 1 3 3 2 3 2 2 2 2 1 2 1 2 1 2 1 2 1 2 2 2 2 2 3 3 3 2 2 2 2 2 3 3 2 2 2 2 2 2 2 2 2 2 2 2 2 2 2 2 2 2 2 3 2 3 2 3 3 2 2 2 2 2 2 2 2 2 3 3 2 3 3 3 3 3 2 3 3 3 2 2 3 2 3 3 2 3 2 2 3 3 3 3 3 3 3 2 2 3 3 3 2 2 2 2 2 2 3 3 2 1 1 2 2 1 2 1 2 1 2 2 2 2 2 2 2 2 2 2 2 2 2 2 2 1 1 1 1 1 1 1 1 1 2 1 1 2 2 1 2 1 2 1 2 2 2 2 2 2 2 2 2 2 2 2 2 2 2 3 2 2 3 2 2 2 2 2 2 1 1 2 2 3 3 2 2 2 2 2 2 2 2 2 2 2 2 3 3 2 2 3 2 2 2 2 3 2 2 2 1 1 1 1 1 1 1 1 1 1 1 1 1 1 1 1 1 1 1 1 1 1 1 1 1 1 1 1 1 1 1 1 1 1 1 1 1 1 1 1 1 1 1 1 1 1 1 1 1 1 1 1 1 1 1 1 1 1 1 1 1 2 1 2 2 2 2 2 2 2 2 2 2 2 2 2 2 2 2 2 2 2 2 3 2 1 2 2 1 2 1 2 2 2 2 1 2 2 2 2 2 3 3 2 2 1 1 3 2 1 1 1 1 2 2 2 3 3 2 2 2 1 1 1 1 1 1 1 2 2 2 2 2 3 2 3 2 3 2 2 2 1 1 3 3 2 2 1 2 3 2 2 2 1 1 2 2 2 2 2 2 2 2 2 2 2 1 1 2 2 1 1 1 2 2 2 2 2 1 2 2 2 2 2 2 2 1 1 2 2 2 2 1 2 2 1 1 1 1 1 1 2 2 2 2 2 2 2 1 1 1 1 1 2 2 2 2 2 2 2 2 2 2 2 2 1 1 1 1 1 1 1 1 1 1 1 1 1 1 1 1 1 1 1 1 1 1 1 1 1 1 1 1 1 1 1 1 1 1 1 1 1 1 1 1 2 3 2 2 1 3 3 2 3 2 2 2 2 1 2 1 2 1 2 1 2 1 2 2 2 2 2 3 3 3 2 2 2 2 2 2 2 2 2 2 2 2 2 2 2 2 2 2 1 1 2 1 2 1 2 1 1 1 1 1 1 1 1 1 1 2 2 2 2 2 2 2 2 2 2 2 2 2 2 2 2 2 1 1 2 1 2 1 2 1 1 1 1 1 1 1 1 1 1 2 2 2 2 3 3 2 2 2 2 2 2 2 2 2 2 2 2 2 2 2 2 2 2 2 2 2 2 2 3 3 2 2 3 2 3 3 3 3 3 3 2 3 3 3 3 3 2 2 2 3 2 2 3 2 3 2 2 3 3 2 2 3 3 3 3 3 3 3 3 2 2 2 2 2 2 3 3 3 2 2 2 3 3 2 2 2 2 3 3 2 2 2 2 2 2 1 1 2 2 2 2 2 2 2 2 2 2 2 2 3 3 2 2 3 2 2 2 2 3 2 2 2 1 1 1 1 1 1 1 1 1 1 1 1 1 1 1 1 1 1 1 1 1 1 1 1 1 1 1 1 1 1 1 1 1 1 1 1 1 1 1 1 1 1 1 1 1 1 1 1 1 1 1 1 2 2 1 2 2 2 2 2 2 2 2 2 2 2 2 2 2 2 2 2 2 2 2 2 3 3 2 3 3 3 3 3 3 3 3 3 2 2 2 2 2 3 2 3 3 3 2 2 2 2 2 2 2 2 2 2 2 2 2 3 2 2 3 2 2 2 2 2 3 3 2 2 2 1 2 1 2 2 2 2 2 2 2 2 2 2 2 3 2 2 2 2 2 2 2 2 2 3 3 2 3 3 3 3 3 3 3 3 3 3 3 3 2 2 2 2 2 2 2 2 2 2 2 2 2 2 2 2 2 2 2 2 2 2 3 2 2 2 3 2 3 2 1 2 2 2 1 2 2 2 2 3 3 2 2 2 2 3 2 2 2 2 2 2 2 3 3 3 3 3 3 3 3 3 3 3 3 3 3 3 3 3 3 3 3 3 3 3 3 3 3 3 3 3 3 3 3 3 3 3 3 3 3 3 3 3 3 3 3 3 3 3 3 3 3 3 3 3 3 3 3 3 3 3 3 3 3 3 3 3 3 3 3 3 3 3 3 3 3 3 3 3 3 3 3 3 3 3 3 3 3 3 3 3 3 3 3 3 3 3 3 3 3 3 3 3 3 3 3 3 3 3 3 3 3 3 3 3 3 3 3 3 3 3 3 3 3 3 3 3 3 3 3 3 3 3 3 3 3 3 3 3 3 3 3 3 3 3 3 3 3 3 3 3 3 3 3 3 3 3 3 3 3 3 3 3 3 3 3 3 3 3 3 3 3 3 3 3 3 3 3 3 3 3 3 2 3 3 3</vcount>
                    <v>39 1 39 1 39 1 39 1 39 1 39 1 39 1 39 1 39 1 39 1 39 1 39 1 39 1 39 1 39 1 39 1 39 1 39 1 39 1 39 1 39 1 39 1 39 1 39 1 39 1 39 1 39 1 39 1 39 1 39 1 39 1 39 1 39 1 39 1 39 1 39 1 39 1 39 1 39 1 39 1 39 1 39 1 39 1 39 1 39 1 39 1 47 1 47 1 47 1 47 1 47 1 47 1 47 1 47 1 47 1 47 1 47 1 47 1 47 1 47 1 47 1 47 1 47 1 47 1 47 1 47 1 47 1 47 1 47 1 47 1 47 1 47 1 47 1 45 1 45 1 45 1 45 1 45 1 45 1 45 1 45 1 45 1 45 1 45 1 45 1 45 1 45 1 45 1 45 1 45 1 45 1 45 1 45 1 45 1 45 1 45 1 45 1 45 1 45 1 45 1 39 1 39 1 39 1 39 1 39 1 39 1 39 1 39 1 39 1 39 1 39 25 43 6 39 28 43 11 39 5 43 23 39 26 43 2 39 5 43 23 39 1 39 1 39 29 43 10 39 29 43 10 39 1 39 29 43 10 39 14 43 20 39 27 43 3 39 23 43 5 39 14 43 20 39 23 43 5 39 1 39 1 39 1 39 1 39 1 39 1 39 1 39 1 39 1 39 30 43 22 39 1 39 1 39 1 39 1 39 1 39 29 43 10 39 29 43 10 39 14 43 20 39 14 43 20 39 1 39 1 39 1 39 23 43 5 39 1 39 1 39 1 39 25 43 6 39 28 43 11 39 5 43 23 39 1 39 26 43 2 39 5 43 23 39 1 39 23 43 5 39 14 43 20 39 29 43 10 39 15 43 7 39 14 43 20 39 1 39 16 43 19 39 7 43 15 39 7 43 15 39 22 43 30 39 22 43 30 39 1 39 26 43 2 39 7 43 15 39 22 43 30 39 15 43 7 39 7 43 15 39 15 43 7 39 7 43 15 39 4 43 21 39 15 43 7 39 3 43 27 39 22 43 30 39 4 43 21 39 15 43 7 39 23 43 5 39 27 43 3 39 29 43 10 39 1 39 25 43 6 39 28 43 11 39 1 39 5 43 23 39 1 39 26 43 2 39 5 43 23 39 1 39 1 39 30 43 22 39 1 39 1 39 31 43 12 39 29 43 10 39 29 43 10 39 1 39 1 39 28 43 11 39 1 39 14 43 20 39 1 39 28 43 11 39 27 43 3 39 26 43 2 39 1 39 28 43 11 39 28 43 11 39 28 43 11 39 1 39 17 43 9 39 29 43 10 39 1 39 15 43 7 39 19 43 16 39 7 43 15 39 22 43 30 39 7 43 15 39 15 43 7 39 19 43 16 39 15 43 7 39 7 43 15 39 4 43 21 39 27 43 3 39 3 43 27 39 4 43 21 39 14 43 20 39 27 43 3 39 23 43 5 39 22 43 30 39 14 43 20 39 14 43 20 39 17 43 9 39 23 43 5 39 27 43 3 39 23 43 5 39 1 39 1 39 28 43 11 39 25 43 6 39 1 39 26 43 2 39 5 43 23 39 5 43 23 39 1 39 1 39 30 43 22 39 1 39 1 39 31 43 12 39 29 43 10 39 29 43 10 39 1 39 17 43 9 39 14 43 20 39 14 43 20 39 14 43 20 39 23 43 5 39 23 43 5 39 22 43 30 39 3 43 27 39 7 43 15 39 22 43 30 39 18 43 13 39 22 43 30 39 7 43 15 39 3 43 27 39 22 43 30 39 18 43 13 39 22 43 30 39 22 43 30 47 1 47 1 47 1 47 1 47 1 47 1 47 1 47 1 47 1 47 1 47 1 47 1 47 1 47 1 47 1 47 1 47 1 47 1 47 1 47 1 47 1 47 1 47 1 47 1 47 1 47 1 47 1 47 1 47 1 47 1 47 1 47 1 47 1 47 1 47 1 47 1 47 1 47 1 47 1 47 1 47 1 47 1 47 1 47 1 47 1 47 1 47 1 47 1 47 1 47 1 47 1 47 1 47 1 39 11 46 14 47 11 39 11 46 14 47 11 46 23 47 5 46 23 47 5 46 2 47 26 46 2 47 26 47 1 47 1 39 11 46 14 47 11 46 23 47 5 46 2 47 26 47 1 47 1 46 2 47 26 39 11 46 14 47 11 46 23 47 5 46 2 47 26 46 2 47 26 47 1 47 1 46 23 47 5 39 11 46 14 47 11 46 2 47 26 47 1 39 11 46 14 47 11 46 23 47 5 46 2 47 26 47 1 46 2 47 26 47 1 39 1 39 23 41 12 46 23 47 1 47 1 47 1 47 1 39 13 46 18 39 1 39 1 47 1 47 1 47 1 47 1 47 1 45 1 45 1 45 1 45 1 45 1 45 1 45 1 45 1 45 1 45 1 45 1 45 1 45 1 45 1 45 1 45 1 45 1 45 1 45 1 45 1 45 1 45 1 45 1 45 1 45 1 45 1 45 1 45 1 45 1 45 1 45 1 45 1 45 1 45 1 45 1 45 1 45 1 45 1 45 1 45 1 45 1 45 1 45 1 45 1 45 1 45 1 45 1 45 1 45 1 45 1 45 1 45 1 45 1 39 11 44 14 45 11 44 23 45 5 44 23 45 5 39 11 44 14 45 11 44 2 45 26 44 2 45 26 45 1 45 1 44 23 45 5 44 2 45 26 44 2 45 26 45 1 45 1 39 11 44 14 45 11 44 23 45 5 39 11 44 14 45 11 39 11 44 14 45 11 44 23 45 5 39 11 44 14 45 11 44 23 45 5 44 2 45 26 44 2 45 26 44 2 45 26 45 1 45 1 39 1 39 23 41 12 44 23 45 1 45 1 45 1 45 1 45 1 45 1 45 1 45 1 44 2 45 26 45 1 44 2 45 26 45 1 45 1 45 1 39 1 39 13 44 18 39 1 39 1 39 1 39 1 39 1 39 1 39 1 39 1 39 1 39 1 39 1 39 1 39 1 39 1 39 1 39 1 39 29 46 10 39 29 46 10 39 13 46 18 39 1 39 23 41 12 46 23 39 5 41 6 46 11 39 13 46 18 39 1 39 29 46 10 39 1 39 26 41 4 46 12 39 1 39 5 46 23 39 5 46 23 39 13 46 18 39 5 46 23 39 11 46 14 47 11 39 6 46 24 47 2 46 26 47 2 46 26 47 2 46 26 47 2 46 26 47 2 39 6 46 24 47 2 46 26 47 2 46 26 47 2 46 26 47 2 39 11 46 14 47 11 39 4 46 28 47 10 39 11 46 14 47 11 46 26 47 2 46 26 47 2 39 12 46 18 47 8 46 26 47 2 39 11 46 14 47 11 46 26 47 2 39 11 46 14 47 11 39 12 46 18 47 8 46 26 47 2 39 11 46 14 47 11 46 26 47 2 46 26 47 2 39 11 46 14 47 11 46 26 47 2 46 26 47 2 39 6 46 24 47 2 46 26 47 2 46 26 47 2 39 5 46 23 39 1 39 29 46 10 39 1 39 1 39 29 46 10 39 1 39 1 39 30 43 22 39 1 39 1 39 1 39 1 39 1 39 1 39 1 39 1 39 1 39 1 39 1 39 1 39 1 39 1 39 1 39 1 39 1 39 1 39 1 39 1 39 1 39 29 44 10 39 26 41 4 44 12 39 1 39 1 39 1 39 29 44 10 39 29 44 10 39 13 44 18 39 1 39 23 41 12 44 23 39 5 41 6 44 11 39 13 44 18 39 1 39 5 44 23 39 5 44 23 39 13 44 18 39 5 44 23 39 11 44 14 45 11 39 6 44 24 45 2 44 26 45 2 44 26 45 2 44 26 45 2 44 26 45 2 39 6 44 24 45 2 44 26 45 2 44 26 45 2 44 26 45 2 39 11 44 14 45 11 39 4 44 28 45 10 44 26 45 2 44 26 45 2 44 26 45 2 44 26 45 2 39 12 44 18 45 8 39 11 44 14 45 11 39 11 44 14 45 11 39 11 44 14 45 11 39 11 44 14 45 11 44 26 45 2 39 12 44 18 45 8 44 26 45 2 44 26 45 2 39 11 44 14 45 11 44 26 45 2 44 26 45 2 39 6 44 24 45 2 44 26 45 2 44 26 45 2 39 1 39 5 44 23 39 1 39 29 44 10 39 1 39 29 44 10 39 1 39 30 43 22 39 1 39 1 39 1 39 1 39 1 39 1 39 1 39 1 39 1 39 1 39 1 39 1 39 1 39 1 39 1 39 1 39 1 39 1 39 1 39 26 46 2 39 29 46 10 39 13 46 18 39 5 46 23 39 29 46 10 39 13 46 18 39 13 46 18 39 26 46 2 39 13 46 18 39 29 46 10 39 3 46 5 47 12 39 3 46 5 47 12 39 7 46 5 47 10 39 3 46 5 47 12 39 7 46 5 47 10 39 11 46 14 47 11 39 1 39 1 39 1 39 1 39 1 39 1 39 1 39 1 39 29 41 10 39 29 41 10 39 29 41 10 39 1 39 5 41 20 42 4 39 5 41 20 42 4 39 29 44 10 39 5 41 6 44 11 39 11 41 14 42 11 39 20 41 8 44 11 41 14 42 20 39 9 41 8 42 3 39 2 41 6 42 24 41 3 42 27 39 13 41 8 42 4 39 11 41 14 42 11 39 11 41 14 42 11 39 13 41 8 42 4 41 14 42 20 39 4 41 14 42 7 41 20 42 14 41 3 42 27 41 10 42 29 41 2 42 26 42 1 42 1 39 11 41 14 42 11 41 14 42 20 41 3 42 27 41 10 42 29 42 1 42 1 42 1 42 1 42 1 42 1 39 11 41 14 42 11 39 5 41 20 42 4 39 4 41 14 42 7 41 20 42 14 41 2 42 26 42 1 42 1 42 1 42 1 42 1 42 1 42 1 42 1 42 1 42 1 42 1 41 2 42 26 41 10 42 29 42 1 42 1 42 1 42 1 42 1 42 1 41 10 42 29 41 3 42 27 41 14 42 20 39 9 41 14 42 2 39 13 41 8 42 4 39 23 41 12 44 23 39 5 41 6 44 11 39 20 41 8 44 11 39 24 41 19 42 10 39 1 39 8 41 6 42 7 39 9 41 8 42 3 39 6 41 6 42 18 39 2 41 6 42 24 39 10 41 10 42 25 39 12 41 10 42 17 42 1 42 1 42 1 42 1 39 15 41 2 42 2 39 6 41 11 42 5 42 1 39 20 41 10 42 18 39 5 41 11 42 6 42 1 42 1 42 1 42 1 42 1 42 1 42 1 42 1 42 1 42 1 42 1 42 1 42 1 42 1 42 1 42 1 42 1 42 1 42 1 42 1 42 1 42 1 42 1 42 1 42 1 42 1 42 1 42 1 42 1 42 1 42 1 42 1 42 1 42 1 42 1 42 1 42 1 42 1 42 1 42 1 42 1 42 1 42 1 42 1 42 1 42 1 42 1 42 1 42 1 39 15 41 2 42 2 39 1 39 1 39 1 39 1 39 1 39 1 39 1 39 29 41 10 39 29 41 10 39 1 39 5 41 20 42 4 39 13 41 8 42 4 39 29 46 10 39 5 41 6 46 11 39 11 41 14 42 11 39 20 41 8 46 11 41 14 42 20 39 9 41 8 42 3 41 3 42 27 39 2 41 6 42 24 39 12 41 10 42 17 41 10 42 29 42 1 42 1 42 1 42 1 42 1 41 3 42 27 41 2 42 26 41 10 42 29 41 20 42 14 41 14 42 20 39 4 41 14 42 7 39 11 41 14 42 11 39 9 41 14 42 2 39 5 41 20 42 4 41 2 42 26 42 1 42 1 42 1 42 1 42 1 42 1 42 1 42 1 42 1 42 1 39 11 41 14 42 11 39 13 41 8 42 4 41 10 42 29 41 3 42 27 41 14 42 20 39 5 41 20 42 4 39 11 41 14 42 11 39 11 41 14 42 11 39 13 41 8 42 4 41 14 42 20 39 4 41 14 42 7 41 3 42 27 41 20 42 14 41 2 42 26 41 10 42 29 42 1 42 1 42 1 42 1 42 1 42 1 42 1 42 1 42 1 42 1 42 1 42 1 42 1 42 1 42 1 42 1 42 1 42 1 39 23 41 12 46 23 39 20 41 8 46 11 39 5 41 6 46 11 39 24 41 19 42 10 39 1 39 8 41 6 42 7 39 9 41 8 42 3 39 2 41 6 42 24 39 6 41 6 42 18 39 10 41 10 42 25 39 12 41 10 42 17 42 1 42 1 42 1 42 1 39 6 41 11 42 5 39 15 41 2 42 2 42 1 42 1 39 20 41 10 42 18 39 5 41 11 42 6 42 1 42 1 42 1 42 1 42 1 42 1 42 1 42 1 42 1 42 1 42 1 42 1 42 1 42 1 42 1 42 1 42 1 42 1 42 1 42 1 42 1 42 1 42 1 42 1 42 1 42 1 42 1 42 1 42 1 42 1 42 1 42 1 42 1 42 1 42 1 42 1 42 1 42 1 42 1 39 1 39 1 39 1 39 1 39 1 39 1 39 15 41 10 42 11 39 1 39 1 42 1 42 1 42 1 47 1 47 1 47 1 47 1 47 1 47 1 47 1 47 1 47 1 47 1 47 1 47 1 47 1 47 1 47 1 47 1 47 1 47 1 47 1 47 1 47 1 47 1 47 1 47 1 47 1 47 1 47 1 47 1 47 1 47 1 47 1 47 1 47 1 47 1 47 1 47 1 45 1 45 1 45 1 45 1 45 1 45 1 45 1 45 1 45 1 45 1 45 1 45 1 45 1 45 1 45 1 45 1 45 1 45 1 45 1 45 1 45 1 45 1 45 1 45 1 45 1 45 1 45 1 45 1 45 1 45 1 45 1 45 1 45 1 45 1 45 1 45 1 39 1 39 1 39 1 39 29 41 10 39 1 39 1 39 15 41 2 42 2 39 15 41 10 42 11 39 1 39 1 39 1 39 1 39 1 39 1 39 1 39 1 39 12 41 10 42 17 42 1 42 1 39 1 39 1 39 1 39 1 39 1 39 1 39 1 39 1 39 1 39 1 39 1 39 1 39 1 39 1 39 1 39 1 39 1 39 1 39 1 39 1 39 1 39 1 39 1 39 1 39 1 39 1 39 1 39 1 39 1 39 1 39 1 39 1 39 1 39 1 39 1 39 1 39 1 39 1 39 1 39 1 39 1 39 1 39 1 39 1 39 1 39 1 39 1 39 1 39 1 39 1 39 1 39 1 39 1 39 1 39 1 39 1 39 1 39 1 39 1 39 1 39 1 39 1 39 1 39 1 39 1 39 1 39 1 39 1 39 1 39 1 39 1 39 1 39 1 39 1 39 1 39 1 39 1 39 1 39 1 39 1 39 1 39 1 39 1 39 1 39 1 39 1 39 1 39 1 39 1 39 1 39 1 39 1 39 1 39 1 39 1 39 1 39 1 39 1 39 1 39 1 39 1 39 1 39 1 39 1 39 1 39 1 39 1 39 1 39 1 39 1 39 1 39 1 39 1 39 1 39 1 39 1 39 1 39 1 39 1 39 1 39 1 39 1 39 1 39 1 39 1 39 1 39 1 39 1 39 1 39 1 39 1 39 1 39 1 39 1 39 1 39 1 39 1 39 1 39 1 39 1 39 1 39 1 39 1 39 1 39 1 39 1 39 1 39 1 39 1 39 1 39 1 39 1 39 1 39 1 39 1 39 1 39 1 39 1 39 1 39 1 39 1 39 1 39 1 39 1 39 1 39 1 39 1 39 1 39 1 39 1 39 1 39 1 39 1 39 1 39 1 39 1 39 1 39 1 39 1 39 1 39 1 39 1 39 1 39 1 39 1 39 1 39 1 39 1 39 1 39 1 39 1 39 1 39 1 39 1 39 1 39 1 39 1 39 1 39 1 39 1 39 1 39 1 39 1 39 1 39 1 39 1 39 1 39 1 39 1 39 1 39 1 39 1 39 1 39 1 39 1 39 1 39 1 39 1 39 1 39 1 39 1 39 1 39 1 39 1 39 1 39 1 39 1 39 1 39 1 39 1 39 1 39 1 39 1 39 1 39 1 39 1 39 1 39 1 39 1 39 1 39 1 39 1 39 1 39 1 39 1 39 1 39 1 39 1 39 1 39 1 39 1 39 1 39 1 39 1 39 1 39 1 39 1 39 1 39 1 39 1 39 1 39 1 39 1 39 1 39 1 39 1 39 1 39 1 39 1 39 1 39 1 39 1 39 1 39 1 39 1 39 1 39 1 39 1 39 1 39 1 39 1 39 1 39 1 39 1 39 1 39 1 39 1 39 1 39 1 39 1 39 1 39 1 39 1 39 1 39 1 39 1 39 1 39 1 39 1 39 1 39 1 39 1 39 1 39 1 39 1 39 1 39 1 39 1 39 1 39 1 39 1 39 1 39 1 39 1 39 1 39 1 39 1 39 1 39 1 39 1 39 1 39 1 39 1 39 1 39 1 39 1 39 1 39 1 39 1 39 1 39 1 39 1 39 1 39 1 39 1 39 1 39 1 39 1 39 1 39 1 39 1 39 1 39 1 39 1 39 1 39 1 39 1 39 1 39 1 39 1 39 1 39 1 39 1 39 1 39 1 39 1 39 1 39 1 39 1 39 1 39 1 39 1 39 1 39 1 39 1 39 1 39 1 39 13 49 18 39 1 39 7 49 15 39 2 49 26 39 9 49 17 39 7 49 15 39 8 49 24 39 2 49 26 39 2 49 26 39 9 49 17 39 8 49 24 39 2 49 26 39 9 49 17 39 1 39 1 39 13 49 18 39 7 49 15 39 2 49 26 39 9 49 17 39 7 49 15 39 8 49 24 39 2 49 26 39 2 49 26 39 9 49 17 39 8 49 24 39 9 49 17 39 2 49 26 39 1 39 13 49 18 39 1 39 7 49 15 39 2 49 26 39 9 49 17 39 7 49 15 39 8 49 24 39 2 49 26 39 2 49 26 39 9 49 17 39 8 49 24 39 2 49 26 39 9 49 17 39 1 39 1 39 13 49 18 39 7 49 15 39 2 49 26 39 9 49 17 39 7 49 15 39 8 49 24 39 2 49 26 39 2 49 26 39 9 49 17 39 8 49 24 39 9 49 17 39 2 49 26 39 1 39 1 39 1 39 1 39 1 39 1 39 1 39 1 39 1 39 1 39 1 39 1 39 1 39 1 39 1 39 1 39 1 39 1 39 1 39 1 39 1 39 1 39 1 39 1 39 1 39 1 39 1 39 1 39 13 48 18 39 7 48 15 39 2 48 26 39 9 48 17 39 7 48 15 39 8 48 24 39 2 48 26 39 2 48 26 39 9 48 17 39 8 48 24 39 2 48 26 39 9 48 17 39 1 39 13 48 18 39 1 39 7 48 15 39 2 48 26 39 9 48 17 39 7 48 15 39 8 48 24 39 2 48 26 39 2 48 26 39 9 48 17 39 8 48 24 39 9 48 17 39 2 48 26 39 1 39 1 39 13 48 18 39 7 48 15 39 2 48 26 39 9 48 17 39 7 48 15 39 8 48 24 39 2 48 26 39 2 48 26 39 9 48 17 39 8 48 24 39 2 48 26 39 9 48 17 39 1 39 13 48 18 39 1 39 7 48 15 39 2 48 26 39 9 48 17 39 7 48 15 39 8 48 24 39 2 48 26 39 2 48 26 39 9 48 17 39 8 48 24 39 9 48 17 39 2 48 26 45 1 45 1 45 1 45 1 45 1 45 1 45 1 45 1 45 1 45 1 45 1 45 1 45 1 45 1 45 1 45 1 45 1 45 1 45 1 45 1 45 1 45 1 45 1 45 1 45 1 45 1 45 1 45 1 45 1 45 1 45 1 45 1 45 1 45 1 45 1 45 1 45 1 45 1 45 1 45 1 45 1 45 1 45 1 45 1 45 1 45 1 45 1 45 1 45 1 45 1 45 1 45 1 45 1 45 1 45 1 45 1 45 1 45 1 45 1 45 1 45 1 45 1 45 1 45 1 45 1 45 1 45 1 45 1 45 1 45 1 45 1 45 1 45 1 45 1 45 1 45 1 45 1 45 1 45 1 45 1 45 1 45 1 45 1 45 1 45 1 45 1 27 1 27 1 27 1 27 1 27 1 27 1 26 13 27 18 26 13 27 18 27 27 35 3 27 27 35 4 36 19 27 27 33 3 27 13 37 18 27 7 37 15 27 7 37 15 26 13 27 18 27 1 27 1 27 27 35 3 27 9 37 17 27 7 37 15 27 9 37 17 27 9 37 17 27 9 37 17 27 7 37 15 27 13 37 18 27 1 27 1 27 27 35 3 27 1 26 13 27 18 27 20 35 7 36 19 27 20 35 7 36 19 27 27 33 3 27 20 33 7 34 19 27 20 33 7 34 19 27 20 33 7 34 19 27 15 33 7 27 20 35 7 36 19 27 20 35 7 36 19 27 20 35 7 36 19 27 15 35 7 27 20 35 7 36 19 27 20 35 7 36 19 27 20 35 7 36 19 27 15 35 7 27 20 35 7 36 19 27 20 35 19 36 7 27 20 35 19 36 7 27 11 35 10 36 15 27 11 35 10 36 15 27 20 35 19 36 7 27 11 35 10 36 15 27 12 35 4 36 26 27 12 35 4 36 26 27 12 35 4 36 26 27 12 35 4 36 26 27 20 35 19 36 7 27 20 35 19 36 7 27 11 35 10 36 15 27 11 35 10 36 15 27 20 35 19 36 7 27 11 35 10 36 15 27 12 35 4 36 26 27 12 35 4 36 26 27 12 35 4 36 26 27 12 35 4 36 26 27 1 26 13 27 18 27 1 26 13 27 18 27 1 27 1 27 1 27 1 27 13 37 18 27 1 27 13 37 18 27 7 37 15 27 7 37 15 27 27 33 3 27 27 35 3 27 27 33 3 27 7 37 15 27 7 37 15 27 27 35 3 27 1 27 1 27 1 26 13 27 18 26 13 27 18 27 1 27 27 35 3 27 9 37 17 27 9 37 17 27 9 37 17 27 9 37 17 27 20 35 7 36 19 27 20 35 7 36 19 27 20 35 7 36 19 27 15 35 7 27 20 35 7 36 19 27 20 35 7 36 19 27 20 35 7 36 19 27 15 35 7 27 27 35 3 27 20 35 7 36 19 27 20 35 7 36 19 27 20 35 7 36 19 27 15 33 7 27 20 33 7 34 19 27 20 33 7 34 19 27 20 33 7 34 19 27 20 35 19 36 7 27 20 35 19 36 7 27 11 35 10 36 15 27 11 35 10 36 15 27 11 35 10 36 15 27 20 35 19 36 7 27 12 35 4 36 26 27 12 35 4 36 26 27 12 35 4 36 26 27 12 35 4 36 26 27 19 33 19 34 8 27 19 33 19 34 8 27 11 33 10 34 15 27 11 33 10 34 15 27 11 33 10 34 15 27 19 33 19 34 8 27 12 33 4 34 26 27 12 33 4 34 26 27 12 33 4 34 26 27 12 33 4 34 26 26 13 27 18 26 17 27 9 26 17 27 9 26 1 26 1 26 1 26 17 27 9 26 1 26 17 27 9 26 17 27 9 26 1 26 13 27 18 26 17 27 9 26 17 27 9 26 1 26 1 26 17 27 9 26 1 26 17 27 9 26 1 26 17 27 9 26 1 27 12 35 4 36 26 27 12 35 4 36 26 27 12 35 4 36 26 27 12 35 4 36 26 27 11 35 10 36 15 27 11 35 10 36 15 27 20 35 19 36 7 27 20 35 19 36 7 27 11 35 10 36 15 27 20 35 19 36 7 27 12 35 4 36 26 27 12 35 4 36 26 27 12 35 4 36 26 27 12 35 4 36 26 27 11 35 10 36 15 27 11 35 10 36 15 27 20 35 19 36 7 27 20 35 19 36 7 27 20 35 19 36 7 27 11 35 10 36 15 27 12 33 4 34 26 27 12 33 4 34 26 27 12 33 4 34 26 27 12 33 4 34 26 27 11 33 10 34 15 27 11 33 10 34 15 27 19 33 19 34 8 27 19 33 19 34 8 27 19 33 19 34 8 27 11 33 10 34 15 27 12 35 4 36 26 27 12 35 4 36 26 27 12 35 4 36 26 27 12 35 4 36 26 27 11 35 10 36 15 27 11 35 10 36 15 27 20 35 19 36 7 27 20 35 19 36 7 27 11 35 10 36 15 27 20 35 19 36 7 54 1 54 1 54 1 54 1 54 1 54 1 53 13 54 18 53 13 54 18 54 27 57 3 54 27 57 4 58 19 54 27 55 3 54 13 59 18 54 7 59 15 54 7 59 15 53 13 54 18 54 1 54 1 54 27 57 3 54 9 59 17 54 7 59 15 54 9 59 17 54 9 59 17 54 9 59 17 54 7 59 15 54 13 59 18 54 1 54 1 54 27 57 3 54 1 53 13 54 18 54 20 57 7 58 19 54 20 57 7 58 19 54 15 57 7 54 20 57 7 58 19 54 20 57 7 58 19 54 15 57 7 54 20 57 7 58 19 54 20 57 7 58 19 54 20 57 7 58 19 54 20 57 7 58 19 54 15 55 7 54 20 57 7 58 19 54 20 55 7 56 19 54 20 55 7 56 19 54 27 55 3 54 20 55 7 56 19 54 20 57 19 58 7 54 20 57 19 58 7 54 11 57 10 58 15 54 11 57 10 58 15 54 20 57 19 58 7 54 11 57 10 58 15 54 12 57 4 58 26 54 12 57 4 58 26 54 12 57 4 58 26 54 12 57 4 58 26 54 19 55 19 56 8 54 19 55 19 56 8 54 11 55 10 56 15 54 11 55 10 56 15 54 19 55 19 56 8 54 11 55 10 56 15 54 12 55 4 56 26 54 12 55 4 56 26 54 12 55 4 56 26 54 12 55 4 56 26 54 1 54 1 53 13 54 18 53 13 54 18 54 1 54 1 54 1 54 1 54 13 59 18 54 1 54 13 59 18 54 7 59 15 54 7 59 15 54 27 55 3 54 27 57 3 54 27 55 3 54 7 59 15 54 7 59 15 53 13 54 18 54 27 57 3 54 1 54 1 54 1 53 13 54 18 53 13 54 18 54 1 54 27 57 3 54 9 59 17 54 9 59 17 54 9 59 17 54 9 59 17 53 17 54 9 53 17 54 9 53 1 53 1 53 17 54 9 53 1 53 1 53 17 54 9 53 17 54 9 53 1 53 13 54 18 53 17 54 9 53 17 54 9 53 1 53 1 53 17 54 9 53 1 53 17 54 9 53 1 53 17 54 9 53 1 54 27 57 3 54 15 55 7 54 20 57 7 58 19 54 20 57 7 58 19 54 15 57 7 54 20 57 7 58 19 54 20 55 7 56 19 54 20 55 7 56 19 54 20 55 7 56 19 54 20 57 7 58 19 54 20 57 7 58 19 54 15 57 7 54 20 57 7 58 19 54 20 57 7 58 19 54 20 57 7 58 19 54 20 57 7 58 19 54 20 57 19 58 7 54 20 57 19 58 7 54 11 57 10 58 15 54 11 57 10 58 15 54 11 57 10 58 15 54 20 57 19 58 7 54 12 57 4 58 26 54 12 57 4 58 26 54 12 57 4 58 26 54 12 57 4 58 26 54 20 57 19 58 7 54 20 57 19 58 7 54 11 57 10 58 15 54 11 57 10 58 15 54 20 57 19 58 7 54 11 57 10 58 15 54 12 57 4 58 26 54 12 57 4 58 26 54 12 57 4 58 26 54 12 57 4 58 26 54 12 57 4 58 26 54 12 57 4 58 26 54 12 57 4 58 26 54 12 57 4 58 26 54 11 57 10 58 15 54 11 57 10 58 15 54 20 57 19 58 7 54 20 57 19 58 7 54 11 57 10 58 15 54 20 57 19 58 7 54 12 55 4 56 26 54 12 55 4 56 26 54 12 55 4 56 26 54 12 55 4 56 26 54 11 55 10 56 15 54 11 55 10 56 15 54 19 55 19 56 8 54 19 55 19 56 8 54 11 55 10 56 15 54 19 55 19 56 8 54 12 57 4 58 26 54 12 57 4 58 26 54 12 57 4 58 26 54 12 57 4 58 26 54 11 57 10 58 15 54 11 57 10 58 15 54 20 57 19 58 7 54 20 57 19 58 7 54 20 57 19 58 7 54 11 57 10 58 15 54 12 57 4 58 26 54 12 57 4 58 26 54 12 57 4 58 26 54 12 57 4 58 26 54 11 57 10 58 15 54 11 57 10 58 15 54 20 57 19 58 7 54 20 57 19 58 7 54 20 57 19 58 7 54 11 57 10 58 15 39 1 39 1 19 11 38 23 39 3 19 19 38 23 39 6 19 2 38 19 39 5 39 1 19 10 38 2 39 16 39 1 19 10 38 2 39 16 39 1 19 23 38 8 39 10 19 7 38 23 39 9 19 19 38 8 39 19 19 6 38 6 39 18 19 6 38 19 39 23 19 1 19 1 19 1 19 1 19 1 19 7 38 9 39 23 19 1 19 1 39 1 19 19 38 23 39 6 19 11 38 23 39 3 39 1 19 2 38 19 39 5 39 1 19 10 38 2 39 16 39 1 19 10 38 2 39 16 39 1 19 23 38 8 39 10 19 7 38 23 39 9 19 19 38 8 39 19 19 6 38 6 39 18 19 6 38 19 39 23 19 1 19 1 19 1 19 1 19 1 19 7 38 9 39 23 19 1 19 1 19 9 50 27 52 10 19 7 50 15 50 29 52 10 19 11 50 15 52 10 19 10 50 25 52 10 19 10 50 17 52 12 19 10 50 25 52 10 19 11 50 15 52 10 19 19 50 24 52 10 19 13 50 18 19 21 50 4 19 18 50 20 52 10 19 17 52 9 19 21 52 4 19 1 19 1 19 1 19 1 19 18 50 20 52 10 19 27 50 3 19 20 50 18 52 10 19 25 50 6 19 24 50 8 19 7 50 5 52 10 19 19 50 24 52 10 19 19 50 24 52 10 19 19 50 24 52 10 19 9 23 27 25 10 19 11 23 15 25 10 23 29 25 10 19 7 23 15 19 10 23 25 25 10 19 10 23 17 25 12 19 10 23 25 25 10 19 11 23 15 25 10 19 19 23 24 25 10 19 13 23 18 19 21 23 4 19 18 23 20 25 10 19 17 25 9 19 21 25 4 19 1 19 1 19 1 19 1 19 24 23 8 19 19 23 24 25 10 19 19 23 24 25 10 19 19 23 24 25 10 19 7 23 5 25 10 19 20 23 18 25 10 19 27 23 3 19 18 23 20 25 10 19 25 23 6 19 9 23 27 25 10 19 7 23 15 19 9 23 17 19 11 23 15 25 10 19 10 23 25 25 10 19 10 23 29 19 10 23 17 25 12 19 10 23 25 25 10 19 9 23 17 19 11 23 15 25 10 19 13 23 18 19 19 23 24 25 10 19 19 23 24 25 10 19 24 23 8 19 19 23 24 25 10 19 7 23 5 25 10 19 27 23 3 19 20 23 18 25 10 19 25 23 6 19 18 23 20 25 10 19 13 23 18 19 19 23 24 25 10 19 28 23 11 19 18 23 20 25 10 19 17 25 9 19 21 23 4 19 21 25 4 19 1 19 1 19 1 19 1 19 1 19 9 50 27 52 10 19 11 50 15 52 10 19 9 50 17 19 7 50 15 19 10 50 25 52 10 19 10 50 29 19 13 50 18 19 19 50 24 52 10 19 19 50 24 52 10 19 24 50 8 19 19 50 24 52 10 19 7 50 5 52 10 19 27 50 3 19 20 50 18 52 10 19 25 50 6 19 18 50 20 52 10 19 19 50 24 52 10 19 18 50 20 52 10 19 28 50 11 19 13 50 18 19 17 52 9 19 21 50 4 19 21 52 4 19 1 19 1 19 1 19 1 19 1 19 11 50 15 52 10 19 9 50 17 19 10 50 25 52 10 19 10 50 29 47 1 47 1 47 1 47 1 47 1 47 1 47 1 47 1 47 1 47 1 47 1 47 1 47 1 47 1 47 1 47 1 47 1 47 1 47 1 47 1 47 1 47 1 47 1 47 1 47 1 47 1 47 1 47 1 47 1 47 1 47 1 47 1 47 1 47 1 47 1 47 1 47 1 47 1 47 1 47 1 47 1 47 1 47 1 47 1 47 1 47 1 47 1 47 1 47 1 47 1 47 1 47 1 47 1 47 1 47 1 47 1 47 1 47 1 47 1 47 1 47 1 47 1 47 1 47 1 47 1 47 1 47 1 47 1 47 1 47 1 47 1 47 1 47 1 47 1 47 1 47 1 47 1 47 1 47 1 47 1 47 1 47 1 47 1 47 1 47 1 47 1 47 1 47 1 47 1 47 1 47 1 47 1 47 1 47 1 47 1 47 1 47 1 47 1 47 1 47 1 47 1 47 1 47 1 47 1 47 1 47 1 47 1 47 1 47 1 47 1 47 1 47 1 47 1 47 1 47 1 47 1 47 1 47 1 47 1 47 1 47 1 47 1 47 1 47 1 47 1 47 1 47 1 47 1 47 1 47 1 47 1 47 1 47 1 47 1 47 1 47 1 47 1 47 1 47 1 47 1 47 1 47 1 47 1 47 1 47 1 47 1 47 1 47 1 47 1 47 1 47 1 47 1 47 1 47 1 47 1 47 1 47 1 47 1 47 1 47 1 47 1 47 1 47 1 47 1 47 1 47 1 47 1 47 1 47 1 47 1 47 1 47 1 45 1 45 1 45 1 45 1 45 1 45 1 45 1 45 1 45 1 45 1 45 1 45 1 45 1 45 1 45 1 45 1 45 1 45 1 45 1 45 1 45 1 45 1 45 1 45 1 45 1 45 1 45 1 45 1 45 1 45 1 45 1 45 1 45 1 45 1 45 1 45 1 45 1 45 1 45 1 45 1 45 1 45 1 45 1 45 1 45 1 45 1 45 1 45 1 45 1 45 1 45 1 45 1 45 1 45 1 45 1 45 1 45 1 45 1 45 1 45 1 45 1 45 1 45 1 45 1 45 1 45 1 45 1 45 1 45 1 45 1 45 1 45 1 45 1 45 1 45 1 45 1 45 1 45 1 45 1 45 1 45 1 45 1 45 1 45 1 45 1 45 1 15 7 16 15 15 7 16 15 15 7 16 15 15 7 16 15 15 7 16 15 15 7 16 15 15 7 16 15 15 7 16 15 15 7 16 15 15 7 16 15 15 7 16 15 15 7 16 15 15 7 16 15 15 7 16 15 15 7 16 15 15 7 16 15 15 7 16 15 15 7 16 15 15 7 16 15 15 7 16 15 15 7 16 15 15 7 16 15 15 7 16 15 15 7 16 15 15 7 16 15 15 7 16 15 15 7 16 15 15 7 16 15 15 7 16 15 15 7 16 15 15 7 16 15 15 7 16 15 15 7 16 15 15 7 16 15 15 7 16 15 15 7 16 15 15 7 16 15 15 7 16 15 15 7 16 15 15 7 16 15 15 7 16 15 15 7 16 15 15 7 16 15 15 7 16 15 15 7 16 15 15 7 16 15 15 7 16 15 15 7 16 15 15 7 16 15 15 7 16 15 15 7 16 15 15 7 16 15 15 7 16 15 15 7 16 15 15 7 16 15 15 7 16 15 15 7 16 15 15 7 16 15 15 7 16 15 15 7 16 15 15 7 16 15 15 7 16 15 15 7 16 15 15 7 16 15 15 7 16 15 15 7 16 15 15 7 16 15 15 7 16 15 15 7 16 15 15 7 16 15 15 7 16 15 15 7 16 15 15 7 16 15 15 7 16 15 15 7 16 15 15 7 16 15 15 7 16 15 15 7 16 15 15 7 16 15 15 7 16 15 15 7 16 15 15 7 16 15 15 7 16 15 15 7 16 15 15 7 16 15 15 7 16 15 21 1 20 6 21 25 20 11 21 28 20 23 21 5 20 8 21 24 21 1 20 17 21 9 20 25 21 6 19 1 20 13 21 18 20 17 21 9 19 1 20 8 21 24 20 6 21 25 21 1 21 1 20 13 21 18 20 17 21 9 20 17 21 9 19 1 19 1 22 1 20 11 22 28 20 6 22 25 20 23 22 5 20 8 22 24 22 1 20 17 22 9 20 25 22 6 19 1 20 13 22 18 20 17 22 9 19 1 20 8 22 24 22 1 22 1 20 6 22 25 20 13 22 18 20 17 22 9 20 17 22 9 19 1 19 1 19 1 20 25 22 6 20 17 22 9 20 1 20 13 22 18 20 13 22 18 20 19 22 16 20 19 22 16 20 9 22 17 20 9 22 17 20 8 22 24 20 8 22 24 20 14 22 20 20 14 22 20 20 26 22 2 20 26 22 2 19 1 20 1 20 17 22 9 20 28 22 11 20 1 20 13 22 18 20 18 22 13 20 19 22 16 20 2 22 26 20 9 22 17 22 1 20 8 22 24 20 3 22 27 20 14 22 20 20 24 22 8 20 26 22 2 20 26 22 2 20 1 20 25 22 6 20 13 22 18 20 19 22 16 20 9 22 17 20 8 22 24 20 14 22 20 20 26 22 2 19 1 19 1 19 1 19 1 19 1 19 1 19 7 20 15 19 1 19 1 19 1 19 1 19 1 19 1 19 7 20 15 19 1 19 1 19 1 20 1 20 1 20 1 20 1 19 1 19 1 20 1 19 1 20 1 19 1 19 1 19 1 20 1 20 1 19 1 19 1 20 1 20 1 20 1 20 1 19 1 19 1 20 1 19 1 20 1 19 1 19 1 19 1 20 1 20 1 19 1 19 1 19 1 19 1 19 1 19 1 19 1 19 7 20 15 19 1 19 1 19 1 19 1 19 7 20 15 19 1 19 1 19 1 19 1 20 17 21 9 20 13 21 18 20 13 21 18 20 25 21 6 20 19 21 16 20 19 21 16 20 9 21 17 20 9 21 17 20 8 21 24 20 8 21 24 20 14 21 20 20 14 21 20 20 26 21 2 20 26 21 2 19 1 19 1 20 1 20 1 20 17 21 9 20 1 20 28 21 11 20 13 21 18 20 18 21 13 20 19 21 16 20 2 21 26 20 9 21 17 21 1 20 8 21 24 20 3 21 27 20 14 21 20 20 24 21 8 20 26 21 2 20 26 21 2 20 1 20 25 21 6 20 13 21 18 20 19 21 16 20 9 21 17 20 8 21 24 20 14 21 20 20 26 21 2 19 1 19 1 9 7 10 15 9 7 10 15 9 7 10 15 9 7 10 15 9 7 10 15 9 7 10 15 9 7 10 15 9 7 10 15 9 7 10 15 9 7 10 15 9 7 10 15 9 7 10 15 9 7 10 15 9 7 10 15 9 7 10 15 9 7 10 15 9 7 10 15 9 7 10 15 9 7 10 15 9 7 10 15 9 7 10 15 9 7 10 15 9 7 10 15 9 7 10 15 9 7 10 15 9 7 10 15 9 7 10 15 9 7 10 15 9 7 10 15 9 7 10 15 9 7 10 15 9 7 10 15 9 7 10 15 9 7 10 15 9 7 10 15 9 7 10 15 9 7 10 15 9 7 10 15 9 7 10 15 9 7 10 15 9 7 10 15 9 7 10 15 9 7 10 15 9 7 10 15 9 7 10 15 9 7 10 15 9 7 10 15 9 7 10 15 9 7 10 15 9 7 10 15 9 7 10 15 9 7 10 15 9 7 10 15 9 7 10 15 9 7 10 15 9 7 10 15 9 7 10 15 9 7 10 15 9 7 10 15 9 7 10 15 9 7 10 15 9 7 10 15 9 7 10 15 9 7 10 15 9 7 10 15 9 7 10 15 9 7 10 15 9 7 10 15 9 7 10 15 9 7 10 15 9 7 10 15 9 7 10 15 9 7 10 15 9 7 10 15 9 7 10 15 9 7 10 15 9 7 10 15 9 7 10 15 9 7 10 15 9 7 10 15 9 7 10 15 9 7 10 15 9 7 10 15 9 7 10 15 9 7 10 15 9 7 10 15 8 1 8 1 8 17 9 9 8 17 9 9 8 1 8 29 9 10 8 1 8 17 9 9 8 1 8 29 9 10 8 21 9 4 8 1 8 21 9 4 8 1 8 1 8 21 9 4 8 1 8 29 9 10 8 13 9 18 8 15 9 7 8 6 9 25 8 13 9 18 8 17 9 9 8 13 9 18 8 17 9 9 8 13 9 18 8 17 9 9 8 13 9 18 8 15 9 7 8 13 9 18 8 13 9 18 8 6 9 25 8 6 9 25 8 13 9 18 8 13 9 18 8 15 9 7 9 1 9 1 9 1 9 1 9 1 9 1 9 1 9 1 9 1 9 1 9 1 9 1 9 1 9 1 9 1 9 1 9 1 9 1 9 1 9 1 9 1 9 1 9 1 9 1 9 1 9 1 9 1 9 1 9 1 9 1 9 1 9 1 9 1 9 1 9 1 9 1 9 1 9 1 9 1 9 1 8 1 8 1 8 1 8 1 8 1 8 1 8 1 8 1 8 1 10 1 10 1 10 1 10 1 10 1 10 1 10 1 10 1 10 1 10 1 10 1 10 1 10 1 10 1 10 1 10 1 10 1 9 7 10 15 9 7 10 15 9 1 9 1 9 7 10 15 9 1 9 1 9 7 10 15 9 1 9 7 10 15 9 7 10 15 9 7 10 15 9 1 9 1 9 7 10 15 9 1 9 7 10 15 9 1 10 1 10 1 10 1 10 1 10 1 10 1 10 1 10 1 10 1 10 1 10 1 10 1 10 1 10 1 10 1 10 1 10 1 10 1 10 1 10 1 10 1 10 1 10 1 10 1 10 1 10 1 10 1 9 1 9 1 9 1 9 1 9 1 9 1 9 1 9 1 9 1 9 1 9 1 9 1 9 1 9 1 9 1 9 1 9 1 9 1 10 1 10 1 15 7 16 15 15 7 16 15 15 7 16 15 15 7 16 15 15 7 16 15 15 7 16 15 15 7 16 15 15 7 16 15 15 7 16 15 15 7 16 15 15 7 16 15 15 7 16 15 15 7 16 15 15 7 16 15 15 7 16 15 15 7 16 15 15 7 16 15 15 7 16 15 15 7 16 15 15 7 16 15 15 7 16 15 15 7 16 15 15 7 16 15 15 7 16 15 14 1 14 17 15 9 14 17 15 9 14 1 14 1 14 29 15 10 14 1 14 17 15 9 14 1 14 29 15 10 14 21 15 4 14 1 14 21 15 4 14 1 14 1 14 21 15 4 14 1 14 29 15 10 14 13 15 18 14 15 15 7 14 6 15 25 14 13 15 18 14 17 15 9 14 13 15 18 14 17 15 9 14 13 15 18 14 17 15 9 14 13 15 18 14 15 15 7 14 13 15 18 14 13 15 18 14 6 15 25 14 6 15 25 14 13 15 18 14 13 15 18 14 15 15 7 15 1 15 1 15 1 15 1 15 1 15 1 15 1 15 1 15 1 15 1 15 1 15 1 15 1 15 1 15 1 15 1 15 1 15 1 15 1 15 1 15 1 15 1 15 1 15 1 15 1 15 1 15 1 15 1 15 1 15 1 15 1 15 1 15 1 15 1 15 1 15 1 15 1 15 1 15 1 15 1 14 1 14 1 14 1 14 1 14 1 14 1 14 1 14 1 14 1 16 1 16 1 16 1 16 1 16 1 16 1 16 1 16 1 16 1 16 1 16 1 16 1 16 1 16 1 16 1 16 1 16 1 15 7 16 15 15 7 16 15 15 1 15 1 15 7 16 15 15 1 15 1 15 7 16 15 15 1 15 7 16 15 15 7 16 15 15 7 16 15 15 1 15 1 15 7 16 15 15 1 15 7 16 15 15 1 16 1 16 1 16 1 16 1 16 1 16 1 16 1 16 1 16 1 16 1 16 1 16 1 16 1 16 1 16 1 16 1 16 1 16 1 16 1 16 1 16 1 16 1 16 1 16 1 16 1 16 1 16 1 15 1 15 1 15 1 15 1 15 1 15 1 15 1 15 1 15 1 15 1 15 1 15 1 15 1 15 1 15 1 15 1 15 1 15 1 16 1 16 1 25 1 25 1 25 1 25 1 25 1 25 1 25 1 25 1 25 1 25 1 25 1 25 1 25 1 25 1 25 1 25 1 25 1 25 1 25 1 25 1 25 1 25 1 25 1 25 1 25 1 19 4 25 21 19 4 25 21 19 4 25 21 19 2 25 26 19 2 25 26 25 1 19 12 25 31 19 6 25 25 19 12 25 31 19 11 25 28 19 19 25 16 19 19 25 16 19 7 25 15 19 23 25 5 19 13 25 18 19 8 25 24 19 13 25 18 19 5 25 23 19 24 25 8 19 23 25 5 19 5 25 23 19 27 25 3 19 27 25 3 19 24 25 8 18 8 19 19 25 19 18 9 19 5 25 9 18 7 19 20 25 19 18 14 19 2 25 9 18 24 19 9 25 11 18 14 19 2 25 9 18 17 25 9 18 25 19 10 25 10 18 25 19 10 25 10 18 27 19 11 25 2 18 24 19 19 25 10 18 29 19 12 25 22 18 29 19 10 18 29 19 10 18 28 19 12 25 12 18 29 19 10 18 29 19 10 18 29 19 10 18 29 19 10 18 26 19 2 18 30 25 22 18 1 18 31 25 12 18 1 18 1 18 30 25 22 18 21 25 4 18 30 25 22 18 21 25 4 18 31 25 12 18 31 25 12 18 31 25 12 18 28 25 11 18 28 25 11 18 26 25 2 18 28 25 11 18 27 19 10 25 9 18 14 19 4 25 7 18 28 25 11 18 27 19 10 25 9 18 18 19 6 25 6 18 23 19 6 25 19 18 18 19 6 25 6 18 19 19 9 25 18 18 8 19 6 25 7 18 19 19 9 25 18 19 23 25 5 19 23 25 5 18 19 19 9 25 18 19 23 25 5 19 8 25 24 19 8 25 24 19 23 25 5 19 2 25 26 19 9 25 17 19 7 25 15 19 9 25 17 19 10 25 29 19 9 25 17 19 2 25 26 19 2 25 26 19 10 25 29 19 4 25 21 19 10 25 29 25 1 25 1 25 1 52 1 52 1 52 1 52 1 52 1 52 1 52 1 52 1 52 1 52 1 52 1 52 1 52 1 52 1 52 1 52 1 52 1 52 1 52 1 52 1 52 1 52 1 52 1 52 1 52 1 19 4 52 21 19 4 52 21 19 4 52 21 19 2 52 26 19 2 52 26 52 1 19 6 52 25 19 12 52 31 19 12 52 31 19 11 52 28 19 19 52 16 19 19 52 16 19 7 52 15 19 23 52 5 19 13 52 18 19 8 52 24 19 13 52 18 19 5 52 23 19 24 52 8 19 23 52 5 19 5 52 23 19 27 52 3 19 24 52 8 18 8 19 19 52 19 18 9 19 5 52 9 18 7 19 20 52 19 18 14 19 2 52 9 19 27 52 3 18 24 19 9 52 11 18 14 19 2 52 9 18 17 52 9 18 25 19 10 52 10 18 24 19 19 52 10 18 27 19 11 52 2 18 25 19 10 52 10 18 29 19 10 18 29 19 10 18 28 19 12 52 12 18 29 19 10 18 29 19 10 18 29 19 10 18 29 19 10 18 29 19 10 18 26 19 2 18 30 52 22 18 31 52 12 18 1 18 1 18 1 18 30 52 22 18 21 52 4 18 30 52 22 18 21 52 4 18 31 52 12 18 31 52 12 18 31 52 12 18 28 52 11 18 28 52 11 18 26 52 2 18 28 52 11 18 27 19 10 52 9 18 14 19 4 52 7 18 28 52 11 18 27 19 10 52 9 18 18 19 6 52 6 18 23 19 6 52 19 18 18 19 6 52 6 18 19 19 9 52 18 18 8 19 6 52 7 18 19 19 9 52 18 19 23 52 5 19 23 52 5 18 19 19 9 52 18 19 23 52 5 19 8 52 24 19 8 52 24 19 23 52 5 19 2 52 26 19 9 52 17 19 7 52 15 19 9 52 17 19 10 52 29 19 9 52 17 19 2 52 26 19 2 52 26 19 10 52 29 19 4 52 21 19 10 52 29 52 1 52 1 52 1 4 9 5 17 4 9 5 17 4 9 5 17 4 9 5 17 4 2 5 26 4 2 5 26 4 2 5 26 4 9 5 17 4 6 5 25 4 2 5 26 4 9 5 17 4 9 5 17 4 9 5 17 4 19 5 16 4 19 5 16 4 9 5 17 4 19 5 16 4 9 5 17 4 6 5 25 4 19 5 16 5 14 6 2 7 9 4 11 5 28 4 2 5 27 7 11 5 24 6 2 7 6 5 23 6 9 7 7 5 8 6 7 7 6 5 8 6 7 7 6 5 7 6 9 7 23 5 9 6 6 7 13 5 20 6 2 7 23 5 6 6 11 7 5 5 9 6 6 7 13 6 9 7 17 5 2 6 11 7 27 6 2 7 26 6 2 7 26 6 2 7 26 6 9 7 17 6 9 7 17 6 9 7 17 6 9 7 17 6 9 7 17 2 4 6 6 7 15 6 2 7 26 6 2 7 26 6 2 7 26 3 4 6 11 7 25 3 10 6 2 7 16 3 22 6 2 7 28 3 4 6 9 7 16 3 12 6 9 7 15 3 11 6 6 7 5 3 6 6 19 7 23 3 6 6 19 7 23 3 7 6 9 7 23 2 2 3 8 7 8 3 19 6 6 7 23 3 3 6 11 7 23 2 2 3 8 7 8 2 6 3 23 7 19 2 10 3 23 7 8 2 9 3 23 7 7 2 6 3 18 7 6 2 6 3 5 7 11 2 19 3 23 7 6 2 19 3 23 7 6 2 19 3 5 7 2 2 19 3 24 6 10 2 6 3 5 7 11 2 6 3 24 7 2 2 19 3 24 6 10 2 9 3 16 6 4 2 9 3 15 7 12 2 9 3 16 6 4 2 11 3 25 6 4 2 2 3 26 2 9 3 17 2 9 3 17 4 9 5 17 4 9 5 17 4 9 5 17 4 9 5 17 4 2 5 26 4 2 5 26 4 2 5 26 4 9 5 17 4 6 5 25 4 2 5 26 4 9 5 17 4 9 5 17 4 9 5 17 4 19 5 16 4 19 5 16 4 9 5 17 4 19 5 16 4 9 5 17 4 6 5 25 4 19 5 16 5 14 12 2 13 9 4 11 5 28 4 2 5 27 13 11 5 24 12 2 13 6 5 23 12 9 13 7 5 8 12 7 13 6 5 8 12 7 13 6 5 7 12 9 13 23 5 9 12 6 13 13 5 20 12 2 13 23 5 6 12 11 13 5 5 9 12 6 13 13 12 9 13 17 5 2 12 11 13 27 12 2 13 26 12 2 13 26 12 2 13 26 12 9 13 17 12 9 13 17 12 9 13 17 12 9 13 17 12 9 13 17 2 4 12 6 13 15 12 2 13 26 12 2 13 26 12 2 13 26 3 4 12 11 13 25 3 10 12 2 13 16 3 22 12 2 13 28 3 4 12 9 13 16 3 12 12 9 13 15 3 11 12 6 13 5 3 6 12 19 13 23 3 6 12 19 13 23 3 7 12 9 13 23 2 2 3 8 13 8 3 19 12 6 13 23 3 3 12 11 13 23 2 2 3 8 13 8 2 6 3 23 13 19 2 10 3 23 13 8 2 9 3 23 13 7 2 6 3 18 13 6 2 6 3 5 13 11 2 19 3 23 13 6 2 19 3 23 13 6 2 19 3 5 13 2 2 19 3 24 12 10 2 6 3 5 13 11 2 6 3 24 13 2 2 19 3 24 12 10 2 9 3 16 12 4 2 9 3 15 13 12 2 9 3 16 12 4 2 11 3 25 12 4 2 2 3 26 2 9 3 17 2 9 3 17 25 1 25 1 25 1 25 1 25 1 25 1 25 1 25 1 25 1 25 1 25 1 25 1 25 1 25 1 25 1 25 1 25 1 25 1 25 1 25 1 25 1 25 1 25 1 25 1 25 1 19 4 25 21 19 2 25 26 19 2 25 26 19 4 25 21 19 4 25 21 25 1 19 12 25 31 19 12 25 31 19 9 25 17 19 11 25 28 19 6 25 25 19 23 25 5 19 13 25 18 19 19 25 16 19 19 25 16 19 8 25 24 19 13 25 18 19 23 25 5 19 5 25 23 19 24 25 8 19 5 25 23 18 19 19 7 25 20 18 18 19 19 25 9 18 9 19 5 25 9 18 7 19 20 25 19 18 14 19 2 25 9 18 14 19 2 25 9 19 27 25 3 19 27 25 3 18 24 19 9 25 11 18 17 25 9 18 27 19 11 25 2 18 24 19 19 25 10 18 25 19 10 25 10 18 25 19 10 25 10 18 26 19 12 25 4 18 29 19 10 18 28 19 12 25 12 18 29 19 10 18 29 19 10 18 29 19 10 18 29 19 10 18 29 19 10 18 26 19 2 18 30 25 22 18 31 25 12 18 1 18 1 18 1 18 30 25 22 18 30 25 22 18 21 25 4 18 21 25 4 18 31 25 12 18 28 25 11 18 28 25 11 18 31 25 12 18 31 25 12 18 26 25 2 18 28 25 11 18 28 25 11 18 27 19 10 25 9 18 14 19 4 25 7 18 27 19 10 25 9 18 18 19 6 25 6 18 19 19 9 25 18 18 18 19 6 25 6 18 23 19 6 25 19 18 8 19 6 25 7 18 19 19 9 25 18 18 19 19 9 25 18 19 23 25 5 19 23 25 5 19 23 25 5 19 23 25 5 19 2 25 26 19 9 25 17 19 8 25 24 19 8 25 24 19 7 25 15 19 9 25 17 19 9 25 17 19 10 25 29 19 2 25 26 19 10 25 29 25 1 19 4 25 21 19 10 25 29 19 2 25 26 25 1 25 1 52 1 52 1 52 1 52 1 52 1 52 1 52 1 52 1 52 1 52 1 52 1 52 1 52 1 52 1 52 1 52 1 52 1 52 1 52 1 52 1 52 1 52 1 52 1 52 1 52 1 19 4 52 21 19 2 52 26 19 2 52 26 19 4 52 21 19 4 52 21 52 1 19 12 52 31 19 12 52 31 19 9 52 17 19 11 52 28 19 6 52 25 19 23 52 5 19 13 52 18 19 19 52 16 19 19 52 16 19 8 52 24 19 13 52 18 19 23 52 5 19 5 52 23 19 24 52 8 19 5 52 23 18 19 19 7 52 20 18 18 19 19 52 9 18 9 19 5 52 9 18 7 19 20 52 19 18 14 19 2 52 9 18 14 19 2 52 9 19 27 52 3 19 27 52 3 18 24 19 9 52 11 18 17 52 9 18 27 19 11 52 2 18 24 19 19 52 10 18 25 19 10 52 10 18 25 19 10 52 10 18 26 19 12 52 4 18 29 19 10 18 28 19 12 52 12 18 29 19 10 18 29 19 10 18 29 19 10 18 29 19 10 18 29 19 10 18 26 19 2 18 30 52 22 18 1 18 31 52 12 18 1 18 1 18 30 52 22 18 30 52 22 18 21 52 4 18 21 52 4 18 31 52 12 18 28 52 11 18 28 52 11 18 31 52 12 18 31 52 12 18 26 52 2 18 28 52 11 18 28 52 11 18 27 19 10 52 9 18 14 19 4 52 7 18 27 19 10 52 9 18 18 19 6 52 6 18 19 19 9 52 18 18 18 19 6 52 6 18 23 19 6 52 19 18 8 19 6 52 7 18 19 19 9 52 18 18 19 19 9 52 18 19 23 52 5 19 23 52 5 19 23 52 5 19 23 52 5 19 2 52 26 19 9 52 17 19 8 52 24 19 8 52 24 19 7 52 15 19 9 52 17 19 9 52 17 19 10 52 29 19 2 52 26 19 10 52 29 52 1 19 4 52 21 19 10 52 29 19 2 52 26 52 1 52 1 4 9 5 17 4 9 5 17 4 9 5 17 4 9 5 17 4 2 5 26 4 9 5 17 4 6 5 25 4 2 5 26 4 9 5 17 4 19 5 16 4 6 5 25 4 19 5 16 4 7 5 15 4 6 5 25 4 7 5 15 5 14 6 2 7 9 4 11 5 28 4 2 5 27 7 11 5 8 6 7 7 6 5 8 6 7 7 6 5 7 6 6 7 8 5 9 6 6 7 13 5 6 6 11 7 5 5 9 6 6 7 13 6 9 7 17 5 2 6 11 7 27 6 2 7 26 6 9 7 17 6 9 7 17 6 2 7 26 6 2 7 26 5 24 6 2 7 6 5 23 6 9 7 7 5 20 6 2 7 23 6 9 7 17 6 9 7 17 6 9 7 17 2 4 6 6 7 15 6 2 7 26 2 4 6 9 7 16 2 4 6 6 7 15 3 22 6 2 7 28 3 4 6 9 7 16 3 6 6 19 7 23 3 6 6 19 7 23 3 7 6 9 7 23 2 2 3 8 7 8 3 3 6 11 7 23 2 2 3 8 7 8 2 6 3 23 7 19 2 10 3 23 7 8 2 9 3 23 7 7 2 19 3 23 7 6 2 19 3 23 7 6 2 6 3 24 7 2 2 19 3 24 6 10 2 6 3 24 7 2 2 6 3 18 7 6 2 6 3 5 7 11 2 6 3 5 7 11 2 19 3 24 6 10 2 9 3 16 6 4 2 9 3 15 7 12 2 9 3 16 6 4 2 9 3 17 2 9 3 17 2 11 3 25 6 4 2 2 3 26 4 2 5 26 4 2 5 26 4 9 5 17 4 9 5 17 4 9 5 17 6 2 7 26 6 2 7 26 3 11 6 6 7 5 3 12 6 9 7 15 3 19 6 6 7 23 4 9 5 17 4 9 5 17 4 9 5 17 4 9 5 17 4 2 5 26 4 9 5 17 4 6 5 25 4 2 5 26 4 9 5 17 4 19 5 16 4 6 5 25 4 19 5 16 4 7 5 15 4 6 5 25 4 7 5 15 5 14 12 2 13 9 4 11 5 28 4 2 5 27 13 11 5 8 12 7 13 6 5 8 12 7 13 6 5 7 12 6 13 8 5 9 12 6 13 13 5 6 12 11 13 5 5 9 12 6 13 13 12 9 13 17 5 2 12 11 13 27 12 2 13 26 12 9 13 17 12 9 13 17 12 2 13 26 12 2 13 26 5 24 12 2 13 6 5 23 12 9 13 7 5 20 12 2 13 23 12 9 13 17 12 9 13 17 12 9 13 17 2 4 12 6 13 15 12 2 13 26 2 4 12 9 13 16 2 4 12 6 13 15 3 22 12 2 13 28 3 4 12 9 13 16 3 6 12 19 13 23 3 6 12 19 13 23 3 7 12 9 13 23 2 2 3 8 13 8 3 3 12 11 13 23 3 19 12 6 13 23 2 2 3 8 13 8 2 6 3 23 13 19 2 10 3 23 13 8 2 9 3 23 13 7 2 19 3 23 13 6 2 19 3 23 13 6 2 6 3 24 13 2 2 19 3 24 12 10 2 6 3 24 13 2 2 6 3 18 13 6 2 6 3 5 13 11 2 6 3 5 13 11 2 19 3 24 12 10 2 9 3 16 12 4 2 9 3 15 13 12 2 9 3 16 12 4 2 9 3 17 2 9 3 17 2 11 3 25 12 4 2 2 3 26 4 2 5 26 4 2 5 26 4 9 5 17 4 9 5 17 4 9 5 17 12 2 13 26 12 2 13 26 3 11 12 6 13 5 3 12 12 9 13 15 4 9 5 17 4 9 5 17 4 5 5 23 4 5 5 23 4 19 5 16 4 14 5 20 4 7 5 15 5 9 12 6 13 13 5 8 12 7 13 6 4 3 12 19 13 3 4 14 5 20 4 7 5 15 12 9 13 17 12 5 13 23 2 4 12 6 13 15 12 9 13 17 12 5 13 23 1 2 12 8 13 8 3 6 12 19 13 23 2 2 3 8 13 8 2 13 12 18 2 19 3 24 12 10 2 19 3 23 13 6 1 2 2 20 3 23 2 13 12 18 2 2 3 8 13 8 2 9 3 17 2 5 3 23 1 3 2 8 3 9 1 4 2 21 2 5 3 23 1 2 2 20 3 23 2 13 12 18 1 5 2 6 12 11 1 1 4 5 5 23 4 1 4 1 4 5 5 23 4 14 5 20 4 17 12 9 1 1 4 14 5 20 4 17 12 9 4 13 12 18 4 3 12 19 13 3 12 5 13 23 12 1 1 1 12 5 13 23 12 1 1 3 12 23 13 11 1 2 12 8 13 8 2 13 12 18 1 5 2 6 12 11 1 1 4 9 5 17 4 5 5 23 4 5 5 23 4 9 5 17 4 19 5 16 4 14 5 20 4 7 5 15 5 9 6 6 7 13 4 3 6 19 7 3 5 8 6 7 7 6 4 14 5 20 4 7 5 15 6 9 7 17 6 5 7 23 2 4 6 6 7 15 1 2 6 8 7 8 6 5 7 23 6 9 7 17 3 6 6 19 7 23 2 2 3 8 7 8 2 18 6 13 2 19 3 24 6 10 1 2 2 20 3 23 2 19 3 23 7 6 2 18 6 13 2 2 3 8 7 8 2 9 3 17 2 5 3 23 2 5 3 23 1 4 2 21 1 3 2 8 3 9 1 2 2 20 3 23 2 18 6 13 1 5 2 6 6 11 1 1 4 5 5 23 4 5 5 23 4 1 4 1 4 14 5 20 4 17 6 9 1 1 4 14 5 20 4 3 6 19 7 3 4 13 6 18 4 17 6 9 6 5 7 23 6 1 1 1 6 5 7 23 1 2 6 8 7 8 1 3 6 23 7 11 6 1 2 18 6 13 1 5 2 6 6 11 1 1 1 6 4 25 1 7 4 15 1 8 4 24 1 6 4 25 1 9 4 17 1 9 4 17 1 10 4 17 5 12 1 10 4 15 5 11 1 9 4 17 1 10 4 17 5 12 1 10 4 15 5 11 1 11 4 24 5 9 1 10 4 27 5 9 1 10 4 15 5 11 1 10 4 15 5 11 1 11 4 24 5 9 1 10 4 27 5 9 1 10 4 27 5 9 1 12 4 24 5 7 1 10 4 27 5 9 1 12 4 24 5 7 4 24 5 8 4 24 5 8 4 14 5 20 4 18 5 13 4 13 5 18 4 13 5 18 4 5 5 23 4 18 5 13 4 13 5 18 4 8 5 24 4 23 5 5 4 23 5 5 4 8 5 24 4 8 5 24 4 8 5 24 4 20 5 14 4 3 5 27 4 8 5 24 4 20 5 14 4 3 5 27 1 13 4 18 1 14 4 11 18 11 1 8 4 24 1 15 18 7 1 8 18 24 1 8 18 24 1 14 4 11 18 11 1 14 4 11 18 11 1 15 18 7 1 8 18 24 1 8 18 24 18 1 1 8 18 24 18 1 18 26 19 2 4 23 5 5 4 23 5 5 4 18 5 13 1 13 4 18 1 14 4 11 18 11 1 14 4 11 18 11 1 8 4 24 1 7 4 15 1 13 4 18 1 15 18 7 1 8 18 24 1 14 4 11 18 11 4 23 5 5 4 18 5 13 4 18 5 13 4 3 5 27 4 19 5 16 4 3 5 27 1 6 4 25 1 8 4 24 1 7 4 15 1 6 4 25 1 9 4 17 1 7 4 15 1 10 4 17 5 12 1 10 4 15 5 11 1 9 4 17 1 10 4 17 5 12 1 10 4 15 5 11 1 11 4 24 5 9 1 10 4 15 5 11 1 10 4 15 5 11 1 10 4 27 5 9 1 11 4 24 5 9 1 10 4 27 5 9 1 10 4 27 5 9 4 24 5 8 4 13 5 18 4 18 5 13 4 24 5 8 4 13 5 18 1 12 4 24 5 7 4 24 5 8 1 12 4 24 5 7 1 10 4 27 5 9 1 11 4 24 5 9 4 5 5 23 4 8 5 24 4 23 5 5 4 23 5 5 4 8 5 24 4 8 5 24 4 8 5 24 4 20 5 14 4 3 5 27 4 8 5 24 4 20 5 14 4 3 5 27 1 13 4 18 1 8 4 24 1 16 4 10 18 2 1 13 4 18 1 14 4 11 18 11 1 13 4 18 1 7 4 15 1 15 18 7 1 8 18 24 1 8 18 24 1 16 4 10 18 2 1 15 18 7 1 14 4 11 18 11 1 8 18 24 18 1 1 8 18 24 1 8 18 24 18 26 19 2 18 1 4 18 5 13 4 13 5 18 4 18 5 13 4 23 5 5 4 18 5 13 4 18 5 13 4 23 5 5 1 15 18 7 1 16 4 10 18 2 1 8 18 24 4 3 5 27 4 3 5 27 4 19 5 16 19 9 50 17 50 29 52 10 19 10 50 29 19 13 50 18 50 29 52 10 19 19 50 8 52 19 52 1 19 9 52 17 19 9 52 17 19 9 52 17 19 9 52 17 19 7 50 15 19 9 52 17 19 24 50 8 19 8 52 24 52 1 52 1 52 1 52 1 52 1 19 9 52 17 19 2 52 26 19 29 52 10 19 29 50 10 19 23 52 5 19 24 52 8 18 9 19 5 52 9 18 20 19 5 52 4 18 15 19 7 18 26 19 2 19 1 19 1 18 24 19 19 52 10 19 1 19 1 19 25 50 6 19 1 19 1 18 8 19 24 18 15 19 7 18 26 19 2 18 24 19 19 52 10 18 9 19 5 52 9 19 24 52 8 19 23 52 5 19 2 52 26 52 1 52 1 52 1 52 1 52 1 19 9 52 17 19 23 52 5 19 13 52 18 18 19 19 18 52 9 19 15 50 7 18 8 19 24 18 27 19 19 52 4 18 15 19 7 18 8 19 24 19 18 50 19 52 9 19 9 52 17 19 8 50 24 19 1 18 1 18 17 19 10 52 12 18 27 52 3 18 21 52 4 18 31 52 12 18 1 18 28 52 11 18 14 19 4 52 7 19 23 52 5 18 28 52 11 18 31 52 12 18 1 19 1 19 21 50 4 19 27 50 3 19 24 50 8 19 24 50 8 19 27 50 3 19 24 50 8 19 7 50 15 19 13 50 18 19 25 50 6 19 1 19 1 19 25 50 6 19 27 50 3 19 27 50 3 19 1 19 1 19 1 19 24 50 8 19 13 50 18 19 24 50 8 19 13 50 18 19 7 50 15 19 1 19 9 50 17 19 9 50 17 19 7 50 15 19 10 50 29 19 10 50 29 19 9 50 17 19 9 50 17 19 1 19 1 19 13 50 18 19 13 50 18 19 28 50 11 19 28 50 11 19 1 19 21 50 4 19 21 50 4 19 1 19 1 19 1 19 1 19 1 19 1 19 9 50 17 19 7 50 15 50 29 52 10 19 13 50 18 19 21 50 4 19 28 50 11 19 21 50 4 19 1 19 1 19 1 19 1 19 1 19 28 50 11 19 21 50 4 19 21 50 4 19 13 50 18 19 9 50 17 19 13 50 18 50 29 52 10 19 9 50 17 19 24 50 8 19 13 50 18 19 24 50 8 19 27 50 3 19 1 19 1 19 1 19 1 19 1 19 1 19 1 19 1 19 1 19 1 19 1 19 1 19 1 19 1 19 1 19 1 19 1 19 1 19 1 19 1 19 1 19 1 19 1 19 1 19 1 19 1 19 1 19 1 19 1 19 1 19 1 19 1 19 1 19 1 19 1 19 1 19 1 19 1 19 1 18 1 18 27 19 19 52 4 18 15 19 7 18 21 52 4 18 31 52 12 18 1 18 17 19 10 52 12 18 19 19 18 52 9 18 28 52 11 18 14 19 4 52 7 19 23 52 5 19 13 52 18 19 9 52 17 19 9 52 17 52 1 19 9 52 17 52 1 19 9 52 17 52 1 19 9 52 17 52 1 19 9 52 17 52 1 19 2 52 26 19 13 52 18 19 23 52 5 19 29 52 10 19 24 52 8 18 9 19 5 52 9 18 20 19 5 52 4 18 24 19 19 52 10 18 26 19 2 19 13 51 18 19 6 51 25 19 13 52 18 19 6 51 25 18 14 19 6 51 10 18 14 19 6 51 10 19 29 52 10 18 26 19 2 18 26 19 2 18 29 19 10 18 29 19 10 18 26 19 2 18 29 19 10 1 8 18 24 1 8 18 24 1 17 18 9 1 17 18 9 1 8 18 24 1 17 18 9 1 8 18 24 1 17 18 9 1 8 18 24 1 17 18 9 18 26 19 2 18 26 19 2 1 16 4 10 18 2 1 8 4 24 18 27 19 19 52 4 18 15 19 7 18 19 19 18 52 9 18 14 19 6 51 10 19 13 52 18 19 13 51 18 19 6 51 25 19 9 52 17 1 18 12 13 1 19 12 16 4 19 12 16 1 7 4 15 1 19 12 16 4 12 5 11 12 16 1 2 12 16 13 10 12 5 13 23 4 2 5 9 12 14 5 9 12 6 13 13 2 6 12 5 13 11 2 9 12 8 13 3 1 6 2 9 12 13 1 18 12 13 2 5 3 11 12 6 2 8 3 3 12 9 1 6 2 13 12 9 1 18 2 13 1 19 2 16 1 2 2 16 3 10 1 19 2 16 2 4 12 6 13 15 2 2 3 8 13 8 2 5 3 23 2 19 3 24 12 10 2 9 3 17 2 9 3 17 2 19 3 24 12 10 2 19 3 23 13 6 2 19 3 23 13 6 2 2 3 8 13 8 3 6 12 19 13 23 3 6 12 19 13 23 2 4 12 6 13 15 12 9 13 17 12 9 13 17 5 9 12 6 13 13 5 8 12 7 13 6 5 8 12 7 13 6 4 19 5 16 4 3 5 27 4 8 5 24 4 23 5 5 4 18 5 13 4 24 5 8 1 11 4 24 5 9 1 10 4 15 5 11 51 9 53 17 53 1 53 1 51 9 53 17 51 9 53 17 53 1 51 9 53 17 53 1 51 9 53 17 53 1 51 8 53 24 51 8 53 24 51 15 53 7 51 15 53 7 51 8 53 24 51 15 53 7 51 15 53 7 51 8 53 24 51 15 53 7 51 8 53 24 19 9 52 17 19 9 52 17 19 9 52 17 19 6 51 25 19 6 51 25 53 1 53 1 53 1 53 1 53 1 53 1 53 1 53 1 53 1 51 9 53 17 53 1 53 1 51 9 53 17 51 9 53 17 53 1 51 9 53 17 53 1 51 9 53 17 53 1 51 8 53 24 51 8 53 24 51 15 53 7 51 15 53 7 51 8 53 24 51 15 53 7 51 8 53 24 51 15 53 7 51 8 53 24 51 15 53 7 19 9 52 17 19 9 52 17 19 9 52 17 19 6 51 25 19 6 51 25 1 5 4 19 18 2 1 8 18 24 1 8 18 24 1 14 4 11 18 11 18 26 19 2 18 26 19 2 18 15 19 7 18 15 19 7 18 8 19 24 18 8 19 24 19 1 19 1 1 19 4 16 1 8 4 24 1 10 4 15 5 11 1 10 4 15 5 11 4 28 5 11 4 27 5 3 4 23 5 5 4 5 5 23 4 9 5 17 4 7 5 15 4 9 5 17 4 9 5 17 4 9 5 17 4 19 5 16 1 9 4 17 1 8 4 24 1 14 4 11 18 11 1 10 4 15 5 11 4 18 5 13 4 14 5 20 1 11 4 24 5 9 4 3 5 27 4 8 5 24 4 23 5 5 4 19 5 16 18 20 19 5 52 4 18 26 19 2 1 8 18 24 19 9 52 17 53 1 53 1 53 1 53 1 53 1 53 1 53 1 53 1 53 1 53 1 53 1 53 1 53 1 53 1 53 1 53 1 53 1 53 1 53 1 53 1 53 1 53 1 53 1 53 1 53 1 53 1 53 1 53 1 53 1 19 1 19 1 19 1 19 1 19 1 19 1 19 1 19 1 19 1 19 1 19 1 19 1 19 1 19 1 19 1 19 1 19 1 19 1 19 1 19 1 19 1 19 1 19 1 19 1 19 1 19 1 19 1 19 1 19 1 19 1 19 1 19 1 19 21 50 4 19 1 19 21 50 4 19 13 50 18 19 28 50 11 19 13 50 18 50 29 52 10 19 9 50 17 19 10 50 29 19 9 50 17 19 7 50 15 19 7 50 15 19 13 50 18 19 7 50 15 19 7 50 15 19 27 50 3 19 25 50 6 19 27 50 3 19 9 23 17 19 10 23 29 23 29 25 10 19 13 23 18 19 19 23 8 25 19 23 29 25 10 25 1 19 9 25 17 19 9 25 17 25 1 19 9 25 17 25 1 19 9 25 17 19 7 23 15 19 24 23 8 19 8 25 24 25 1 19 2 25 26 19 29 25 10 19 29 23 10 19 23 25 5 19 24 25 8 18 9 19 5 25 9 18 20 19 5 25 4 18 15 19 7 18 26 19 2 19 1 19 1 18 24 19 19 25 10 19 25 23 6 19 1 19 1 19 1 19 1 18 8 19 24 18 15 19 7 18 26 19 2 18 24 19 19 25 10 18 9 19 5 25 9 19 24 25 8 19 23 25 5 19 2 25 26 25 1 25 1 25 1 25 1 25 1 25 1 25 1 19 9 25 17 19 9 25 17 19 23 25 5 19 13 25 18 19 9 25 17 19 18 23 19 25 9 19 15 23 7 18 19 19 18 25 9 18 8 19 24 18 27 19 19 25 4 18 15 19 7 18 8 19 24 19 8 23 24 19 1 18 1 18 17 19 10 25 12 18 27 19 22 25 7 18 21 25 4 18 31 25 12 18 1 18 28 25 11 18 14 19 4 25 7 19 23 25 5 18 28 25 11 18 31 25 12 18 1 19 1 19 21 23 4 19 9 25 17 19 27 23 3 19 24 23 8 19 24 23 8 19 27 23 3 19 24 23 8 19 13 23 18 19 7 23 15 19 25 23 6 19 25 23 6 19 1 19 1 19 27 23 3 19 27 23 3 19 1 19 1 19 1 19 24 23 8 19 13 23 18 19 24 23 8 19 13 23 18 19 7 23 15 19 1 19 9 23 17 19 9 23 17 19 7 23 15 19 10 23 29 19 10 23 29 19 9 23 17 19 9 23 17 19 1 19 1 19 13 23 18 19 13 23 18 19 28 23 11 19 28 23 11 19 1 19 21 23 4 19 21 23 4 19 1 19 1 19 1 19 1 19 1 19 1 19 9 23 17 23 29 25 10 19 7 23 15 19 13 23 18 19 28 23 11 19 21 23 4 19 21 23 4 19 1 19 1 19 1 19 1 19 1 19 28 23 11 19 21 23 4 19 21 23 4 19 13 23 18 19 13 23 18 19 9 23 17 23 29 25 10 19 9 23 17 19 24 23 8 19 24 23 8 19 13 23 18 19 27 23 3 19 1 19 1 19 1 19 1 19 1 19 1 19 1 19 1 19 1 19 1 19 1 19 1 19 1 19 1 19 1 19 1 19 1 19 1 19 1 19 1 19 1 19 1 19 1 19 1 19 1 19 1 19 1 19 1 19 1 19 1 19 1 19 1 19 1 19 1 19 1 19 1 19 1 19 1 19 1 18 1 18 15 19 7 18 27 19 19 25 4 18 21 25 4 18 31 25 12 18 1 18 17 19 10 25 12 18 19 19 18 25 9 18 28 25 11 18 14 19 4 25 7 19 23 25 5 19 13 25 18 19 9 25 17 19 9 25 17 25 1 19 9 25 17 25 1 19 9 25 17 25 1 19 9 25 17 25 1 19 9 25 17 25 1 19 2 25 26 19 13 25 18 19 23 25 5 19 29 25 10 19 24 25 8 18 9 19 5 25 9 18 20 19 5 25 4 18 24 19 19 25 10 18 26 19 2 19 6 24 25 24 15 26 7 24 15 26 7 19 9 25 17 19 9 25 17 24 15 26 7 24 15 26 7 19 9 25 17 24 15 26 7 19 6 24 25 24 8 26 24 24 8 26 24 24 8 26 24 24 8 26 24 24 8 26 24 24 9 26 17 24 9 26 17 26 1 26 1 24 9 26 17 26 1 24 9 26 17 26 1 24 9 26 17 26 1 26 1 26 1 26 1 26 1 26 1 26 1 26 1 26 1 26 1 24 15 26 7 24 15 26 7 19 9 25 17 19 9 25 17 24 15 26 7 19 9 25 17 24 15 26 7 19 6 24 25 24 15 26 7 19 6 24 25 24 8 26 24 24 8 26 24 24 8 26 24 24 8 26 24 24 8 26 24 24 9 26 17 24 9 26 17 26 1 26 1 24 9 26 17 26 1 24 9 26 17 26 1 24 9 26 17 26 1 26 1 26 1 26 1 26 1 26 1 26 1 26 1 26 1 26 1 19 13 24 18 19 13 25 18 19 6 24 25 19 6 24 25 18 14 19 6 24 10 18 14 19 6 24 10 19 29 25 10 18 26 19 2 18 26 19 2 18 29 19 10 18 29 19 10 18 26 19 2 18 29 19 10 1 8 18 24 1 8 18 24 1 17 18 9 1 17 18 9 1 8 18 24 1 17 18 9 1 8 18 24 1 17 18 9 1 18 2 13 1 19 2 16 1 18 6 13 1 19 6 16 1 18 6 13 1 17 18 9 1 8 18 24 1 19 2 16 1 6 2 13 6 9 1 6 2 9 6 13 1 19 6 16 4 19 6 16 1 16 4 10 18 2 1 8 4 24 1 2 2 16 3 10 2 5 3 11 6 6 2 6 6 5 7 11 1 2 6 16 7 10 4 12 5 11 6 16 4 2 5 9 6 14 6 5 7 23 5 9 6 6 7 13 2 9 6 8 7 3 2 4 6 6 7 15 2 8 3 3 6 9 2 2 3 8 7 8 2 5 3 23 4 18 5 13 4 24 5 8 1 11 4 24 5 9 4 23 5 5 4 8 5 24 5 8 6 7 7 6 4 3 5 27 1 10 4 15 5 11 1 7 4 15 4 19 5 16 5 8 6 7 7 6 5 9 6 6 7 13 6 9 7 17 6 9 7 17 2 4 6 6 7 15 3 6 6 19 7 23 3 6 6 19 7 23 2 2 3 8 7 8 2 19 3 23 7 6 2 19 3 23 7 6 2 19 3 24 6 10 2 19 3 24 6 10 2 9 3 17 2 9 3 17 19 6 24 25 19 13 24 18 19 13 25 18 19 9 25 17 18 14 19 6 24 10 18 19 19 18 25 9 18 27 19 19 25 4 18 26 19 2 18 26 19 2 18 15 19 7 1 5 4 19 18 2 1 14 4 11 18 11 1 8 18 24 1 8 18 24 1 19 4 16 1 8 4 24 1 10 4 15 5 11 1 10 4 15 5 11 18 26 19 2 18 26 19 2 18 15 19 7 18 15 19 7 18 8 19 24 18 8 19 24 19 1 19 1 4 27 5 3 4 28 5 11 4 5 5 23 4 23 5 5 4 9 5 17 4 7 5 15 4 9 5 17 4 9 5 17 4 9 5 17 4 19 5 16 4 18 5 13 4 14 5 20 1 11 4 24 5 9 1 10 4 15 5 11 1 9 4 17 1 8 4 24 1 14 4 11 18 11 4 3 5 27 4 19 5 16 4 23 5 5 4 8 5 24 18 20 19 5 25 4 18 26 19 2 1 8 18 24 19 9 25 17 26 1 26 1 26 1 26 1 26 1 26 1 26 1 26 1 26 1 26 1 26 1 26 1 26 1 26 1 26 1 26 1 26 1 26 1 26 1 26 1 19 1 19 1 19 1 19 1 19 1 19 1 19 1 19 1 19 1 19 1 19 1 19 1 19 1 19 1 19 1 19 1 19 1 19 1 19 1 19 1 19 1 19 1 19 1 19 1 19 1 19 1 19 1 19 1 19 1 19 1 19 1 19 1 19 21 23 4 19 21 23 4 19 1 19 13 23 18 19 13 23 18 19 28 23 11 23 29 25 10 19 10 23 29 19 9 23 17 19 9 23 17 19 7 23 15 19 7 23 15 19 13 23 18 19 7 23 15 19 7 23 15 19 27 23 3 19 27 23 3 19 25 23 6 1 6 4 25 1 7 4 15 1 8 4 24 1 6 4 25 1 9 4 17 1 7 4 15 1 10 4 17 5 12 1 10 4 15 5 11 1 9 4 17 1 10 4 17 5 12 1 10 4 15 5 11 1 11 4 24 5 9 1 10 4 27 5 9 1 10 4 15 5 11 1 10 4 15 5 11 1 11 4 24 5 9 1 10 4 27 5 9 1 10 4 27 5 9 4 24 5 8 4 24 5 8 4 18 5 13 4 13 5 18 4 13 5 18 1 12 4 24 5 7 4 24 5 8 1 12 4 24 5 7 1 10 4 27 5 9 1 11 4 24 5 9 4 5 5 23 4 8 5 24 4 23 5 5 4 23 5 5 4 8 5 24 4 8 5 24 4 8 5 24 4 20 5 14 4 3 5 27 4 8 5 24 4 20 5 14 4 3 5 27 1 13 4 18 1 16 4 10 18 2 1 8 4 24 1 13 4 18 1 14 4 11 18 11 1 7 4 15 1 13 4 18 1 15 18 7 1 8 18 24 1 8 18 24 1 16 4 10 18 2 1 14 4 11 18 11 1 15 18 7 1 8 18 24 1 8 18 24 18 1 1 8 18 24 18 1 18 26 19 2 4 18 5 13 4 18 5 13 4 13 5 18 4 23 5 5 4 18 5 13 4 23 5 5 4 23 5 5 4 18 5 13 1 15 18 7 1 8 18 24 1 16 4 10 18 2 4 3 5 27 4 19 5 16 4 3 5 27 1 6 4 25 1 8 4 24 1 7 4 15 1 6 4 25 1 9 4 17 1 9 4 17 1 10 4 17 5 12 1 10 4 15 5 11 1 9 4 17 1 10 4 17 5 12 1 10 4 15 5 11 1 11 4 24 5 9 1 10 4 15 5 11 1 10 4 15 5 11 1 10 4 27 5 9 1 11 4 24 5 9 1 10 4 27 5 9 1 10 4 27 5 9 1 12 4 24 5 7 1 10 4 27 5 9 1 12 4 24 5 7 4 24 5 8 4 24 5 8 4 14 5 20 4 18 5 13 4 13 5 18 4 13 5 18 4 5 5 23 4 13 5 18 4 18 5 13 4 8 5 24 4 23 5 5 4 23 5 5 4 8 5 24 4 8 5 24 4 8 5 24 4 20 5 14 4 3 5 27 4 8 5 24 4 20 5 14 4 3 5 27 1 13 4 18 1 8 4 24 1 14 4 11 18 11 1 15 18 7 1 8 18 24 1 8 18 24 1 14 4 11 18 11 1 15 18 7 1 14 4 11 18 11 1 8 18 24 18 1 1 8 18 24 1 8 18 24 18 26 19 2 18 1 4 23 5 5 4 18 5 13 4 23 5 5 1 13 4 18 1 14 4 11 18 11 1 14 4 11 18 11 1 8 4 24 1 13 4 18 1 7 4 15 1 15 18 7 1 14 4 11 18 11 1 8 18 24 4 23 5 5 4 18 5 13 4 18 5 13 4 3 5 27 4 3 5 27 4 19 5 16 5 12 6 28 7 12 5 12 6 28 7 12 1 12 6 17 7 10 1 12 6 17 7 10 5 12 6 28 7 12 1 12 6 17 7 10 5 12 6 28 7 12 5 12 6 28 7 12 5 12 6 28 7 12 1 12 6 17 7 10 5 12 6 28 7 12 1 12 6 17 7 10 5 10 6 17 7 12 5 10 6 17 7 12 5 10 6 17 7 12 5 10 6 17 7 12 5 10 6 17 7 12 5 10 6 17 7 12 5 10 6 17 7 12 4 4 5 2 6 17 5 2 6 17 7 4 5 10 6 17 7 12 5 10 6 17 7 12 4 4 5 2 6 17 1 2 6 16 7 10 1 2 6 16 7 10 1 2 6 16 7 10 1 12 6 17 7 10 1 2 6 16 7 10 1 2 6 16 7 10 1 12 6 17 7 10 1 2 6 16 7 10 1 2 6 16 7 10 1 12 6 17 7 10 1 2 6 16 7 10 1 2 6 16 7 10 1 2 6 16 7 10 1 2 6 16 7 10 1 2 6 16 7 10 1 2 6 16 7 10 1 2 6 16 7 10 1 2 6 16 7 10 1 2 6 16 7 10 1 2 6 16 7 10 1 2 6 16 7 10 1 12 6 17 7 10 1 2 6 16 7 10 1 2 6 16 7 10 1 12 6 17 7 10 1 12 6 17 7 10 1 2 6 16 7 10 1 2 6 16 7 10 1 2 6 16 7 10 1 2 6 16 7 10 1 2 6 16 7 10 1 2 6 16 7 10 1 2 6 16 7 10 4 12 5 2 6 25 4 4 5 11 6 25 4 12 5 2 6 25 5 10 6 17 7 12 4 4 5 11 6 25 4 12 5 2 6 25 5 10 6 17 7 12 4 12 5 2 6 25 4 4 5 11 6 25 5 2 6 17 7 4 4 12 5 11 6 16 4 4 5 11 6 25 4 4 5 11 6 25 4 12 5 11 6 16 4 12 5 11 6 16 4 4 5 11 6 25 4 12 5 11 6 16 4 12 5 11 6 16 4 4 5 11 6 25 4 4 5 11 6 25 4 12 5 2 6 25 4 4 5 2 6 17 4 4 5 11 6 25 4 4 5 11 6 25 5 10 6 17 7 12 5 2 6 17 7 4 4 12 5 2 6 25 4 4 5 11 6 25 4 12 5 11 6 16 4 12 5 11 6 16 4 12 5 11 6 16 4 12 5 11 6 16 4 12 5 11 6 16 5 12 12 28 13 12 1 12 12 17 13 10 1 12 12 17 13 10 5 12 12 28 13 12 5 12 12 28 13 12 1 12 12 17 13 10 5 12 12 28 13 12 5 12 12 28 13 12 5 12 12 28 13 12 1 12 12 17 13 10 5 12 12 28 13 12 1 12 12 17 13 10 5 10 12 17 13 12 5 10 12 17 13 12 5 10 12 17 13 12 5 10 12 17 13 12 5 10 12 17 13 12 5 10 12 17 13 12 5 10 12 17 13 12 4 4 5 2 12 17 5 2 12 17 13 4 5 10 12 17 13 12 5 10 12 17 13 12 4 4 5 2 12 17 1 2 12 16 13 10 1 2 12 16 13 10 1 2 12 16 13 10 1 12 12 17 13 10 1 2 12 16 13 10 1 2 12 16 13 10 1 12 12 17 13 10 1 2 12 16 13 10 1 2 12 16 13 10 1 12 12 17 13 10 1 2 12 16 13 10 1 2 12 16 13 10 1 2 12 16 13 10 1 2 12 16 13 10 1 2 12 16 13 10 1 2 12 16 13 10 1 2 12 16 13 10 1 2 12 16 13 10 1 2 12 16 13 10 1 2 12 16 13 10 1 2 12 16 13 10 1 12 12 17 13 10 1 2 12 16 13 10 1 2 12 16 13 10 1 12 12 17 13 10 1 12 12 17 13 10 1 2 12 16 13 10 1 2 12 16 13 10 1 2 12 16 13 10 1 2 12 16 13 10 1 2 12 16 13 10 1 2 12 16 13 10 1 2 12 16 13 10 4 12 5 2 12 25 4 12 5 2 12 25 4 4 5 11 12 25 5 10 12 17 13 12 4 4 5 11 12 25 4 12 5 2 12 25 5 10 12 17 13 12 4 12 5 2 12 25 4 4 5 11 12 25 5 2 12 17 13 4 4 12 5 11 12 16 4 4 5 11 12 25 4 4 5 11 12 25 4 12 5 11 12 16 4 12 5 11 12 16 4 4 5 11 12 25 4 12 5 11 12 16 4 12 5 11 12 16 4 4 5 11 12 25 4 12 5 2 12 25 4 4 5 11 12 25 4 4 5 2 12 17 4 4 5 11 12 25 4 4 5 11 12 25 5 10 12 17 13 12 5 2 12 17 13 4 4 12 5 2 12 25 4 4 5 11 12 25 4 12 5 11 12 16 4 12 5 11 12 16 4 12 5 11 12 16 4 12 5 11 12 16 4 12 5 11 12 16 19 10 50 29 19 10 50 17 52 12 19 10 50 25 52 10 19 10 50 25 52 10</v>
                </vertex_weights>
            </skin>
        </controller>
        <controller id="ID168">
            <skin source="#ID169">
                <bind_shape_matrix>1 0 0 0 0 1 0 0 0 0 1 0 0 0 0 1</bind_shape_matrix>
                <source id="ID177">
                    <Name_array id="ID178" count="60">joint1 joint2 joint3 joint4 joint6 joint7 joint9 joint10 joint12 joint13 joint14 joint15 joint17 joint18 joint20 joint21 joint22 joint23 joint25 joint26 joint27 joint28 joint30 joint32 joint33 joint34 joint36 joint37 joint38 joint39 joint40 joint42 joint43 joint45 joint46 joint48 joint49 joint51 joint53 joint54 joint55 joint57 joint58 joint60 joint62 joint63 joint65 joint66 joint68 joint70 joint72 joint73 joint74 joint76 joint77 joint78 joint79 joint81 joint82 joint84</Name_array>
                    <technique_common>
                        <accessor count="60" source="#ID178">
                            <param name="JOINT" type="Name"/>
                        </accessor>
                    </technique_common>
                </source>
                <source id="ID179">
                    <float_array id="ID180" count="18">0 1 0.322576 0.451606 0.612909 0.709682 0.258061 0.387091 0.580652 0.516136 0.741939 0.677424 0.548394 0.12903 0.0645151 0.354833 0.161288 0.483864</float_array>
                    <technique_common>
                        <accessor count="18" source="#ID180">
                            <param name="WEIGHT" type="float"/>
                        </accessor>
                    </technique_common>
                </source>
                <source id="ID181">
                    <float_array id="ID182" count="960">1 8.81565e-008 2.20694e-014 7.9056e-016 -8.81565e-008 1 2.50343e-007 -0.84 -2.07316e-022 -2.50343e-007 1 -1.02869e-016 0 0 0 1 1 8.81565e-008 2.20694e-014 1.0729e-015 -8.81565e-008 1 2.50343e-007 -1.14 7.71417e-022 -2.50343e-007 1 1.25169e-014 0 0 0 1 1 8.81565e-008 2.15048e-014 -3.17395e-015 -8.81565e-008 1 2.50343e-007 -1.00108 5.64616e-016 -2.50343e-007 1 0.144144 0 0 0 1 1 8.81565e-008 2.15048e-014 1.26188e-014 -8.81565e-008 1 2.50343e-007 -0.674923 5.64617e-016 -2.50343e-007 1 0.375712 0 0 0 1 1 8.81565e-008 2.15048e-014 -5.39193e-015 -8.81565e-008 1 2.50343e-007 -1.00437 5.64618e-016 -2.50343e-007 1 -0.169295 0 0 0 1 1 8.81565e-008 2.15048e-014 -6.63922e-015 -8.81565e-008 1 2.50343e-007 -0.640995 5.64618e-016 -2.50343e-007 1 -0.336507 0 0 0 1 1 8.81565e-008 2.29576e-014 -0.18 -8.81565e-008 1 2.50343e-007 -1.02 -8.8818e-016 -2.50343e-007 1 -8.37666e-015 0 0 0 1 1 8.81565e-008 2.29576e-014 -0.360802 -8.81565e-008 1 2.50343e-007 -0.663194 -8.88178e-016 -2.50343e-007 1 6.28533e-011 0 0 0 1 1 1.24657e-007 1.05554e-015 -0.192 -1.24657e-007 1 -7.70386e-007 -0.9 -9.70893e-014 7.70386e-007 1 -9.18657e-007 0 0 0 1 1 7.52351e-008 1.56313e-014 -0.192 -7.52351e-008 1 1.28656e-006 -0.504 8.11634e-014 -1.28656e-006 1 -0.0239998 0 0 0 1 1 2.58136e-008 1.00468e-014 -0.192 -2.58136e-008 1 2.5677e-007 -0.0720001 -3.41865e-015 -2.5677e-007 1 0.0240001 0 0 0 1 1 2.58136e-008 8.5921e-015 -0.192 -2.58136e-008 1 2.5677e-007 -5.71437e-008 -1.96396e-015 -2.5677e-007 1 -0.0419999 0 0 0 1 1 1.03058e-007 1.50996e-007 0.18 1.03058e-007 -1 -9.93476e-008 1.02 1.50996e-007 9.93476e-008 -1 1.81195e-007 0 0 0 1 1 1.03058e-007 8.74228e-008 0.360802 1.03058e-007 -1 -9.93477e-008 0.663194 8.74228e-008 9.93476e-008 -1 1.85495e-007 0 0 0 1 1 1.24657e-007 3.20952e-014 0.192 -1.24657e-007 1 2.50343e-007 -0.9 -8.88179e-016 -2.50343e-007 1 7.87797e-015 0 0 0 1 1 7.30376e-008 1.78724e-014 0.192 -7.30376e-008 1 2.50343e-007 -0.504 4.12074e-016 -2.50343e-007 1 -0.0240005 0 0 0 1 1 2.3616e-008 4.02001e-015 0.192 -2.3616e-008 1 2.50343e-007 -0.0719999 1.8921e-015 -2.50343e-007 1 0.024 0 0 0 1 1 2.3616e-008 2.56531e-015 0.192 -2.3616e-008 1 2.50343e-007 1.08355e-007 3.3468e-015 -2.50343e-007 1 -0.042 0 0 0 1 1 8.81565e-008 2.20694e-014 6.07157e-015 -8.81565e-008 1 2.50343e-007 -1.296 -3.37841e-021 -2.50343e-007 1 -4.5508e-014 0 0 0 1 1 8.81565e-008 2.20694e-014 6.03209e-015 -8.81565e-008 1 2.50344e-007 -1.476 1.38661e-020 -2.50344e-007 1 1.42694e-013 0 0 0 1 1 8.81565e-008 1.8248e-014 -2.00272e-007 -8.81565e-008 1 2.50344e-007 -1.56065 3.82138e-015 -2.50344e-007 1 -0.186085 0 0 0 1 1 1.43912e-007 3.70802e-014 -0.0398097 -1.43912e-007 1 3.37766e-007 -1.51119 1.15283e-014 -3.37766e-007 1 -0.186085 0 0 0 1 1 1.75579e-007 1.50996e-007 0.0398091 1.75579e-007 -1 -4.01339e-007 1.51119 1.50996e-007 4.01339e-007 -1 0.186085 0 0 0 1 1 8.81565e-008 2.29576e-014 -0.036 -8.81565e-008 1 2.50343e-007 -1.56 -8.88176e-016 -2.50343e-007 1 -6.01939e-014 0 0 0 1 1 -1.16416e-006 1.62423e-006 -0.179998 1.16416e-006 1 2.50343e-007 -1.57487 -1.62423e-006 -2.50342e-007 1 2.92358e-007 0 0 0 1 1 -1.16416e-006 1.62423e-006 -0.179998 1.16416e-006 1 2.50341e-007 -1.57487 -1.62423e-006 -2.50339e-007 1 2.92354e-007 0 0 0 1 1 1.97155e-007 -2.75672e-007 -0.4884 -1.97155e-007 1 2.50341e-007 -1.57487 2.75672e-007 -2.50341e-007 1 0.0239999 0 0 0 1 1 7.98235e-008 -2.75672e-007 -0.75 -7.98234e-008 1 2.5404e-007 -1.57487 2.75672e-007 -2.5404e-007 1 -1.99456e-007 0 0 0 1 1 7.98235e-008 -2.75672e-007 -4.73759e-008 -7.98234e-008 1 2.50344e-007 -0.0541818 2.75672e-007 -2.50344e-007 1 -3.8739e-010 0 0 0 1 0.707107 0.707107 -1.79112e-008 -0.0491339 -0.707107 0.707107 3.71947e-007 -0.0491338 2.75672e-007 -2.50341e-007 1 -3.87592e-010 0 0 0 1 0.707107 0.707107 -1.79112e-008 -0.239417 -0.707107 0.707107 3.71947e-007 -0.0491338 2.75672e-007 -2.50341e-007 1 -3.87591e-010 0 0 0 1 0.707107 -0.707107 -2.20959e-007 0.0491338 -0.707107 -0.707107 1.68905e-007 0.0491339 -2.75675e-007 3.68074e-008 -1 1.52251e-008 0 0 0 1 0.707107 -0.707107 -4.23633e-007 0.239417 -0.707107 -0.707107 1.68905e-007 0.0491335 -4.18987e-007 1.8012e-007 -1 -4.56785e-009 0 0 0 1 1 2.11427e-007 -2.75672e-007 -0.856978 -2.11427e-007 1 2.5404e-007 -1.57487 2.75672e-007 -2.5404e-007 1 -0.0451587 0 0 0 1 1 1.44787e-007 -2.75672e-007 -0.912516 -1.44787e-007 1 2.70612e-007 -1.57487 2.75672e-007 -2.70612e-007 1 -0.0537664 0 0 0 1 1 2.30318e-007 -2.75672e-007 -0.864 -2.30318e-007 1 2.5404e-007 -1.57487 2.75672e-007 -2.5404e-007 1 0.0211973 0 0 0 1 1 1.55812e-007 -2.75672e-007 -0.912516 -1.55812e-007 1 2.5404e-007 -1.57487 2.75672e-007 -2.5404e-007 1 0.0294807 0 0 0 1 1 6.49223e-008 -2.75672e-007 -0.798 -6.49223e-008 1 2.5404e-007 -1.57487 2.75672e-007 -2.5404e-007 1 -0.0720002 0 0 0 1 1 8.81565e-008 2.20694e-014 1.64162e-014 -8.81565e-008 1 2.50343e-007 -1.644 2.12129e-021 -2.50343e-007 1 -6.92385e-014 0 0 0 1 1 8.81565e-008 2.20694e-014 1.64148e-014 -8.81565e-008 1 2.50343e-007 -1.704 5.84047e-021 -2.50343e-007 1 2.64608e-015 0 0 0 1 1 8.81565e-008 2.29576e-014 1.60094e-014 -8.81565e-008 1 2.50343e-007 -1.95166 -8.88173e-016 -2.50343e-007 1 0.371006 0 0 0 1 -4.23273e-007 -0.978824 -0.204702 1.98921 -3.70463e-007 -0.204702 0.978824 0.747012 -1 4.90145e-007 -2.75973e-007 -1.30385e-006 0 0 0 1 -4.32355e-007 -0.97196 -0.235145 1.60228 -3.82126e-007 -0.235145 0.97196 0.797397 -1 5.10087e-007 -2.69745e-007 -1.3203e-006 0 0 0 1 1 8.81565e-008 2.29576e-014 1.78508e-014 -8.81565e-008 1 2.50343e-007 -2.24411 -8.88173e-016 -2.50343e-007 1 -0.34772 0 0 0 1 -0.121225 -0.975754 0.182235 2.00051 0.992371 -0.12329 -3.77338e-008 -0.12209 0.0224677 0.180845 0.983255 -0.370772 0 0 0 1 -0.115133 -0.832653 0.541695 1.43228 0.990773 -0.13551 0.0022841 -0.100788 0.0715034 0.53696 0.840572 -0.988165 0 0 0 1 -0.121225 0.975754 -0.182235 -2.00051 0.992371 0.12329 4.29745e-007 0.122089 0.0224681 -0.180844 -0.983255 0.370771 0 0 0 1 -0.115133 0.832654 -0.541694 -1.43228 0.990773 0.135511 -0.00228374 0.100786 0.0715038 -0.536959 -0.840572 0.988165 0 0 0 1 -1.3231e-007 -0.68233 -0.731044 1.34881 -4.23974e-007 -0.731044 0.68233 1.78848 -1 4.00223e-007 -1.92565e-007 0.527034 0 0 0 1 -8.99009e-008 0.68233 0.731044 -1.34881 -1.71971e-007 0.731044 -0.68233 -1.78848 -1 -1.8706e-007 5.16191e-008 -0.527034 0 0 0 1 1 8.81565e-008 2.29576e-014 0.036 -8.81565e-008 1 2.50343e-007 -1.56 -8.88176e-016 -2.50343e-007 1 -6.02579e-014 0 0 0 1 1 8.81565e-008 2.21207e-014 0.18 -8.81565e-008 1 2.50343e-007 -1.57487 -5.1346e-017 -2.50343e-007 1 3.61418e-014 0 0 0 1 1 8.81565e-008 2.21207e-014 0.18 -8.81565e-008 1 2.50343e-007 -1.57487 -5.1346e-017 -2.50343e-007 1 3.4743e-014 0 0 0 1 1 8.81565e-008 2.12406e-014 0.4884 -8.81565e-008 1 2.50343e-007 -1.57487 8.2884e-016 -2.50343e-007 1 0.024 0 0 0 1 1 3.68124e-007 9.66576e-014 0.75 -3.68124e-007 1 2.50343e-007 -1.57487 -4.50023e-015 -2.50343e-007 1 1.86268e-009 0 0 0 1 1 1.03235e-007 3.03444e-014 0.85698 -1.03235e-007 1 2.50343e-007 -1.57487 -4.50023e-015 -2.50343e-007 1 -0.045156 0 0 0 1 1 1.69875e-007 4.69393e-014 0.912516 -1.69875e-007 1 2.66915e-007 -1.57487 -1.59709e-015 -2.66915e-007 1 -0.0537662 0 0 0 1 1 6.56633e-008 2.09386e-014 0.864 -6.56633e-008 1 2.50343e-007 -1.57487 -4.50023e-015 -2.50343e-007 1 0.0211978 0 0 0 1 1 1.40169e-007 3.89273e-014 0.912516 -1.40169e-007 1 2.69266e-007 -1.57487 -1.18452e-015 -2.69266e-007 1 0.029481 0 0 0 1 1 1.57917e-007 4.40337e-014 0.798 -1.57917e-007 1 2.50343e-007 -1.57487 -4.50023e-015 -2.50343e-007 1 -0.072 0 0 0 1</float_array>
                    <technique_common>
                        <accessor count="60" source="#ID182" stride="16">
                            <param name="TRANSFORM" type="float4x4"/>
                        </accessor>
                    </technique_common>
                </source>
                <joints>
                    <input semantic="JOINT" source="#ID177"/>
                    <input semantic="INV_BIND_MATRIX" source="#ID181"/>
                </joints>
                <vertex_weights count="246">
                    <input offset="0" semantic="JOINT" source="#ID177"/>
                    <input offset="1" semantic="WEIGHT" source="#ID179"/>
                    <vcount>1 1 1 1 1 1 1 1 1 1 1 1 2 2 2 2 1 1 2 2 2 2 2 2 3 3 3 3 3 3 2 2 2 2 2 2 2 2 2 2 1 1 2 2 2 2 1 1 2 2 2 2 2 2 3 3 3 3 3 3 2 2 2 2 2 2 2 2 2 2 1 1 2 2 2 2 1 1 2 2 2 2 2 2 3 3 3 3 3 3 2 2 2 2 2 2 2 2 2 2 1 1 2 2 2 2 1 1 2 2 2 2 2 2 3 3 3 3 3 3 2 2 2 2 2 2 2 2 2 2 1 1 2 2 2 2 1 1 2 2 2 2 2 2 3 3 3 3 3 3 2 2 2 2 2 2 2 2 2 2 1 1 2 2 2 2 1 1 2 2 2 1 2 3 3 2 2 2 2 1 1 2 2 1 1 2 2 2 2 1 1 2 2 1 2 2 3 3 1 1 1 1 1 1 1 1 1 1 1 1 1 2 2 2 2 3 3 2 2 2 2 1 1 2 2 1 3 2 2 3 2 2 2 2 1 1 2 1 1 2 2 2 2 2 1 1</vcount>
                    <v>30 1 30 1 30 1 30 1 30 1 30 1 30 1 30 1 30 1 30 1 30 1 30 1 29 6 30 10 29 9 30 17 29 9 30 17 29 6 30 10 30 1 30 1 29 10 30 6 29 10 30 6 28 2 29 11 28 2 29 11 28 3 29 12 28 3 29 12 28 4 29 2 31 14 28 4 29 2 31 14 28 5 29 13 31 16 28 5 29 13 31 16 28 4 29 14 31 2 28 4 29 14 31 2 28 3 31 12 28 3 31 12 28 2 31 11 28 2 31 11 31 10 32 6 31 10 32 6 31 9 32 17 31 9 32 17 31 6 32 10 31 6 32 10 32 1 32 1 29 6 30 10 29 9 30 17 29 9 30 17 29 6 30 10 30 1 30 1 29 10 30 6 29 10 30 6 28 2 29 11 28 6 29 10 28 3 29 12 28 7 29 4 28 4 29 2 31 14 28 8 29 15 31 14 28 5 29 13 31 16 28 5 29 16 31 13 28 8 29 14 31 15 28 4 29 14 31 2 28 7 31 4 28 3 31 12 28 6 31 10 28 2 31 11 31 10 32 6 31 10 32 6 31 9 32 17 31 9 32 17 31 6 32 10 31 6 32 10 32 1 32 1 29 9 30 17 29 9 30 17 29 6 30 10 29 6 30 10 30 1 30 1 29 10 30 6 29 10 30 6 28 6 29 10 28 6 29 10 28 7 29 4 28 7 29 4 28 8 29 15 31 14 28 8 29 15 31 14 28 5 29 16 31 13 28 5 29 16 31 13 28 8 29 14 31 15 28 8 29 14 31 15 28 7 31 4 28 7 31 4 28 6 31 10 28 6 31 10 31 10 32 6 31 10 32 6 31 9 32 17 31 9 32 17 31 6 32 10 31 6 32 10 32 1 32 1 29 9 30 17 29 9 30 17 29 6 30 10 29 6 30 10 30 1 30 1 29 10 30 6 29 10 30 6 28 6 29 10 28 2 29 11 28 7 29 4 28 3 29 12 28 8 29 15 31 14 28 4 29 2 31 14 28 5 29 16 31 13 28 5 29 16 31 13 28 4 29 14 31 2 28 8 29 14 31 15 28 3 31 12 28 7 31 4 28 2 31 11 28 6 31 10 31 10 32 6 31 10 32 6 31 9 32 17 31 9 32 17 31 6 32 10 31 6 32 10 32 1 32 1 29 9 30 17 29 9 30 17 29 6 30 10 29 6 30 10 30 1 30 1 29 10 30 6 29 10 30 6 28 2 29 11 28 2 29 11 28 3 29 12 28 3 29 12 28 4 29 2 31 14 28 4 29 2 31 14 28 5 29 16 31 13 28 5 29 16 31 13 28 4 29 14 31 2 28 4 29 14 31 2 28 3 31 12 28 3 31 12 28 2 31 11 28 2 31 11 31 10 32 6 31 10 32 6 31 9 32 17 31 9 32 17 31 6 32 10 31 6 32 10 32 1 32 1 29 9 30 17 29 9 30 17 29 6 30 10 29 6 30 10 30 1 30 1 29 10 30 6 29 10 30 6 28 2 29 11 28 1 28 3 29 12 28 4 29 2 31 14 28 5 29 16 31 13 29 9 30 17 29 9 30 17 29 6 30 10 29 6 30 10 30 1 30 1 29 10 30 6 29 10 30 6 28 1 28 1 29 9 30 17 29 9 30 17 29 6 30 10 29 6 30 10 30 1 30 1 29 10 30 6 29 10 30 6 28 1 28 2 29 11 28 3 29 12 28 4 29 2 31 14 28 5 29 13 31 16 32 1 32 1 32 1 32 1 32 1 32 1 32 1 32 1 32 1 32 1 32 1 32 1 28 1 28 2 31 11 28 3 31 12 31 10 32 6 31 10 32 6 28 4 29 14 31 2 28 5 29 13 31 16 31 9 32 17 31 9 32 17 31 6 32 10 31 6 32 10 32 1 32 1 28 3 31 12 28 2 31 11 28 1 28 4 29 14 31 2 31 10 32 6 31 10 32 6 28 5 29 16 31 13 31 9 32 17 31 9 32 17 31 6 32 10 31 6 32 10 32 1 32 1 31 6 32 10 32 1 32 1 31 6 32 10 31 9 32 17 31 9 32 17 31 10 32 6 31 10 32 6 28 1 28 1</v>
                </vertex_weights>
            </skin>
        </controller>
    </library_controllers>
    <library_visual_scenes>
        <visual_scene id="ID8">
            <node id="ID9" name="Skin_Body">
                <translate sid="translate">1.11759e-008 -3.0838e-022 6.79111e-016</translate>
                <rotate sid="rotateY">0 1 0 -0</rotate>
                <rotate sid="rotateX">1 0 0 4.32571e-006</rotate>
                <rotate sid="rotateZ">0 0 1 -5.05099e-006</rotate>
                <scale sid="scale">1 1 1</scale>
                <instance_controller url="#ID153">
                    <skeleton>#ID8</skeleton>
                    <bind_material>
                        <technique_common>
                            <instance_material symbol="Material1" target="#ID3">
                                <bind_vertex_input semantic="UVSET0" input_semantic="TEXCOORD" input_set="0"/>
                            </instance_material>
                        </technique_common>
                    </bind_material>
                </instance_controller>
            </node>
            <node id="ID10" name="Skin_Book">
                <translate sid="translate">-6.9389e-016 -1.49012e-008 -6.49466e-016</translate>
                <rotate sid="rotateY">0 1 0 -0</rotate>
                <rotate sid="rotateX">1 0 0 4.32571e-006</rotate>
                <rotate sid="rotateZ">0 0 1 -7.54032e-006</rotate>
                <scale sid="scale">1 1 1</scale>
                <instance_controller url="#ID168">
                    <skeleton>#ID8</skeleton>
                    <bind_material>
                        <technique_common>
                            <instance_material symbol="Material1" target="#ID3">
                                <bind_vertex_input semantic="UVSET0" input_semantic="TEXCOORD" input_set="0"/>
                            </instance_material>
                        </technique_common>
                    </bind_material>
                </instance_controller>
            </node>
            <node id="ID11" name="GCA_CHA_008_101">
                <translate sid="translate">0 0 -0</translate>
                <rotate sid="rotateY">0 1 0 -0</rotate>
                <rotate sid="rotateX">1 0 0 9.33467e-006</rotate>
                <rotate sid="rotateZ">0 0 1 -0</rotate>
                <scale sid="scale">1 1 1</scale>
                <node id="ID12" name="CHA_008_101">
                    <translate sid="translate">0 0 -0</translate>
                    <rotate sid="rotateY">0 1 0 -0</rotate>
                    <rotate sid="rotateX">1 0 0 5.00896e-006</rotate>
                    <rotate sid="rotateZ">0 0 1 -360</rotate>
                    <scale sid="scale">1 1 1</scale>
                    <node id="ID13" name="AnimRoot">
                        <translate sid="translate">0 0 -0</translate>
                        <rotate sid="rotateY">0 1 0 6.06643e-021</rotate>
                        <rotate sid="rotateX">1 0 0 -2.03555e-013</rotate>
                        <rotate sid="rotateZ">0 0 1 -0</rotate>
                        <scale sid="scale">1 1 1</scale>
                        <node id="ID14" name="Move" sid="joint1" type="JOINT">
                            <translate sid="translate">-7.9056e-016 0.84 1.02869e-016</translate>
                            <rotate sid="rotateY">0 1 0 -0</rotate>
                            <rotate sid="rotateX">1 0 0 0</rotate>
                            <rotate sid="rotateZ">0 0 1 -0</rotate>
                            <scale sid="scale">1 1 1</scale>
                            <node id="ID15" name="Hips" sid="joint2" type="JOINT">
                                <translate sid="translate">-2.82343e-016 0.3 3.67389e-017</translate>
                                <rotate sid="rotateY">0 1 0 -0</rotate>
                                <rotate sid="rotateX">1 0 0 6.36111e-013</rotate>
                                <rotate sid="rotateZ">0 0 1 -0</rotate>
                                <scale sid="scale">1 1 1</scale>
                                <node id="ID16" name="B_Skirt01" sid="joint3" type="JOINT">
                                    <translate sid="translate">4.16546e-015 -0.138923 -0.144144</translate>
                                    <rotate sid="rotateY">0 1 0 3.23501e-014</rotate>
                                    <rotate sid="rotateX">1 0 0 3.45786e-019</rotate>
                                    <rotate sid="rotateZ">0 0 1 -0</rotate>
                                    <scale sid="scale">1 1 1</scale>
                                    <node id="ID17" name="B_Skirt02" sid="joint4" type="JOINT">
                                        <translate sid="translate">-1.57927e-014 -0.326153 -0.231568</translate>
                                        <rotate sid="rotateY">0 1 0 7.43137e-020</rotate>
                                        <rotate sid="rotateX">1 0 0 0</rotate>
                                        <rotate sid="rotateZ">0 0 1 -0</rotate>
                                        <scale sid="scale">1 1 1</scale>
                                        <node id="ID18" name="B_Skirt02_end" sid="joint5" type="JOINT">
                                            <translate sid="translate">-7.01747e-017 0.4 -1.11022e-016</translate>
                                            <rotate sid="rotateY">0 1 0 1.01778e-013</rotate>
                                            <rotate sid="rotateX">1 0 0 7.58303e-022</rotate>
                                            <rotate sid="rotateZ">0 0 1 -0</rotate>
                                            <scale sid="scale">1 1 1</scale>
                                        </node>
                                    </node>
                                </node>
                                <node id="ID19" name="F_Skirt01" sid="joint6" type="JOINT">
                                    <translate sid="translate">6.56042e-015 -0.135632 0.169295</translate>
                                    <rotate sid="rotateY">0 1 0 3.23502e-014</rotate>
                                    <rotate sid="rotateX">1 0 0 3.07113e-019</rotate>
                                    <rotate sid="rotateZ">0 0 1 -0</rotate>
                                    <scale sid="scale">1 1 1</scale>
                                    <node id="ID20" name="F_Skirt02" sid="joint7" type="JOINT">
                                        <translate sid="translate">1.24729e-015 -0.363374 0.167212</translate>
                                        <rotate sid="rotateY">0 1 0 1.51661e-021</rotate>
                                        <rotate sid="rotateX">1 0 0 0</rotate>
                                        <rotate sid="rotateZ">0 0 1 -0</rotate>
                                        <scale sid="scale">1 1 1</scale>
                                        <node id="ID21" name="F_Skirt02_end" sid="joint8" type="JOINT">
                                            <translate sid="translate">-7.01718e-017 0.4 -1.11022e-016</translate>
                                            <rotate sid="rotateY">0 1 0 1.01778e-013</rotate>
                                            <rotate sid="rotateX">1 0 0 0</rotate>
                                            <rotate sid="rotateZ">0 0 1 -0</rotate>
                                            <scale sid="scale">1 1 1</scale>
                                        </node>
                                    </node>
                                </node>
                                <node id="ID22" name="L_Skirt01" sid="joint9" type="JOINT">
                                    <translate sid="translate">0.18 -0.12 -1.59509e-015</translate>
                                    <rotate sid="rotateY">0 1 0 360</rotate>
                                    <rotate sid="rotateX">1 0 0 -1.27222e-012</rotate>
                                    <rotate sid="rotateZ">0 0 1 -0</rotate>
                                    <scale sid="scale">1 1 1</scale>
                                    <node id="ID23" name="L_Skirt02" sid="joint10" type="JOINT">
                                        <translate sid="translate">0.180802 -0.356806 -6.28616e-011</translate>
                                        <rotate sid="rotateY">0 1 0 9.85794e-020</rotate>
                                        <rotate sid="rotateX">1 0 0 0</rotate>
                                        <rotate sid="rotateZ">0 0 1 -0</rotate>
                                        <scale sid="scale">1 1 1</scale>
                                        <node id="ID24" name="L_Skirt02_end" sid="joint11" type="JOINT">
                                            <translate sid="translate">-5.55112e-017 0.4 -7.96663e-017</translate>
                                            <rotate sid="rotateY">0 1 0 -0</rotate>
                                            <rotate sid="rotateX">1 0 0 0</rotate>
                                            <rotate sid="rotateZ">0 0 1 -0</rotate>
                                            <scale sid="scale">1 1 1</scale>
                                        </node>
                                    </node>
                                </node>
                                <node id="ID25" name="L_UpLeg" sid="joint12" type="JOINT">
                                    <translate sid="translate">0.192 -0.24 -1.52608e-014</translate>
                                    <rotate sid="rotateY">0 1 0 360</rotate>
                                    <rotate sid="rotateX">1 0 0 -5.84835e-005</rotate>
                                    <rotate sid="rotateZ">0 0 1 -360</rotate>
                                    <scale sid="scale">1 1 1</scale>
                                    <node id="ID26" name="L_Leg" sid="joint13" type="JOINT">
                                        <translate sid="translate">4.0292e-009 -0.396 0.024</translate>
                                        <rotate sid="rotateY">0 1 0 360</rotate>
                                        <rotate sid="rotateX">1 0 0 0.000117854</rotate>
                                        <rotate sid="rotateZ">0 0 1 -2.83165e-006</rotate>
                                        <scale sid="scale">1 1 1</scale>
                                        <node id="ID27" name="L_Foot" sid="joint14" type="JOINT">
                                            <translate sid="translate">5.84941e-008 -0.432 -0.048</translate>
                                            <rotate sid="rotateY">0 1 0 360</rotate>
                                            <rotate sid="rotateX">1 0 0 -5.90028e-005</rotate>
                                            <rotate sid="rotateZ">0 0 1 -2.83165e-006</rotate>
                                            <scale sid="scale">1 1 1</scale>
                                            <node id="ID28" name="L_Toe" sid="joint15" type="JOINT">
                                                <translate sid="translate">-5.96046e-008 -0.072 0.066</translate>
                                                <rotate sid="rotateY">0 1 0 8.33479e-014</rotate>
                                                <rotate sid="rotateX">1 0 0 -2.13733e-012</rotate>
                                                <rotate sid="rotateZ">0 0 1 -0</rotate>
                                                <scale sid="scale">1 1 1</scale>
                                                <node id="ID29" name="L_Toe_end" sid="joint16" type="JOINT">
                                                    <translate sid="translate">7.49401e-016 0.097673 -1.38778e-017</translate>
                                                    <rotate sid="rotateY">0 1 0 -0</rotate>
                                                    <rotate sid="rotateX">1 0 0 0</rotate>
                                                    <rotate sid="rotateZ">0 0 1 -0</rotate>
                                                    <scale sid="scale">1 1 1</scale>
                                                </node>
                                            </node>
                                        </node>
                                    </node>
                                </node>
                                <node id="ID30" name="R_Skirt01" sid="joint17" type="JOINT">
                                    <translate sid="translate">-0.18 -0.12 -1.59509e-015</translate>
                                    <rotate sid="rotateY">0 1 0 180</rotate>
                                    <rotate sid="rotateX">1 0 0 8.65142e-006</rotate>
                                    <rotate sid="rotateZ">0 0 1 -180</rotate>
                                    <scale sid="scale">1 1 1</scale>
                                    <node id="ID31" name="R_Skirt02" sid="joint18" type="JOINT">
                                        <translate sid="translate">-0.180802 0.356806 -2.72375e-008</translate>
                                        <rotate sid="rotateY">0 1 0 360</rotate>
                                        <rotate sid="rotateX">1 0 0 1.22133e-012</rotate>
                                        <rotate sid="rotateZ">0 0 1 -0</rotate>
                                        <scale sid="scale">1 1 1</scale>
                                        <node id="ID32" name="R_Skirt02_end" sid="joint19" type="JOINT">
                                            <translate sid="translate">-5.55112e-017 0.4 -0</translate>
                                            <rotate sid="rotateY">0 1 0 -0</rotate>
                                            <rotate sid="rotateX">1 0 0 0</rotate>
                                            <rotate sid="rotateZ">0 0 1 -0</rotate>
                                            <scale sid="scale">1 1 1</scale>
                                        </node>
                                    </node>
                                </node>
                                <node id="ID33" name="R_UpLeg" sid="joint20" type="JOINT">
                                    <translate sid="translate">-0.192 -0.24 -5.1239e-015</translate>
                                    <rotate sid="rotateY">0 1 0 360</rotate>
                                    <rotate sid="rotateX">1 0 0 -6.10666e-013</rotate>
                                    <rotate sid="rotateZ">0 0 1 -360</rotate>
                                    <scale sid="scale">1 1 1</scale>
                                    <node id="ID34" name="R_Leg" sid="joint21" type="JOINT">
                                        <translate sid="translate">-2.57731e-008 -0.396 0.0240005</translate>
                                        <rotate sid="rotateY">0 1 0 7.4499e-014</rotate>
                                        <rotate sid="rotateX">1 0 0 0</rotate>
                                        <rotate sid="rotateZ">0 0 1 -2.95756e-006</rotate>
                                        <scale sid="scale">1 1 1</scale>
                                        <node id="ID35" name="R_Foot" sid="joint22" type="JOINT">
                                            <translate sid="translate">1.37906e-008 -0.432 -0.0480004</translate>
                                            <rotate sid="rotateY">0 1 0 8.47994e-014</rotate>
                                            <rotate sid="rotateX">1 0 0 2.78992e-014</rotate>
                                            <rotate sid="rotateZ">0 0 1 -2.83165e-006</rotate>
                                            <scale sid="scale">1 1 1</scale>
                                            <node id="ID36" name="R_Toe" sid="joint23" type="JOINT">
                                                <translate sid="translate">1.49012e-008 -0.072 0.066</translate>
                                                <rotate sid="rotateY">0 1 0 8.33479e-014</rotate>
                                                <rotate sid="rotateX">1 0 0 0</rotate>
                                                <rotate sid="rotateZ">0 0 1 -0</rotate>
                                                <scale sid="scale">1 1 1</scale>
                                                <node id="ID37" name="R_Toe_end" sid="joint24" type="JOINT">
                                                    <translate sid="translate">7.21645e-016 0.0976729 -3.46945e-017</translate>
                                                    <rotate sid="rotateY">0 1 0 -0</rotate>
                                                    <rotate sid="rotateX">1 0 0 0</rotate>
                                                    <rotate sid="rotateZ">0 0 1 -0</rotate>
                                                    <scale sid="scale">1 1 1</scale>
                                                </node>
                                            </node>
                                        </node>
                                    </node>
                                </node>
                                <node id="ID38" name="Spine01" sid="joint25" type="JOINT">
                                    <translate sid="translate">-4.99867e-015 0.156 -2.98232e-015</translate>
                                    <rotate sid="rotateY">0 1 0 -0</rotate>
                                    <rotate sid="rotateX">1 0 0 -2.69711e-012</rotate>
                                    <rotate sid="rotateZ">0 0 1 -0</rotate>
                                    <scale sid="scale">1 1 1</scale>
                                    <node id="ID39" name="Spine02" sid="joint26" type="JOINT">
                                        <translate sid="translate">3.94795e-017 0.18 -8.0253e-017</translate>
                                        <rotate sid="rotateY">0 1 0 3.4427e-019</rotate>
                                        <rotate sid="rotateX">1 0 0 7.30255e-012</rotate>
                                        <rotate sid="rotateZ">0 0 1 -0</rotate>
                                        <scale sid="scale">1 1 1</scale>
                                        <node id="ID40" name="Fribbon" sid="joint27" type="JOINT">
                                            <translate sid="translate">2.00272e-007 0.0846531 0.186085</translate>
                                            <rotate sid="rotateY">0 1 0 2.18948e-013</rotate>
                                            <rotate sid="rotateX">1 0 0 1.94353e-018</rotate>
                                            <rotate sid="rotateZ">0 0 1 -0</rotate>
                                            <scale sid="scale">1 1 1</scale>
                                            <node id="ID41" name="Fribbon_L" sid="joint28" type="JOINT">
                                                <translate sid="translate">0.0398095 -0.0494658 -1.49013e-008</translate>
                                                <rotate sid="rotateY">0 1 0 -0</rotate>
                                                <rotate sid="rotateX">1 0 0 5.00895e-006</rotate>
                                                <rotate sid="rotateZ">0 0 1 -360</rotate>
                                                <scale sid="scale">1 1 1</scale>
                                                <node id="ID42" name="Fribbon_L_end" sid="joint29" type="JOINT">
                                                    <translate sid="translate">-4.57967e-016 0.063494 -0</translate>
                                                    <rotate sid="rotateY">0 1 0 -0</rotate>
                                                    <rotate sid="rotateX">1 0 0 0</rotate>
                                                    <rotate sid="rotateZ">0 0 1 -0</rotate>
                                                    <scale sid="scale">1 1 1</scale>
                                                </node>
                                            </node>
                                            <node id="ID43" name="Fribbon_R" sid="joint30" type="JOINT">
                                                <translate sid="translate">-0.0398095 -0.0494621 -1.63913e-007</translate>
                                                <rotate sid="rotateY">0 1 0 180</rotate>
                                                <rotate sid="rotateX">1 0 0 -8.65142e-006</rotate>
                                                <rotate sid="rotateZ">0 0 1 -180</rotate>
                                                <scale sid="scale">1 1 1</scale>
                                                <node id="ID44" name="Fribbon_R_end" sid="joint31" type="JOINT">
                                                    <translate sid="translate">6.93889e-018 0.063494 -2.77556e-017</translate>
                                                    <rotate sid="rotateY">0 1 0 -0</rotate>
                                                    <rotate sid="rotateX">1 0 0 0</rotate>
                                                    <rotate sid="rotateZ">0 0 1 -0</rotate>
                                                    <scale sid="scale">1 1 1</scale>
                                                </node>
                                            </node>
                                        </node>
                                        <node id="ID45" name="L_Shoulder" sid="joint32" type="JOINT">
                                            <translate sid="translate">0.036 0.0840001 7.55598e-015</translate>
                                            <rotate sid="rotateY">0 1 0 360</rotate>
                                            <rotate sid="rotateX">1 0 0 -7.17533e-012</rotate>
                                            <rotate sid="rotateZ">0 0 1 -0</rotate>
                                            <scale sid="scale">1 1 1</scale>
                                            <node id="ID46" name="L_Arm" sid="joint33" type="JOINT">
                                                <translate sid="translate">0.144 0.014868 -2.8705e-015</translate>
                                                <rotate sid="rotateY">0 1 0 360</rotate>
                                                <rotate sid="rotateX">1 0 0 -1.14754e-010</rotate>
                                                <rotate sid="rotateZ">0 0 1 -7.17526e-005</rotate>
                                                <scale sid="scale">1 1 1</scale>
                                                <node id="ID47" name="L_Arm_2" sid="joint34" type="JOINT">
                                                    <translate sid="translate">-5.52382e-009 -1.29737e-008 1.97031e-014</translate>
                                                    <rotate sid="rotateY">0 1 0 -0</rotate>
                                                    <rotate sid="rotateX">1 0 0 -1.21726e-010</rotate>
                                                    <rotate sid="rotateZ">0 0 1 -0</rotate>
                                                    <scale sid="scale">1 1 1</scale>
                                                    <node id="ID48" name="L_Arm_2_end" sid="joint35" type="JOINT">
                                                        <translate sid="translate">2.32037e-014 0.154666 -7.21864e-017</translate>
                                                        <rotate sid="rotateY">0 1 0 360</rotate>
                                                        <rotate sid="rotateX">1 0 0 0</rotate>
                                                        <rotate sid="rotateZ">0 0 1 -0</rotate>
                                                        <scale sid="scale">1 1 1</scale>
                                                    </node>
                                                </node>
                                                <node id="ID49" name="L_ForeArm" sid="joint36" type="JOINT">
                                                    <translate sid="translate">0.3084 3.73288e-007 -0.0240005</translate>
                                                    <rotate sid="rotateY">0 1 0 0.000108856</rotate>
                                                    <rotate sid="rotateX">1 0 0 -1.48188e-010</rotate>
                                                    <rotate sid="rotateZ">0 0 1 -360</rotate>
                                                    <scale sid="scale">1 1 1</scale>
                                                    <node id="ID50" name="L_Hand" sid="joint37" type="JOINT">
                                                        <translate sid="translate">0.2616 -8.16683e-008 0.0240001</translate>
                                                        <rotate sid="rotateY">0 1 0 -0</rotate>
                                                        <rotate sid="rotateX">1 0 0 2.1194e-007</rotate>
                                                        <rotate sid="rotateZ">0 0 1 -6.66819e-006</rotate>
                                                        <scale sid="scale">1 1 1</scale>
                                                        <node id="ID51" name="Book_root" sid="joint38" type="JOINT">
                                                            <translate sid="translate">-0.75 -1.52069 -1.99269e-007</translate>
                                                            <rotate sid="rotateY">0 1 0 -0</rotate>
                                                            <rotate sid="rotateX">1 0 0 -2.11766e-007</rotate>
                                                            <rotate sid="rotateZ">0 0 1 -0</rotate>
                                                            <scale sid="scale">1 1 1</scale>
                                                            <node id="ID52" name="Book_L01" sid="joint39" type="JOINT">
                                                                <translate sid="translate">-2.94367e-010 0.0153039 1.88016e-017</translate>
                                                                <rotate sid="rotateY">0 1 0 1.35104e-013</rotate>
                                                                <rotate sid="rotateX">1 0 0 -1.66661e-010</rotate>
                                                                <rotate sid="rotateZ">0 0 1 -315</rotate>
                                                                <scale sid="scale">1 1 1</scale>
                                                                <node id="ID53" name="Book_L02" sid="joint40" type="JOINT">
                                                                    <translate sid="translate">0.190283 3.72528e-009 -5.67824e-016</translate>
                                                                    <rotate sid="rotateY">0 1 0 360</rotate>
                                                                    <rotate sid="rotateX">1 0 0 4.45147e-013</rotate>
                                                                    <rotate sid="rotateZ">0 0 1 -8.53774e-006</rotate>
                                                                    <scale sid="scale">1 1 1</scale>
                                                                    <node id="ID54" name="Book_L02_end" sid="joint41" type="JOINT">
                                                                        <translate sid="translate">-1.13418e-008 0.190283 -1.60382e-015</translate>
                                                                        <rotate sid="rotateY">0 1 0 -0</rotate>
                                                                        <rotate sid="rotateX">1 0 0 0</rotate>
                                                                        <rotate sid="rotateZ">0 0 1 -0</rotate>
                                                                        <scale sid="scale">1 1 1</scale>
                                                                    </node>
                                                                </node>
                                                            </node>
                                                            <node id="ID55" name="Book_R01" sid="joint42" type="JOINT">
                                                                <translate sid="translate">4.53387e-014 0.0153039 -5.50664e-015</translate>
                                                                <rotate sid="rotateY">0 1 0 180</rotate>
                                                                <rotate sid="rotateX">1 0 0 1.22348e-005</rotate>
                                                                <rotate sid="rotateZ">0 0 1 -135</rotate>
                                                                <scale sid="scale">1 1 1</scale>
                                                                <node id="ID56" name="Book_R02" sid="joint43" type="JOINT">
                                                                    <translate sid="translate">-0.190284 3.42727e-007 -2.87307e-008</translate>
                                                                    <rotate sid="rotateY">0 1 0 360</rotate>
                                                                    <rotate sid="rotateX">1 0 0 5.69924e-013</rotate>
                                                                    <rotate sid="rotateZ">0 0 1 -3.41509e-006</rotate>
                                                                    <scale sid="scale">1 1 1</scale>
                                                                    <node id="ID57" name="Book_R02_end" sid="joint44" type="JOINT">
                                                                        <translate sid="translate">-1.13418e-008 0.190283 9.80586e-016</translate>
                                                                        <rotate sid="rotateY">0 1 0 1.01778e-013</rotate>
                                                                        <rotate sid="rotateX">1 0 0 0</rotate>
                                                                        <rotate sid="rotateZ">0 0 1 -0</rotate>
                                                                        <scale sid="scale">1 1 1</scale>
                                                                    </node>
                                                                </node>
                                                            </node>
                                                        </node>
                                                        <node id="ID58" name="L_Index01" sid="joint45" type="JOINT">
                                                            <translate sid="translate">0.106978 8.28995e-009 0.0451585</translate>
                                                            <rotate sid="rotateY">0 1 0 360</rotate>
                                                            <rotate sid="rotateX">1 0 0 0</rotate>
                                                            <rotate sid="rotateZ">0 0 1 -360</rotate>
                                                            <scale sid="scale">1 1 1</scale>
                                                            <node id="ID59" name="L_Index02" sid="joint46" type="JOINT">
                                                                <translate sid="translate">0.0555375 1.26294e-007 0.00860779</translate>
                                                                <rotate sid="rotateY">0 1 0 360</rotate>
                                                                <rotate sid="rotateX">1 0 0 9.49471e-007</rotate>
                                                                <rotate sid="rotateZ">0 0 1 -3.81819e-006</rotate>
                                                                <scale sid="scale">1 1 1</scale>
                                                                <node id="ID60" name="L_Index02_end" sid="joint47" type="JOINT">
                                                                    <translate sid="translate">0 0.0562006 -2.08167e-017</translate>
                                                                    <rotate sid="rotateY">0 1 0 -0</rotate>
                                                                    <rotate sid="rotateX">1 0 0 0</rotate>
                                                                    <rotate sid="rotateZ">0 0 1 -0</rotate>
                                                                    <scale sid="scale">1 1 1</scale>
                                                                </node>
                                                            </node>
                                                        </node>
                                                        <node id="ID61" name="L_Middle01" sid="joint48" type="JOINT">
                                                            <translate sid="translate">0.114 8.1112e-009 -0.0211975</translate>
                                                            <rotate sid="rotateY">0 1 0 1.60321e-014</rotate>
                                                            <rotate sid="rotateX">1 0 0 1.27425e-014</rotate>
                                                            <rotate sid="rotateZ">0 0 1 -360</rotate>
                                                            <scale sid="scale">1 1 1</scale>
                                                            <node id="ID62" name="L_Middle02" sid="joint49" type="JOINT">
                                                                <translate sid="translate">0.0485157 -1.0387e-008 -0.00828339</translate>
                                                                <rotate sid="rotateY">0 1 0 -0</rotate>
                                                                <rotate sid="rotateX">1 0 0 0</rotate>
                                                                <rotate sid="rotateZ">0 0 1 -4.18262e-006</rotate>
                                                                <scale sid="scale">1 1 1</scale>
                                                                <node id="ID63" name="L_Middle02_end" sid="joint50" type="JOINT">
                                                                    <translate sid="translate">-4.44089e-016 0.0492177 6.93889e-018</translate>
                                                                    <rotate sid="rotateY">0 1 0 -0</rotate>
                                                                    <rotate sid="rotateX">1 0 0 0</rotate>
                                                                    <rotate sid="rotateZ">0 0 1 -0</rotate>
                                                                    <scale sid="scale">1 1 1</scale>
                                                                </node>
                                                            </node>
                                                        </node>
                                                        <node id="ID64" name="L_Thumb" sid="joint51" type="JOINT">
                                                            <translate sid="translate">0.048 7.83014e-009 0.072</translate>
                                                            <rotate sid="rotateY">0 1 0 -0</rotate>
                                                            <rotate sid="rotateX">1 0 0 5.87627e-015</rotate>
                                                            <rotate sid="rotateZ">0 0 1 -0</rotate>
                                                            <scale sid="scale">1 1 1</scale>
                                                            <node id="ID65" name="L_Thumb_end" sid="joint52" type="JOINT">
                                                                <translate sid="translate">1.66533e-015 0.503546 -6.93889e-017</translate>
                                                                <rotate sid="rotateY">0 1 0 -0</rotate>
                                                                <rotate sid="rotateX">1 0 0 7.58303e-022</rotate>
                                                                <rotate sid="rotateZ">0 0 1 -0</rotate>
                                                                <scale sid="scale">1 1 1</scale>
                                                            </node>
                                                        </node>
                                                    </node>
                                                </node>
                                            </node>
                                        </node>
                                        <node id="ID66" name="Neck" sid="joint53" type="JOINT">
                                            <translate sid="translate">-1.03841e-014 0.168 -7.09247e-015</translate>
                                            <rotate sid="rotateY">0 1 0 -0</rotate>
                                            <rotate sid="rotateX">1 0 0 -7.63333e-012</rotate>
                                            <rotate sid="rotateZ">0 0 1 -0</rotate>
                                            <scale sid="scale">1 1 1</scale>
                                            <node id="ID67" name="Head" sid="joint54" type="JOINT">
                                                <translate sid="translate">1.44123e-018 0.0599998 4.59904e-018</translate>
                                                <rotate sid="rotateY">0 1 0 -0</rotate>
                                                <rotate sid="rotateX">1 0 0 2.41722e-012</rotate>
                                                <rotate sid="rotateZ">0 0 1 -0</rotate>
                                                <scale sid="scale">1 1 1</scale>
                                                <node id="ID68" name="BS_blow">
                                                    <translate sid="translate">-2.44608e-023 -1.78814e-007 1.42109e-014</translate>
                                                    <rotate sid="rotateY">0 1 0 6.10667e-013</rotate>
                                                    <rotate sid="rotateX">1 0 0 -2.03555e-013</rotate>
                                                    <rotate sid="rotateZ">0 0 1 -0</rotate>
                                                    <scale sid="scale">1 1 1</scale>
                                                    <instance_geometry url="#ID69">
                                                        <bind_material>
                                                            <technique_common>
                                                                <instance_material symbol="Material1" target="#ID3">
                                                                    <bind_vertex_input semantic="UVSET0" input_semantic="TEXCOORD" input_set="0"/>
                                                                </instance_material>
                                                            </technique_common>
                                                        </bind_material>
                                                    </instance_geometry>
                                                </node>
                                                <node id="ID77" name="BS_eye">
                                                    <translate sid="translate">-2.44608e-023 -1.78814e-007 1.42109e-014</translate>
                                                    <rotate sid="rotateY">0 1 0 6.10667e-013</rotate>
                                                    <rotate sid="rotateX">1 0 0 -2.03555e-013</rotate>
                                                    <rotate sid="rotateZ">0 0 1 -0</rotate>
                                                    <scale sid="scale">1 1 1</scale>
                                                    <instance_geometry url="#ID78">
                                                        <bind_material>
                                                            <technique_common>
                                                                <instance_material symbol="Material1" target="#ID3">
                                                                    <bind_vertex_input semantic="UVSET0" input_semantic="TEXCOORD" input_set="0"/>
                                                                </instance_material>
                                                            </technique_common>
                                                        </bind_material>
                                                    </instance_geometry>
                                                </node>
                                                <node id="ID86" name="BS_mouth">
                                                    <translate sid="translate">-2.44608e-023 -1.78814e-007 1.42109e-014</translate>
                                                    <rotate sid="rotateY">0 1 0 6.10667e-013</rotate>
                                                    <rotate sid="rotateX">1 0 0 -2.03555e-013</rotate>
                                                    <rotate sid="rotateZ">0 0 1 -0</rotate>
                                                    <scale sid="scale">1 1 1</scale>
                                                    <instance_geometry url="#ID87">
                                                        <bind_material>
                                                            <technique_common>
                                                                <instance_material symbol="Material1" target="#ID3">
                                                                    <bind_vertex_input semantic="UVSET0" input_semantic="TEXCOORD" input_set="0"/>
                                                                </instance_material>
                                                            </technique_common>
                                                        </bind_material>
                                                    </instance_geometry>
                                                </node>
                                                <node id="ID95" name="Eye02">
                                                    <translate sid="translate">1.62102e-017 0.227463 0.224145</translate>
                                                    <rotate sid="rotateY">0 1 0 6.10666e-013</rotate>
                                                    <rotate sid="rotateX">1 0 0 -2.03555e-013</rotate>
                                                    <rotate sid="rotateZ">0 0 1 -0</rotate>
                                                    <scale sid="scale">1 1 1</scale>
                                                    <instance_geometry url="#ID96">
                                                        <bind_material>
                                                            <technique_common>
                                                                <instance_material symbol="Material1" target="#ID3">
                                                                    <bind_vertex_input semantic="UVSET0" input_semantic="TEXCOORD" input_set="0"/>
                                                                </instance_material>
                                                            </technique_common>
                                                        </bind_material>
                                                    </instance_geometry>
                                                </node>
                                                <node id="ID104" name="Face">
                                                    <translate sid="translate">-2.44608e-023 -1.78814e-007 1.42109e-014</translate>
                                                    <rotate sid="rotateY">0 1 0 6.10666e-013</rotate>
                                                    <rotate sid="rotateX">1 0 0 -2.03555e-013</rotate>
                                                    <rotate sid="rotateZ">0 0 1 -0</rotate>
                                                    <scale sid="scale">1 1 1</scale>
                                                    <instance_geometry url="#ID105">
                                                        <bind_material>
                                                            <technique_common>
                                                                <instance_material symbol="Material1" target="#ID3">
                                                                    <bind_vertex_input semantic="UVSET0" input_semantic="TEXCOORD" input_set="0"/>
                                                                </instance_material>
                                                            </technique_common>
                                                        </bind_material>
                                                    </instance_geometry>
                                                </node>
                                                <node id="ID113" name="Eye_move" sid="joint55" type="JOINT">
                                                    <translate sid="translate">7.34863e-016 0.247658 -0.371006</translate>
                                                    <rotate sid="rotateY">0 1 0 360</rotate>
                                                    <rotate sid="rotateX">1 0 0 0</rotate>
                                                    <rotate sid="rotateZ">0 0 1 -0</rotate>
                                                    <scale sid="scale">1 1 1</scale>
                                                    <node id="ID114" name="Eye">
                                                        <translate sid="translate">1.32349e-023 2.98023e-007 -2.98023e-008</translate>
                                                        <rotate sid="rotateY">0 1 0 6.10666e-013</rotate>
                                                        <rotate sid="rotateX">1 0 0 -2.03555e-013</rotate>
                                                        <rotate sid="rotateZ">0 0 1 -0</rotate>
                                                        <scale sid="scale">1 1 1</scale>
                                                        <instance_geometry url="#ID115">
                                                            <bind_material>
                                                                <technique_common>
                                                                    <instance_material symbol="Material1" target="#ID3">
                                                                        <bind_vertex_input semantic="UVSET0" input_semantic="TEXCOORD" input_set="0"/>
                                                                    </instance_material>
                                                                </technique_common>
                                                            </bind_material>
                                                        </instance_geometry>
                                                    </node>
                                                    <node id="ID123" name="Eye_move_end" sid="joint56" type="JOINT">
                                                        <translate sid="translate">4.18843e-017 0.58773 1.66533e-016</translate>
                                                        <rotate sid="rotateY">0 1 0 -0</rotate>
                                                        <rotate sid="rotateX">1 0 0 0</rotate>
                                                        <rotate sid="rotateZ">0 0 1 -0</rotate>
                                                        <scale sid="scale">1 1 1</scale>
                                                    </node>
                                                </node>
                                                <node id="ID124" name="Hair_B01" sid="joint57" type="JOINT">
                                                    <translate sid="translate">-1.2248e-014 0.396 -0.324</translate>
                                                    <rotate sid="rotateY">0 1 0 270</rotate>
                                                    <rotate sid="rotateX">1 0 0 -3.31342e-005</rotate>
                                                    <rotate sid="rotateZ">0 0 1 -101.812</rotate>
                                                    <scale sid="scale">1 1 1</scale>
                                                    <node id="ID125" name="Hair_B02" sid="joint58" type="JOINT">
                                                        <translate sid="translate">0.362825 1.49012e-007 -1.58596e-008</translate>
                                                        <rotate sid="rotateY">0 1 0 360</rotate>
                                                        <rotate sid="rotateX">1 0 0 -1.15382e-007</rotate>
                                                        <rotate sid="rotateZ">0 0 1 -1.78813</rotate>
                                                        <scale sid="scale">1 1 1</scale>
                                                        <node id="ID126" name="Hair_B02_end" sid="joint59" type="JOINT">
                                                            <translate sid="translate">-1.52812e-008 0.362825 8.56378e-016</translate>
                                                            <rotate sid="rotateY">0 1 0 1.01778e-013</rotate>
                                                            <rotate sid="rotateX">1 0 0 0</rotate>
                                                            <rotate sid="rotateZ">0 0 1 -0</rotate>
                                                            <scale sid="scale">1 1 1</scale>
                                                        </node>
                                                    </node>
                                                </node>
                                                <node id="ID127" name="Hair_F" sid="joint60" type="JOINT">
                                                    <translate sid="translate">-1.74486e-015 0.540114 0.34772</translate>
                                                    <rotate sid="rotateY">0 1 0 360</rotate>
                                                    <rotate sid="rotateX">1 0 0 0</rotate>
                                                    <rotate sid="rotateZ">0 0 1 -0</rotate>
                                                    <scale sid="scale">1 1 1</scale>
                                                    <node id="ID128" name="Hair_F_end" sid="joint61" type="JOINT">
                                                        <translate sid="translate">1.04014e-016 0.587729 1.11022e-016</translate>
                                                        <rotate sid="rotateY">0 1 0 -0</rotate>
                                                        <rotate sid="rotateX">1 0 0 0</rotate>
                                                        <rotate sid="rotateZ">0 0 1 -0</rotate>
                                                        <scale sid="scale">1 1 1</scale>
                                                    </node>
                                                </node>
                                                <node id="ID129" name="Hair_L01" sid="joint62" type="JOINT">
                                                    <translate sid="translate">0.372 0.3 -1.12121e-008</translate>
                                                    <rotate sid="rotateY">0 1 0 1.309</rotate>
                                                    <rotate sid="rotateX">1 0 0 -10.419</rotate>
                                                    <rotate sid="rotateZ">0 0 1 -97.2013</rotate>
                                                    <scale sid="scale">1 1 1</scale>
                                                    <node id="ID130" name="Hair_L02" sid="joint63" type="JOINT">
                                                        <translate sid="translate">0.30178 1.03694e-007 2.27708e-007</translate>
                                                        <rotate sid="rotateY">0 1 0 337.702</rotate>
                                                        <rotate sid="rotateX">1 0 0 -0.272519</rotate>
                                                        <rotate sid="rotateZ">0 0 1 -0.664477</rotate>
                                                        <scale sid="scale">1 1 1</scale>
                                                        <node id="ID131" name="Hair_L02_end" sid="joint64" type="JOINT">
                                                            <translate sid="translate">-6.14501e-009 0.30178 4.09881e-009</translate>
                                                            <rotate sid="rotateY">0 1 0 -0</rotate>
                                                            <rotate sid="rotateX">1 0 0 0</rotate>
                                                            <rotate sid="rotateZ">0 0 1 -0</rotate>
                                                            <scale sid="scale">1 1 1</scale>
                                                        </node>
                                                    </node>
                                                </node>
                                                <node id="ID132" name="Hair_R01" sid="joint65" type="JOINT">
                                                    <translate sid="translate">-0.372 0.300001 -9.72736e-009</translate>
                                                    <rotate sid="rotateY">0 1 0 178.691</rotate>
                                                    <rotate sid="rotateX">1 0 0 10.419</rotate>
                                                    <rotate sid="rotateZ">0 0 1 -277.201</rotate>
                                                    <scale sid="scale">1 1 1</scale>
                                                    <node id="ID133" name="Hair_R02" sid="joint66" type="JOINT">
                                                        <translate sid="translate">-0.301777 8.60538e-008 -7.22241e-007</translate>
                                                        <rotate sid="rotateY">0 1 0 337.702</rotate>
                                                        <rotate sid="rotateX">1 0 0 -0.27252</rotate>
                                                        <rotate sid="rotateZ">0 0 1 -0.664483</rotate>
                                                        <scale sid="scale">1 1 1</scale>
                                                        <node id="ID134" name="Hair_R02_end" sid="joint67" type="JOINT">
                                                            <translate sid="translate">-6.14498e-009 0.301777 4.0324e-009</translate>
                                                            <rotate sid="rotateY">0 1 0 1.42965e-014</rotate>
                                                            <rotate sid="rotateX">1 0 0 0</rotate>
                                                            <rotate sid="rotateZ">0 0 1 -0</rotate>
                                                            <scale sid="scale">1 1 1</scale>
                                                        </node>
                                                    </node>
                                                </node>
                                                <node id="ID135" name="Hribbon_L01" sid="joint68" type="JOINT">
                                                    <translate sid="translate">0.527035 0.523788 -0.234292</translate>
                                                    <rotate sid="rotateY">0 1 0 270</rotate>
                                                    <rotate sid="rotateX">1 0 0 -2.79821e-005</rotate>
                                                    <rotate sid="rotateZ">0 0 1 -136.974</rotate>
                                                    <scale sid="scale">1 1 1</scale>
                                                    <node id="ID136" name="Hribbon_L01_end" sid="joint69" type="JOINT">
                                                        <translate sid="translate">-3.49483e-008 0.587729 1.92069e-014</translate>
                                                        <rotate sid="rotateY">0 1 0 1.01778e-013</rotate>
                                                        <rotate sid="rotateX">1 0 0 0</rotate>
                                                        <rotate sid="rotateZ">0 0 1 -0</rotate>
                                                        <scale sid="scale">1 1 1</scale>
                                                    </node>
                                                </node>
                                                <node id="ID137" name="Hribbon_R01" sid="joint70" type="JOINT">
                                                    <translate sid="translate">-0.527035 0.523791 -0.234292</translate>
                                                    <rotate sid="rotateY">0 1 0 270</rotate>
                                                    <rotate sid="rotateX">1 0 0 5.66676e-006</rotate>
                                                    <rotate sid="rotateZ">0 0 1 -316.974</rotate>
                                                    <scale sid="scale">1 1 1</scale>
                                                    <node id="ID138" name="Hribbon_R01_end" sid="joint71" type="JOINT">
                                                        <translate sid="translate">-3.49483e-008 0.587729 -5.21805e-015</translate>
                                                        <rotate sid="rotateY">0 1 0 -0</rotate>
                                                        <rotate sid="rotateX">1 0 0 1.8601e-014</rotate>
                                                        <rotate sid="rotateZ">0 0 1 -0</rotate>
                                                        <scale sid="scale">1 1 1</scale>
                                                    </node>
                                                </node>
                                            </node>
                                        </node>
                                        <node id="ID139" name="R_Shoulder" sid="joint72" type="JOINT">
                                            <translate sid="translate">-0.036 0.0840001 7.55598e-015</translate>
                                            <rotate sid="rotateY">0 1 0 360</rotate>
                                            <rotate sid="rotateX">1 0 0 -7.17533e-012</rotate>
                                            <rotate sid="rotateZ">0 0 1 -0</rotate>
                                            <scale sid="scale">1 1 1</scale>
                                            <node id="ID140" name="R_Arm" sid="joint73" type="JOINT">
                                                <translate sid="translate">-0.144 0.014868 -5.32935e-015</translate>
                                                <rotate sid="rotateY">0 1 0 4.79465e-014</rotate>
                                                <rotate sid="rotateX">1 0 0 3.30778e-012</rotate>
                                                <rotate sid="rotateZ">0 0 1 -0</rotate>
                                                <scale sid="scale">1 1 1</scale>
                                                <node id="ID141" name="R_Arm_2" sid="joint74" type="JOINT">
                                                    <translate sid="translate">-2.08722e-014 -3.77476e-015 -2.22346e-021</translate>
                                                    <rotate sid="rotateY">0 1 0 -0</rotate>
                                                    <rotate sid="rotateX">1 0 0 -5.08889e-014</rotate>
                                                    <rotate sid="rotateZ">0 0 1 -0</rotate>
                                                    <scale sid="scale">1 1 1</scale>
                                                    <node id="ID142" name="R_Arm_2_end" sid="joint75" type="JOINT">
                                                        <translate sid="translate">1.38778e-016 0.154666 2.06829e-017</translate>
                                                        <rotate sid="rotateY">0 1 0 -0</rotate>
                                                        <rotate sid="rotateX">1 0 0 7.58303e-022</rotate>
                                                        <rotate sid="rotateZ">0 0 1 -0</rotate>
                                                        <scale sid="scale">1 1 1</scale>
                                                    </node>
                                                </node>
                                                <node id="ID143" name="R_ForeArm" sid="joint76" type="JOINT">
                                                    <translate sid="translate">-0.3084 -7.15256e-007 -0.024</translate>
                                                    <rotate sid="rotateY">0 1 0 5.04309e-014</rotate>
                                                    <rotate sid="rotateX">1 0 0 0</rotate>
                                                    <rotate sid="rotateZ">0 0 1 -0</rotate>
                                                    <scale sid="scale">1 1 1</scale>
                                                    <node id="ID144" name="R_Hand" sid="joint77" type="JOINT">
                                                        <translate sid="translate">-0.2616 5.96046e-007 0.024</translate>
                                                        <rotate sid="rotateY">0 1 0 360</rotate>
                                                        <rotate sid="rotateX">1 0 0 1.05245e-014</rotate>
                                                        <rotate sid="rotateZ">0 0 1 -360</rotate>
                                                        <scale sid="scale">1 1 1</scale>
                                                        <node id="ID145" name="R_Index01" sid="joint78" type="JOINT">
                                                            <translate sid="translate">-0.10698 1.21275e-007 0.045156</translate>
                                                            <rotate sid="rotateY">0 1 0 -0</rotate>
                                                            <rotate sid="rotateX">1 0 0 -5.08889e-014</rotate>
                                                            <rotate sid="rotateZ">0 0 1 -1.5177e-005</rotate>
                                                            <scale sid="scale">1 1 1</scale>
                                                            <node id="ID146" name="R_Index02" sid="joint79" type="JOINT">
                                                                <translate sid="translate">-0.055536 2.52536e-007 0.00861022</translate>
                                                                <rotate sid="rotateY">0 1 0 6.83175e-014</rotate>
                                                                <rotate sid="rotateX">1 0 0 9.49489e-007</rotate>
                                                                <rotate sid="rotateZ">0 0 1 -360</rotate>
                                                                <scale sid="scale">1 1 1</scale>
                                                                <node id="ID147" name="R_Index02_end" sid="joint80" type="JOINT">
                                                                    <translate sid="translate">-1.22125e-015 0.0561996 -4.85723e-017</translate>
                                                                    <rotate sid="rotateY">0 1 0 -0</rotate>
                                                                    <rotate sid="rotateX">1 0 0 0</rotate>
                                                                    <rotate sid="rotateZ">0 0 1 -0</rotate>
                                                                    <scale sid="scale">1 1 1</scale>
                                                                </node>
                                                            </node>
                                                        </node>
                                                        <node id="ID148" name="R_Middle01" sid="joint81" type="JOINT">
                                                            <translate sid="translate">-0.114 1.23245e-007 -0.0211978</translate>
                                                            <rotate sid="rotateY">0 1 0 -0</rotate>
                                                            <rotate sid="rotateX">1 0 0 -5.08889e-014</rotate>
                                                            <rotate sid="rotateZ">0 0 1 -1.73087e-005</rotate>
                                                            <scale sid="scale">1 1 1</scale>
                                                            <node id="ID149" name="R_Middle02" sid="joint82" type="JOINT">
                                                                <translate sid="translate">-0.0485159 9.90057e-008 -0.00828314</translate>
                                                                <rotate sid="rotateY">0 1 0 1.18786e-013</rotate>
                                                                <rotate sid="rotateX">1 0 0 1.08417e-006</rotate>
                                                                <rotate sid="rotateZ">0 0 1 -360</rotate>
                                                                <scale sid="scale">1 1 1</scale>
                                                                <node id="ID150" name="R_Middle02_end" sid="joint83" type="JOINT">
                                                                    <translate sid="translate">-6.66134e-016 0.0492179 3.46945e-018</translate>
                                                                    <rotate sid="rotateY">0 1 0 -0</rotate>
                                                                    <rotate sid="rotateX">1 0 0 0</rotate>
                                                                    <rotate sid="rotateZ">0 0 1 -0</rotate>
                                                                    <scale sid="scale">1 1 1</scale>
                                                                </node>
                                                            </node>
                                                        </node>
                                                        <node id="ID151" name="R_Thumb" sid="joint84" type="JOINT">
                                                            <translate sid="translate">-0.0480001 1.04724e-007 0.072</translate>
                                                            <rotate sid="rotateY">0 1 0 -0</rotate>
                                                            <rotate sid="rotateX">1 0 0 -5.08889e-014</rotate>
                                                            <rotate sid="rotateZ">0 0 1 -1.2044e-005</rotate>
                                                            <scale sid="scale">1 1 1</scale>
                                                            <node id="ID152" name="R_Thumb_end" sid="joint85" type="JOINT">
                                                                <translate sid="translate">-1.88738e-015 0.106202 1.38778e-017</translate>
                                                                <rotate sid="rotateY">0 1 0 -0</rotate>
                                                                <rotate sid="rotateX">1 0 0 7.58303e-022</rotate>
                                                                <rotate sid="rotateZ">0 0 1 -0</rotate>
                                                                <scale sid="scale">1 1 1</scale>
                                                            </node>
                                                        </node>
                                                    </node>
                                                </node>
                                            </node>
                                        </node>
                                    </node>
                                </node>
                            </node>
                        </node>
                    </node>
                </node>
            </node>
        </visual_scene>
    </library_visual_scenes>
    <scene>
        <instance_visual_scene url="#ID8"/>
    </scene>
</COLLADA>
